TIME   MODE  ANGLE   RATE   RETRACT  CH  SSM  DATA(hex)  SPEED TILLER PEDAL HYD GEAR
  0.00  1      0.00    0.00    1      1    0   0x80000006    0.0   0.00   0.00   3000  0
  0.02  1      0.00    0.00    1      1    0   0x80000006    0.0   0.00   0.00   3000  0
  0.04  1      0.00    0.00    1      1    0   0x80000006    0.0   0.00   0.00   3000  0
  0.06  1      0.00    0.00    1      1    0   0x80000006    0.0   0.00   0.00   3000  0
  0.08  1      0.00    0.00    1      1    0   0x80000006    0.0   0.00   0.00   3000  0
  0.10  1      0.00    0.00    1      1    0   0x80000006    0.0   0.00   0.00   3000  0
  0.12  1      0.00    0.00    1      1    0   0x80000006    0.0   0.00   0.00   3000  0
  0.14  1      0.00    0.00    1      1    0   0x80000006    0.0   0.00   0.00   3000  0
  0.16  1      0.00    0.00    1      1    0   0x80000006    0.0   0.00   0.00   3000  0
  0.18  1      0.00    0.00    1      1    0   0x80000006    0.0   0.00   0.00   3000  0
  0.20  1      0.00    0.00    1      1    0   0x80000006    0.0   0.00   0.00   3000  0
  0.22  1      0.00    0.00    1      1    0   0x80000006    0.0   0.00   0.00   3000  0
  0.24  1      0.00    0.00    1      1    0   0x80000006    0.0   0.00   0.00   3000  0
  0.26  1      0.00    0.00    1      1    0   0x80000006    0.0   0.00   0.00   3000  0
  0.28  1      0.00    0.00    1      1    0   0x80000006    0.0   0.00   0.00   3000  0
  0.30  1      0.00    0.00    1      1    0   0x80000006    0.0   0.00   0.00   3000  0
  0.32  1      0.00    0.00    1      1    0   0x80000006    0.0   0.00   0.00   3000  0
  0.34  1      0.00    0.00    1      1    0   0x80000006    0.0   0.00   0.00   3000  0
  0.36  1      0.00    0.00    1      1    0   0x80000006    0.0   0.00   0.00   3000  0
  0.38  1      0.00    0.00    1      1    0   0x80000006    0.0   0.00   0.00   3000  0
  0.40  1      0.00    0.00    1      1    0   0x80000006    0.0   0.00   0.00   3000  0
  0.42  1      0.00    0.00    1      1    0   0x80000006    0.0   0.00   0.00   3000  0
  0.44  1      0.00    0.00    1      1    0   0x80000006    0.0   0.00   0.00   3000  0
  0.46  1      0.00    0.00    1      1    0   0x80000006    0.0   0.00   0.00   3000  0
  0.48  1      0.00    0.00    1      1    0   0x80000006    0.0   0.00   0.00   3000  0
  0.50  1      0.00    0.00    1      1    0   0x80000006    0.0   0.00   0.00   3000  0
  0.52  1      0.00    0.00    1      1    0   0x80000006    0.0   0.00   0.00   3000  0
  0.54  1      0.00    0.00    1      1    0   0x80000006    0.0   0.00   0.00   3000  0
  0.56  1      0.00    0.00    1      1    0   0x80000006    0.0   0.00   0.00   3000  0
  0.58  1      0.00    0.00    1      1    0   0x80000006    0.0   0.00   0.00   3000  0
  0.60  1      0.00    0.00    1      1    0   0x80000006    0.0   0.00   0.00   3000  0
  0.62  1      0.00    0.00    1      1    0   0x80000006    0.0   0.00   0.00   3000  0
  0.64  1      0.00    0.00    1      1    0   0x80000006    0.0   0.00   0.00   3000  0
  0.66  1      0.00    0.00    1      1    0   0x80000006    0.0   0.00   0.00   3000  0
  0.68  1      0.00    0.00    1      1    0   0x80000006    0.0   0.00   0.00   3000  0
  0.70  1      0.00    0.00    1      1    0   0x80000006    0.0   0.00   0.00   3000  0
  0.72  1      0.00    0.00    1      1    0   0x80000006    0.0   0.00   0.00   3000  0
  0.74  1      0.00    0.00    1      1    0   0x80000006    0.0   0.00   0.00   3000  0
  0.76  1      0.00    0.00    1      1    0   0x80000006    0.0   0.00   0.00   3000  0
  0.78  1      0.00    0.00    1      1    0   0x80000006    0.0   0.00   0.00   3000  0
  0.80  1      0.00    0.00    1      1    0   0x80000006    0.0   0.00   0.00   3000  0
  0.82  1      0.00    0.00    1      1    0   0x80000006    0.0   0.00   0.00   3000  0
  0.84  1      0.00    0.00    1      1    0   0x80000006    0.0   0.00   0.00   3000  0
  0.86  1      0.00    0.00    1      1    0   0x80000006    0.0   0.00   0.00   3000  0
  0.88  1      0.00    0.00    1      1    0   0x80000006    0.0   0.00   0.00   3000  0
  0.90  1      0.00    0.00    1      1    0   0x80000006    0.0   0.00   0.00   3000  0
  0.92  1      0.00    0.00    1      1    0   0x80000006    0.0   0.00   0.00   3000  0
  0.94  1      0.00    0.00    1      1    0   0x80000006    0.0   0.00   0.00   3000  0
  0.96  1      0.00    0.00    1      1    0   0x80000006    0.0   0.00   0.00   3000  0
  0.98  1      0.00    0.00    1      1    0   0x80000006    0.0   0.00   0.00   3000  0
  1.00  1      0.00    0.00    1      1    0   0x80000006    0.0   0.00   0.00   3000  0
  1.02  1      0.00    0.00    1      1    0   0x80000006    0.0   0.00   0.00   3000  0
  1.04  1      0.00    0.00    1      1    0   0x80000006    0.0   0.00   0.00   3000  0
  1.06  1      0.00    0.00    1      1    0   0x80000006    0.0   0.00   0.00   3000  0
  1.08  1      0.00    0.00    1      1    0   0x80000006    0.0   0.00   0.00   3000  0
  1.10  1      0.00    0.00    1      1    0   0x80000006    0.0   0.00   0.00   3000  0
  1.12  1      0.00    0.00    1      1    0   0x80000006    0.0   0.00   0.00   3000  0
  1.14  1      0.00    0.00    1      1    0   0x80000006    0.0   0.00   0.00   3000  0
  1.16  1      0.00    0.00    1      1    0   0x80000006    0.0   0.00   0.00   3000  0
  1.18  1      0.00    0.00    1      1    0   0x80000006    0.0   0.00   0.00   3000  0
  1.20  1      0.00    0.00    1      1    0   0x80000006    0.0   0.00   0.00   3000  0
  1.22  1      0.00    0.00    1      1    0   0x80000006    0.0   0.00   0.00   3000  0
  1.24  1      0.00    0.00    1      1    0   0x80000006    0.0   0.00   0.00   3000  0
  1.26  1      0.00    0.00    1      1    0   0x80000006    0.0   0.00   0.00   3000  0
  1.28  1      0.00    0.00    1      1    0   0x80000006    0.0   0.00   0.00   3000  0
  1.30  1      0.00    0.00    1      1    0   0x80000006    0.0   0.00   0.00   3000  0
  1.32  1      0.00    0.00    1      1    0   0x80000006    0.0   0.00   0.00   3000  0
  1.34  1      0.00    0.00    1      1    0   0x80000006    0.0   0.00   0.00   3000  0
  1.36  1      0.00    0.00    1      1    0   0x80000006    0.0   0.00   0.00   3000  0
  1.38  1      0.00    0.00    1      1    0   0x80000006    0.0   0.00   0.00   3000  0
  1.40  1      0.00    0.00    1      1    0   0x80000006    0.0   0.00   0.00   3000  0
  1.42  1      0.00    0.00    1      1    0   0x80000006    0.0   0.00   0.00   3000  0
  1.44  1      0.00    0.00    1      1    0   0x80000006    0.0   0.00   0.00   3000  0
  1.46  1      0.00    0.00    1      1    0   0x80000006    0.0   0.00   0.00   3000  0
  1.48  1      0.00    0.00    1      1    0   0x80000006    0.0   0.00   0.00   3000  0
  1.50  1      0.00    0.00    1      1    0   0x80000006    0.0   0.00   0.00   3000  0
  1.52  1      0.00    0.00    1      1    0   0x80000006    0.0   0.00   0.00   3000  0
  1.54  1      0.00    0.00    1      1    0   0x80000006    0.0   0.00   0.00   3000  0
  1.56  1      0.00    0.00    1      1    0   0x80000006    0.0   0.00   0.00   3000  0
  1.58  1      0.00    0.00    1      1    0   0x80000006    0.0   0.00   0.00   3000  0
  1.60  1      0.00    0.00    1      1    0   0x80000006    0.0   0.00   0.00   3000  0
  1.62  1      0.00    0.00    1      1    0   0x80000006    0.0   0.00   0.00   3000  0
  1.64  1      0.00    0.00    1      1    0   0x80000006    0.0   0.00   0.00   3000  0
  1.66  1      0.00    0.00    1      1    0   0x80000006    0.0   0.00   0.00   3000  0
  1.68  1      0.00    0.00    1      1    0   0x80000006    0.0   0.00   0.00   3000  0
  1.70  1      0.00    0.00    1      1    0   0x80000006    0.0   0.00   0.00   3000  0
  1.72  1      0.00    0.00    1      1    0   0x80000006    0.0   0.00   0.00   3000  0
  1.74  1      0.00    0.00    1      1    0   0x80000006    0.0   0.00   0.00   3000  0
  1.76  1      0.00    0.00    1      1    0   0x80000006    0.0   0.00   0.00   3000  0
  1.78  1      0.00    0.00    1      1    0   0x80000006    0.0   0.00   0.00   3000  0
  1.80  1      0.00    0.00    1      1    0   0x80000006    0.0   0.00   0.00   3000  0
  1.82  1      0.00    0.00    1      1    0   0x80000006    0.0   0.00   0.00   3000  0
  1.84  1      0.00    0.00    1      1    0   0x80000006    0.0   0.00   0.00   3000  0
  1.86  1      0.00    0.00    1      1    0   0x80000006    0.0   0.00   0.00   3000  0
  1.88  1      0.00    0.00    1      1    0   0x80000006    0.0   0.00   0.00   3000  0
  1.90  1      0.00    0.00    1      1    0   0x80000006    0.0   0.00   0.00   3000  0
  1.92  1      0.00    0.00    1      1    0   0x80000006    0.0   0.00   0.00   3000  0
  1.94  1      0.00    0.00    1      1    0   0x80000006    0.0   0.00   0.00   3000  0
  1.96  1      0.00    0.00    1      1    0   0x80000006    0.0   0.00   0.00   3000  0
  1.98  1      0.00    0.00    1      1    0   0x80000006    0.0   0.00   0.00   3000  0
  2.00  1      0.00    0.00    1      1    0   0x80000006    0.0   0.00   0.00   3000  0
  2.02  1      0.00    0.00    1      1    0   0x80000006    0.0   0.00   0.00   3000  0
  2.04  1      0.00    0.00    1      1    0   0x80000006    0.0   0.00   0.00   3000  0
  2.06  1      0.00    0.00    1      1    0   0x80000006    0.0   0.00   0.00   3000  0
  2.08  1      0.00    0.00    1      1    0   0x80000006    0.0   0.00   0.00   3000  0
  2.10  1      0.00    0.00    1      1    0   0x80000006    0.0   0.00   0.00   3000  0
  2.12  1      0.00    0.00    1      1    0   0x80000006    0.0   0.00   0.00   3000  0
  2.14  1      0.00    0.00    1      1    0   0x80000006    0.0   0.00   0.00   3000  0
  2.16  1      0.00    0.00    1      1    0   0x80000006    0.0   0.00   0.00   3000  0
  2.18  1      0.00    0.00    1      1    0   0x80000006    0.0   0.00   0.00   3000  0
  2.20  1      0.00    0.00    1      1    0   0x80000006    0.0   0.00   0.00   3000  0
  2.22  1      0.00    0.00    1      1    0   0x80000006    0.0   0.00   0.00   3000  0
  2.24  1      0.00    0.00    1      1    0   0x80000006    0.0   0.00   0.00   3000  0
  2.26  1      0.00    0.00    1      1    0   0x80000006    0.0   0.00   0.00   3000  0
  2.28  1      0.00    0.00    1      1    0   0x80000006    0.0   0.00   0.00   3000  0
  2.30  1      0.00    0.00    1      1    0   0x80000006    0.0   0.00   0.00   3000  0
  2.32  1      0.00    0.00    1      1    0   0x80000006    0.0   0.00   0.00   3000  0
  2.34  1      0.00    0.00    1      1    0   0x80000006    0.0   0.00   0.00   3000  0
  2.36  1      0.00    0.00    1      1    0   0x80000006    0.0   0.00   0.00   3000  0
  2.38  1      0.00    0.00    1      1    0   0x80000006    0.0   0.00   0.00   3000  0
  2.40  1      0.00    0.00    1      1    0   0x80000006    0.0   0.00   0.00   3000  0
  2.42  1      0.00    0.00    1      1    0   0x80000006    0.0   0.00   0.00   3000  0
  2.44  1      0.00    0.00    1      1    0   0x80000006    0.0   0.00   0.00   3000  0
  2.46  1      0.00    0.00    1      1    0   0x80000006    0.0   0.00   0.00   3000  0
  2.48  1      0.00    0.00    1      1    0   0x80000006    0.0   0.00   0.00   3000  0
  2.50  1      0.00    0.00    1      1    0   0x80000006    0.0   0.00   0.00   3000  0
  2.52  1      0.00    0.00    1      1    0   0x80000006    0.0   0.00   0.00   3000  0
  2.54  1      0.00    0.00    1      1    0   0x80000006    0.0   0.00   0.00   3000  0
  2.56  1      0.00    0.00    1      1    0   0x80000006    0.0   0.00   0.00   3000  0
  2.58  1      0.00    0.00    1      1    0   0x80000006    0.0   0.00   0.00   3000  0
  2.60  1      0.00    0.00    1      1    0   0x80000006    0.0   0.00   0.00   3000  0
  2.62  1      0.00    0.00    1      1    0   0x80000006    0.0   0.00   0.00   3000  0
  2.64  1      0.00    0.00    1      1    0   0x80000006    0.0   0.00   0.00   3000  0
  2.66  1      0.00    0.00    1      1    0   0x80000006    0.0   0.00   0.00   3000  0
  2.68  1      0.00    0.00    1      1    0   0x80000006    0.0   0.00   0.00   3000  0
  2.70  1      0.00    0.00    1      1    0   0x80000006    0.0   0.00   0.00   3000  0
  2.72  1      0.00    0.00    1      1    0   0x80000006    0.0   0.00   0.00   3000  0
  2.74  1      0.00    0.00    1      1    0   0x80000006    0.0   0.00   0.00   3000  0
  2.76  1      0.00    0.00    1      1    0   0x80000006    0.0   0.00   0.00   3000  0
  2.78  1      0.00    0.00    1      1    0   0x80000006    0.0   0.00   0.00   3000  0
  2.80  1      0.00    0.00    1      1    0   0x80000006    0.0   0.00   0.00   3000  0
  2.82  1      0.00    0.00    1      1    0   0x80000006    0.0   0.00   0.00   3000  0
  2.84  1      0.00    0.00    1      1    0   0x80000006    0.0   0.00   0.00   3000  0
  2.86  1      0.00    0.00    1      1    0   0x80000006    0.0   0.00   0.00   3000  0
  2.88  1      0.00    0.00    1      1    0   0x80000006    0.0   0.00   0.00   3000  0
  2.90  1      0.00    0.00    1      1    0   0x80000006    0.0   0.00   0.00   3000  0
  2.92  1      0.00    0.00    1      1    0   0x80000006    0.0   0.00   0.00   3000  0
  2.94  1      0.00    0.00    1      1    0   0x80000006    0.0   0.00   0.00   3000  0
  2.96  1      0.00    0.00    1      1    0   0x80000006    0.0   0.00   0.00   3000  0
  2.98  1      0.00    0.00    1      1    0   0x80000006    0.0   0.00   0.00   3000  0
  3.00  1      0.00    0.00    1      1    0   0x80000006    0.0   0.00   0.00   3000  0
  3.02  1      0.00    0.00    1      1    0   0x80000006    0.0   0.00   0.00   3000  0
  3.04  1      0.00    0.00    1      1    0   0x80000006    0.0   0.00   0.00   3000  0
  3.06  1      0.00    0.00    1      1    0   0x80000006    0.0   0.00   0.00   3000  0
  3.08  1      0.00    0.00    1      1    0   0x80000006    0.0   0.00   0.00   3000  0
  3.10  1      0.00    0.00    1      1    0   0x80000006    0.0   0.00   0.00   3000  0
  3.12  1      0.00    0.00    1      1    0   0x80000006    0.0   0.00   0.00   3000  0
  3.14  1      0.00    0.00    1      1    0   0x80000006    0.0   0.00   0.00   3000  0
  3.16  1      0.00    0.00    1      1    0   0x80000006    0.0   0.00   0.00   3000  0
  3.18  1      0.00    0.00    1      1    0   0x80000006    0.0   0.00   0.00   3000  0
  3.20  1      0.00    0.00    1      1    0   0x80000006    0.0   0.00   0.00   3000  0
  3.22  1      0.00    0.00    1      1    0   0x80000006    0.0   0.00   0.00   3000  0
  3.24  1      0.00    0.00    1      1    0   0x80000006    0.0   0.00   0.00   3000  0
  3.26  1      0.00    0.00    1      1    0   0x80000006    0.0   0.00   0.00   3000  0
  3.28  1      0.00    0.00    1      1    0   0x80000006    0.0   0.00   0.00   3000  0
  3.30  1      0.00    0.00    1      1    0   0x80000006    0.0   0.00   0.00   3000  0
  3.32  1      0.00    0.00    1      1    0   0x80000006    0.0   0.00   0.00   3000  0
  3.34  1      0.00    0.00    1      1    0   0x80000006    0.0   0.00   0.00   3000  0
  3.36  1      0.00    0.00    1      1    0   0x80000006    0.0   0.00   0.00   3000  0
  3.38  1      0.00    0.00    1      1    0   0x80000006    0.0   0.00   0.00   3000  0
  3.40  1      0.00    0.00    1      1    0   0x80000006    0.0   0.00   0.00   3000  0
  3.42  1      0.00    0.00    1      1    0   0x80000006    0.0   0.00   0.00   3000  0
  3.44  1      0.00    0.00    1      1    0   0x80000006    0.0   0.00   0.00   3000  0
  3.46  1      0.00    0.00    1      1    0   0x80000006    0.0   0.00   0.00   3000  0
  3.48  1      0.00    0.00    1      1    0   0x80000006    0.0   0.00   0.00   3000  0
  3.50  1      0.00    0.00    1      1    0   0x80000006    0.0   0.00   0.00   3000  0
  3.52  1      0.00    0.00    1      1    0   0x80000006    0.0   0.00   0.00   3000  0
  3.54  1      0.00    0.00    1      1    0   0x80000006    0.0   0.00   0.00   3000  0
  3.56  1      0.00    0.00    1      1    0   0x80000006    0.0   0.00   0.00   3000  0
  3.58  1      0.00    0.00    1      1    0   0x80000006    0.0   0.00   0.00   3000  0
  3.60  1      0.00    0.00    1      1    0   0x80000006    0.0   0.00   0.00   3000  0
  3.62  1      0.00    0.00    1      1    0   0x80000006    0.0   0.00   0.00   3000  0
  3.64  1      0.00    0.00    1      1    0   0x80000006    0.0   0.00   0.00   3000  0
  3.66  1      0.00    0.00    1      1    0   0x80000006    0.0   0.00   0.00   3000  0
  3.68  1      0.00    0.00    1      1    0   0x80000006    0.0   0.00   0.00   3000  0
  3.70  1      0.00    0.00    1      1    0   0x80000006    0.0   0.00   0.00   3000  0
  3.72  1      0.00    0.00    1      1    0   0x80000006    0.0   0.00   0.00   3000  0
  3.74  1      0.00    0.00    1      1    0   0x80000006    0.0   0.00   0.00   3000  0
  3.76  1      0.00    0.00    1      1    0   0x80000006    0.0   0.00   0.00   3000  0
  3.78  1      0.00    0.00    1      1    0   0x80000006    0.0   0.00   0.00   3000  0
  3.80  1      0.00    0.00    1      1    0   0x80000006    0.0   0.00   0.00   3000  0
  3.82  1      0.00    0.00    1      1    0   0x80000006    0.0   0.00   0.00   3000  0
  3.84  1      0.00    0.00    1      1    0   0x80000006    0.0   0.00   0.00   3000  0
  3.86  1      0.00    0.00    1      1    0   0x80000006    0.0   0.00   0.00   3000  0
  3.88  1      0.00    0.00    1      1    0   0x80000006    0.0   0.00   0.00   3000  0
  3.90  1      0.00    0.00    1      1    0   0x80000006    0.0   0.00   0.00   3000  0
  3.92  1      0.00    0.00    1      1    0   0x80000006    0.0   0.00   0.00   3000  0
  3.94  1      0.00    0.00    1      1    0   0x80000006    0.0   0.00   0.00   3000  0
  3.96  1      0.00    0.00    1      1    0   0x80000006    0.0   0.00   0.00   3000  0
  3.98  1      0.00    0.00    1      1    0   0x80000006    0.0   0.00   0.00   3000  0
  4.00  1      0.00    0.00    1      1    0   0x80000006    0.0   0.00   0.00   3000  0
  4.02  1      0.00    0.00    1      1    0   0x80000006    0.0   0.00   0.00   3000  0
  4.04  1      0.00    0.00    1      1    0   0x80000006    0.0   0.00   0.00   3000  0
  4.06  1      0.00    0.00    1      1    0   0x80000006    0.0   0.00   0.00   3000  0
  4.08  1      0.00    0.00    1      1    0   0x80000006    0.0   0.00   0.00   3000  0
  4.10  1      0.00    0.00    1      1    0   0x80000006    0.0   0.00   0.00   3000  0
  4.12  1      0.00    0.00    1      1    0   0x80000006    0.0   0.00   0.00   3000  0
  4.14  1      0.00    0.00    1      1    0   0x80000006    0.0   0.00   0.00   3000  0
  4.16  1      0.00    0.00    1      1    0   0x80000006    0.0   0.00   0.00   3000  0
  4.18  1      0.00    0.00    1      1    0   0x80000006    0.0   0.00   0.00   3000  0
  4.20  1      0.00    0.00    1      1    0   0x80000006    0.0   0.00   0.00   3000  0
  4.22  1      0.00    0.00    1      1    0   0x80000006    0.0   0.00   0.00   3000  0
  4.24  1      0.00    0.00    1      1    0   0x80000006    0.0   0.00   0.00   3000  0
  4.26  1      0.00    0.00    1      1    0   0x80000006    0.0   0.00   0.00   3000  0
  4.28  1      0.00    0.00    1      1    0   0x80000006    0.0   0.00   0.00   3000  0
  4.30  1      0.00    0.00    1      1    0   0x80000006    0.0   0.00   0.00   3000  0
  4.32  1      0.00    0.00    1      1    0   0x80000006    0.0   0.00   0.00   3000  0
  4.34  1      0.00    0.00    1      1    0   0x80000006    0.0   0.00   0.00   3000  0
  4.36  1      0.00    0.00    1      1    0   0x80000006    0.0   0.00   0.00   3000  0
  4.38  1      0.00    0.00    1      1    0   0x80000006    0.0   0.00   0.00   3000  0
  4.40  1      0.00    0.00    1      1    0   0x80000006    0.0   0.00   0.00   3000  0
  4.42  1      0.00    0.00    1      1    0   0x80000006    0.0   0.00   0.00   3000  0
  4.44  1      0.00    0.00    1      1    0   0x80000006    0.0   0.00   0.00   3000  0
  4.46  1      0.00    0.00    1      1    0   0x80000006    0.0   0.00   0.00   3000  0
  4.48  1      0.00    0.00    1      1    0   0x80000006    0.0   0.00   0.00   3000  0
  4.50  1      0.00    0.00    1      1    0   0x80000006    0.0   0.00   0.00   3000  0
  4.52  1      0.00    0.00    1      1    0   0x80000006    0.0   0.00   0.00   3000  0
  4.54  1      0.00    0.00    1      1    0   0x80000006    0.0   0.00   0.00   3000  0
  4.56  1      0.00    0.00    1      1    0   0x80000006    0.0   0.00   0.00   3000  0
  4.58  1      0.00    0.00    1      1    0   0x80000006    0.0   0.00   0.00   3000  0
  4.60  1      0.00    0.00    1      1    0   0x80000006    0.0   0.00   0.00   3000  0
  4.62  1      0.00    0.00    1      1    0   0x80000006    0.0   0.00   0.00   3000  0
  4.64  1      0.00    0.00    1      1    0   0x80000006    0.0   0.00   0.00   3000  0
  4.66  1      0.00    0.00    1      1    0   0x80000006    0.0   0.00   0.00   3000  0
  4.68  1      0.00    0.00    1      1    0   0x80000006    0.0   0.00   0.00   3000  0
  4.70  1      0.00    0.00    1      1    0   0x80000006    0.0   0.00   0.00   3000  0
  4.72  1      0.00    0.00    1      1    0   0x80000006    0.0   0.00   0.00   3000  0
  4.74  1      0.00    0.00    1      1    0   0x80000006    0.0   0.00   0.00   3000  0
  4.76  1      0.00    0.00    1      1    0   0x80000006    0.0   0.00   0.00   3000  0
  4.78  1      0.00    0.00    1      1    0   0x80000006    0.0   0.00   0.00   3000  0
  4.80  1      0.00    0.00    1      1    0   0x80000006    0.0   0.00   0.00   3000  0
  4.82  1      0.00    0.00    1      1    0   0x80000006    0.0   0.00   0.00   3000  0
  4.84  1      0.00    0.00    1      1    0   0x80000006    0.0   0.00   0.00   3000  0
  4.86  1      0.00    0.00    1      1    0   0x80000006    0.0   0.00   0.00   3000  0
  4.88  1      0.00    0.00    1      1    0   0x80000006    0.0   0.00   0.00   3000  0
  4.90  1      0.00    0.00    1      1    0   0x80000006    0.0   0.00   0.00   3000  0
  4.92  1      0.00    0.00    1      1    0   0x80000006    0.0   0.00   0.00   3000  0
  4.94  1      0.00    0.00    1      1    0   0x80000006    0.0   0.00   0.00   3000  0
  4.96  1      0.00    0.00    1      1    0   0x80000006    0.0   0.00   0.00   3000  0
  4.98  1      0.00    0.00    1      1    0   0x80000006    0.0   0.00   0.00   3000  0
  5.00  1      0.00    0.00    1      1    0   0x80000006    0.0   0.00   0.00   3000  0
  5.02  1      0.00    0.00    1      1    0   0x80000006    0.0   0.00   0.00   3000  0
  5.04  1      0.00    0.00    1      1    0   0x80000006    0.0   0.00   0.00   3000  0
  5.06  1      0.00    0.00    1      1    0   0x80000006    0.0   0.00   0.00   3000  0
  5.08  1      0.00    0.00    1      1    0   0x80000006    0.0   0.00   0.00   3000  0
  5.10  1      0.00    0.00    1      1    0   0x80000006    0.0   0.00   0.00   3000  0
  5.12  1      0.00    0.00    1      1    0   0x80000006    0.0   0.00   0.00   3000  0
  5.14  1      0.00    0.00    1      1    0   0x80000006    0.0   0.00   0.00   3000  0
  5.16  1      0.00    0.00    1      1    0   0x80000006    0.0   0.00   0.00   3000  0
  5.18  1      0.00    0.00    1      1    0   0x80000006    0.0   0.00   0.00   3000  0
  5.20  1      0.00    0.00    1      1    0   0x80000006    0.0   0.00   0.00   3000  0
  5.22  1      0.00    0.00    1      1    0   0x80000006    0.0   0.00   0.00   3000  0
  5.24  1      0.00    0.00    1      1    0   0x80000006    0.0   0.00   0.00   3000  0
  5.26  1      0.00    0.00    1      1    0   0x80000006    0.0   0.00   0.00   3000  0
  5.28  1      0.00    0.00    1      1    0   0x80000006    0.0   0.00   0.00   3000  0
  5.30  1      0.00    0.00    1      1    0   0x80000006    0.0   0.00   0.00   3000  0
  5.32  1      0.00    0.00    1      1    0   0x80000006    0.0   0.00   0.00   3000  0
  5.34  1      0.00    0.00    1      1    0   0x80000006    0.0   0.00   0.00   3000  0
  5.36  1      0.00    0.00    1      1    0   0x80000006    0.0   0.00   0.00   3000  0
  5.38  1      0.00    0.00    1      1    0   0x80000006    0.0   0.00   0.00   3000  0
  5.40  1      0.00    0.00    1      1    0   0x80000006    0.0   0.00   0.00   3000  0
  5.42  1      0.00    0.00    1      1    0   0x80000006    0.0   0.00   0.00   3000  0
  5.44  1      0.00    0.00    1      1    0   0x80000006    0.0   0.00   0.00   3000  0
  5.46  1      0.00    0.00    1      1    0   0x80000006    0.0   0.00   0.00   3000  0
  5.48  1      0.00    0.00    1      1    0   0x80000006    0.0   0.00   0.00   3000  0
  5.50  1      0.00    0.00    1      1    0   0x80000006    0.0   0.00   0.00   3000  0
  5.52  1      0.00    0.00    1      1    0   0x80000006    0.0   0.00   0.00   3000  0
  5.54  1      0.00    0.00    1      1    0   0x80000006    0.0   0.00   0.00   3000  0
  5.56  1      0.00    0.00    1      1    0   0x80000006    0.0   0.00   0.00   3000  0
  5.58  1      0.00    0.00    1      1    0   0x80000006    0.0   0.00   0.00   3000  0
  5.60  1      0.00    0.00    1      1    0   0x80000006    0.0   0.00   0.00   3000  0
  5.62  1      0.00    0.00    1      1    0   0x80000006    0.0   0.00   0.00   3000  0
  5.64  1      0.00    0.00    1      1    0   0x80000006    0.0   0.00   0.00   3000  0
  5.66  1      0.00    0.00    1      1    0   0x80000006    0.0   0.00   0.00   3000  0
  5.68  1      0.00    0.00    1      1    0   0x80000006    0.0   0.00   0.00   3000  0
  5.70  1      0.00    0.00    1      1    0   0x80000006    0.0   0.00   0.00   3000  0
  5.72  1      0.00    0.00    1      1    0   0x80000006    0.0   0.00   0.00   3000  0
  5.74  1      0.00    0.00    1      1    0   0x80000006    0.0   0.00   0.00   3000  0
  5.76  1      0.00    0.00    1      1    0   0x80000006    0.0   0.00   0.00   3000  0
  5.78  1      0.00    0.00    1      1    0   0x80000006    0.0   0.00   0.00   3000  0
  5.80  1      0.00    0.00    1      1    0   0x80000006    0.0   0.00   0.00   3000  0
  5.82  1      0.00    0.00    1      1    0   0x80000006    0.0   0.00   0.00   3000  0
  5.84  1      0.00    0.00    1      1    0   0x80000006    0.0   0.00   0.00   3000  0
  5.86  1      0.00    0.00    1      1    0   0x80000006    0.0   0.00   0.00   3000  0
  5.88  1      0.00    0.00    1      1    0   0x80000006    0.0   0.00   0.00   3000  0
  5.90  1      0.00    0.00    1      1    0   0x80000006    0.0   0.00   0.00   3000  0
  5.92  1      0.00    0.00    1      1    0   0x80000006    0.0   0.00   0.00   3000  0
  5.94  1      0.00    0.00    1      1    0   0x80000006    0.0   0.00   0.00   3000  0
  5.96  1      0.00    0.00    1      1    0   0x80000006    0.0   0.00   0.00   3000  0
  5.98  1      0.00    0.00    1      1    0   0x80000006    0.0   0.00   0.00   3000  0
  6.00  1      0.00    0.00    1      1    0   0x80000006    0.0   0.00   0.00   3000  0
  6.02  1      0.00    0.00    1      1    0   0x80000006    0.0   0.00   0.00   3000  0
  6.04  1      0.00    0.00    1      1    0   0x80000006    0.0   0.00   0.00   3000  0
  6.06  1      0.00    0.00    1      1    0   0x80000006    0.0   0.00   0.00   3000  0
  6.08  1      0.00    0.00    1      1    0   0x80000006    0.0   0.00   0.00   3000  0
  6.10  1      0.00    0.00    1      1    0   0x80000006    0.0   0.00   0.00   3000  0
  6.12  1      0.00    0.00    1      1    0   0x80000006    0.0   0.00   0.00   3000  0
  6.14  1      0.00    0.00    1      1    0   0x80000006    0.0   0.00   0.00   3000  0
  6.16  1      0.00    0.00    1      1    0   0x80000006    0.0   0.00   0.00   3000  0
  6.18  1      0.00    0.00    1      1    0   0x80000006    0.0   0.00   0.00   3000  0
  6.20  1      0.00    0.00    1      1    0   0x80000006    0.0   0.00   0.00   3000  0
  6.22  1      0.00    0.00    1      1    0   0x80000006    0.0   0.00   0.00   3000  0
  6.24  1      0.00    0.00    1      1    0   0x80000006    0.0   0.00   0.00   3000  0
  6.26  1      0.00    0.00    1      1    0   0x80000006    0.0   0.00   0.00   3000  0
  6.28  1      0.00    0.00    1      1    0   0x80000006    0.0   0.00   0.00   3000  0
  6.30  1      0.00    0.00    1      1    0   0x80000006    0.0   0.00   0.00   3000  0
  6.32  1      0.00    0.00    1      1    0   0x80000006    0.0   0.00   0.00   3000  0
  6.34  1      0.00    0.00    1      1    0   0x80000006    0.0   0.00   0.00   3000  0
  6.36  1      0.00    0.00    1      1    0   0x80000006    0.0   0.00   0.00   3000  0
  6.38  1      0.00    0.00    1      1    0   0x80000006    0.0   0.00   0.00   3000  0
  6.40  1      0.00    0.00    1      1    0   0x80000006    0.0   0.00   0.00   3000  0
  6.42  1      0.00    0.00    1      1    0   0x80000006    0.0   0.00   0.00   3000  0
  6.44  1      0.00    0.00    1      1    0   0x80000006    0.0   0.00   0.00   3000  0
  6.46  1      0.00    0.00    1      1    0   0x80000006    0.0   0.00   0.00   3000  0
  6.48  1      0.00    0.00    1      1    0   0x80000006    0.0   0.00   0.00   3000  0
  6.50  1      0.00    0.00    1      1    0   0x80000006    0.0   0.00   0.00   3000  0
  6.52  1      0.00    0.00    1      1    0   0x80000006    0.0   0.00   0.00   3000  0
  6.54  1      0.00    0.00    1      1    0   0x80000006    0.0   0.00   0.00   3000  0
  6.56  1      0.00    0.00    1      1    0   0x80000006    0.0   0.00   0.00   3000  0
  6.58  1      0.00    0.00    1      1    0   0x80000006    0.0   0.00   0.00   3000  0
  6.60  1      0.00    0.00    1      1    0   0x80000006    0.0   0.00   0.00   3000  0
  6.62  1      0.00    0.00    1      1    0   0x80000006    0.0   0.00   0.00   3000  0
  6.64  1      0.00    0.00    1      1    0   0x80000006    0.0   0.00   0.00   3000  0
  6.66  1      0.00    0.00    1      1    0   0x80000006    0.0   0.00   0.00   3000  0
  6.68  1      0.00    0.00    1      1    0   0x80000006    0.0   0.00   0.00   3000  0
  6.70  1      0.00    0.00    1      1    0   0x80000006    0.0   0.00   0.00   3000  0
  6.72  1      0.00    0.00    1      1    0   0x80000006    0.0   0.00   0.00   3000  0
  6.74  1      0.00    0.00    1      1    0   0x80000006    0.0   0.00   0.00   3000  0
  6.76  1      0.00    0.00    1      1    0   0x80000006    0.0   0.00   0.00   3000  0
  6.78  1      0.00    0.00    1      1    0   0x80000006    0.0   0.00   0.00   3000  0
  6.80  1      0.00    0.00    1      1    0   0x80000006    0.0   0.00   0.00   3000  0
  6.82  1      0.00    0.00    1      1    0   0x80000006    0.0   0.00   0.00   3000  0
  6.84  1      0.00    0.00    1      1    0   0x80000006    0.0   0.00   0.00   3000  0
  6.86  1      0.00    0.00    1      1    0   0x80000006    0.0   0.00   0.00   3000  0
  6.88  1      0.00    0.00    1      1    0   0x80000006    0.0   0.00   0.00   3000  0
  6.90  1      0.00    0.00    1      1    0   0x80000006    0.0   0.00   0.00   3000  0
  6.92  1      0.00    0.00    1      1    0   0x80000006    0.0   0.00   0.00   3000  0
  6.94  1      0.00    0.00    1      1    0   0x80000006    0.0   0.00   0.00   3000  0
  6.96  1      0.00    0.00    1      1    0   0x80000006    0.0   0.00   0.00   3000  0
  6.98  1      0.00    0.00    1      1    0   0x80000006    0.0   0.00   0.00   3000  0
  7.00  1      0.00    0.00    1      1    0   0x80000006    0.0   0.00   0.00   3000  0
  7.02  1      0.00    0.00    1      1    0   0x80000006    0.0   0.00   0.00   3000  0
  7.04  1      0.00    0.00    1      1    0   0x80000006    0.0   0.00   0.00   3000  0
  7.06  1      0.00    0.00    1      1    0   0x80000006    0.0   0.00   0.00   3000  0
  7.08  1      0.00    0.00    1      1    0   0x80000006    0.0   0.00   0.00   3000  0
  7.10  1      0.00    0.00    1      1    0   0x80000006    0.0   0.00   0.00   3000  0
  7.12  1      0.00    0.00    1      1    0   0x80000006    0.0   0.00   0.00   3000  0
  7.14  1      0.00    0.00    1      1    0   0x80000006    0.0   0.00   0.00   3000  0
  7.16  1      0.00    0.00    1      1    0   0x80000006    0.0   0.00   0.00   3000  0
  7.18  1      0.00    0.00    1      1    0   0x80000006    0.0   0.00   0.00   3000  0
  7.20  1      0.00    0.00    1      1    0   0x80000006    0.0   0.00   0.00   3000  0
  7.22  1      0.00    0.00    1      1    0   0x80000006    0.0   0.00   0.00   3000  0
  7.24  1      0.00    0.00    1      1    0   0x80000006    0.0   0.00   0.00   3000  0
  7.26  1      0.00    0.00    1      1    0   0x80000006    0.0   0.00   0.00   3000  0
  7.28  1      0.00    0.00    1      1    0   0x80000006    0.0   0.00   0.00   3000  0
  7.30  1      0.00    0.00    1      1    0   0x80000006    0.0   0.00   0.00   3000  0
  7.32  1      0.00    0.00    1      1    0   0x80000006    0.0   0.00   0.00   3000  0
  7.34  1      0.00    0.00    1      1    0   0x80000006    0.0   0.00   0.00   3000  0
  7.36  1      0.00    0.00    1      1    0   0x80000006    0.0   0.00   0.00   3000  0
  7.38  1      0.00    0.00    1      1    0   0x80000006    0.0   0.00   0.00   3000  0
  7.40  1      0.00    0.00    1      1    0   0x80000006    0.0   0.00   0.00   3000  0
  7.42  1      0.00    0.00    1      1    0   0x80000006    0.0   0.00   0.00   3000  0
  7.44  1      0.00    0.00    1      1    0   0x80000006    0.0   0.00   0.00   3000  0
  7.46  1      0.00    0.00    1      1    0   0x80000006    0.0   0.00   0.00   3000  0
  7.48  1      0.00    0.00    1      1    0   0x80000006    0.0   0.00   0.00   3000  0
  7.50  1      0.00    0.00    1      1    0   0x80000006    0.0   0.00   0.00   3000  0
  7.52  1      0.00    0.00    1      1    0   0x80000006    0.0   0.00   0.00   3000  0
  7.54  1      0.00    0.00    1      1    0   0x80000006    0.0   0.00   0.00   3000  0
  7.56  1      0.00    0.00    1      1    0   0x80000006    0.0   0.00   0.00   3000  0
  7.58  1      0.00    0.00    1      1    0   0x80000006    0.0   0.00   0.00   3000  0
  7.60  1      0.00    0.00    1      1    0   0x80000006    0.0   0.00   0.00   3000  0
  7.62  1      0.00    0.00    1      1    0   0x80000006    0.0   0.00   0.00   3000  0
  7.64  1      0.00    0.00    1      1    0   0x80000006    0.0   0.00   0.00   3000  0
  7.66  1      0.00    0.00    1      1    0   0x80000006    0.0   0.00   0.00   3000  0
  7.68  1      0.00    0.00    1      1    0   0x80000006    0.0   0.00   0.00   3000  0
  7.70  1      0.00    0.00    1      1    0   0x80000006    0.0   0.00   0.00   3000  0
  7.72  1      0.00    0.00    1      1    0   0x80000006    0.0   0.00   0.00   3000  0
  7.74  1      0.00    0.00    1      1    0   0x80000006    0.0   0.00   0.00   3000  0
  7.76  1      0.00    0.00    1      1    0   0x80000006    0.0   0.00   0.00   3000  0
  7.78  1      0.00    0.00    1      1    0   0x80000006    0.0   0.00   0.00   3000  0
  7.80  1      0.00    0.00    1      1    0   0x80000006    0.0   0.00   0.00   3000  0
  7.82  1      0.00    0.00    1      1    0   0x80000006    0.0   0.00   0.00   3000  0
  7.84  1      0.00    0.00    1      1    0   0x80000006    0.0   0.00   0.00   3000  0
  7.86  1      0.00    0.00    1      1    0   0x80000006    0.0   0.00   0.00   3000  0
  7.88  1      0.00    0.00    1      1    0   0x80000006    0.0   0.00   0.00   3000  0
  7.90  1      0.00    0.00    1      1    0   0x80000006    0.0   0.00   0.00   3000  0
  7.92  1      0.00    0.00    1      1    0   0x80000006    0.0   0.00   0.00   3000  0
  7.94  1      0.00    0.00    1      1    0   0x80000006    0.0   0.00   0.00   3000  0
  7.96  1      0.00    0.00    1      1    0   0x80000006    0.0   0.00   0.00   3000  0
  7.98  1      0.00    0.00    1      1    0   0x80000006    0.0   0.00   0.00   3000  0
  8.00  1      0.00    0.00    1      1    0   0x80000006    0.0   0.00   0.00   3000  0
  8.02  1      0.00    0.00    1      1    0   0x80000006    0.0   0.00   0.00   3000  0
  8.04  1      0.00    0.00    1      1    0   0x80000006    0.0   0.00   0.00   3000  0
  8.06  1      0.00    0.00    1      1    0   0x80000006    0.0   0.00   0.00   3000  0
  8.08  1      0.00    0.00    1      1    0   0x80000006    0.0   0.00   0.00   3000  0
  8.10  1      0.00    0.00    1      1    0   0x80000006    0.0   0.00   0.00   3000  0
  8.12  1      0.00    0.00    1      1    0   0x80000006    0.0   0.00   0.00   3000  0
  8.14  1      0.00    0.00    1      1    0   0x80000006    0.0   0.00   0.00   3000  0
  8.16  1      0.00    0.00    1      1    0   0x80000006    0.0   0.00   0.00   3000  0
  8.18  1      0.00    0.00    1      1    0   0x80000006    0.0   0.00   0.00   3000  0
  8.20  1      0.00    0.00    1      1    0   0x80000006    0.0   0.00   0.00   3000  0
  8.22  1      0.00    0.00    1      1    0   0x80000006    0.0   0.00   0.00   3000  0
  8.24  1      0.00    0.00    1      1    0   0x80000006    0.0   0.00   0.00   3000  0
  8.26  1      0.00    0.00    1      1    0   0x80000006    0.0   0.00   0.00   3000  0
  8.28  1      0.00    0.00    1      1    0   0x80000006    0.0   0.00   0.00   3000  0
  8.30  1      0.00    0.00    1      1    0   0x80000006    0.0   0.00   0.00   3000  0
  8.32  1      0.00    0.00    1      1    0   0x80000006    0.0   0.00   0.00   3000  0
  8.34  1      0.00    0.00    1      1    0   0x80000006    0.0   0.00   0.00   3000  0
  8.36  1      0.00    0.00    1      1    0   0x80000006    0.0   0.00   0.00   3000  0
  8.38  1      0.00    0.00    1      1    0   0x80000006    0.0   0.00   0.00   3000  0
  8.40  1      0.00    0.00    1      1    0   0x80000006    0.0   0.00   0.00   3000  0
  8.42  1      0.00    0.00    1      1    0   0x80000006    0.0   0.00   0.00   3000  0
  8.44  1      0.00    0.00    1      1    0   0x80000006    0.0   0.00   0.00   3000  0
  8.46  1      0.00    0.00    1      1    0   0x80000006    0.0   0.00   0.00   3000  0
  8.48  1      0.00    0.00    1      1    0   0x80000006    0.0   0.00   0.00   3000  0
  8.50  1      0.00    0.00    1      1    0   0x80000006    0.0   0.00   0.00   3000  0
  8.52  1      0.00    0.00    1      1    0   0x80000006    0.0   0.00   0.00   3000  0
  8.54  1      0.00    0.00    1      1    0   0x80000006    0.0   0.00   0.00   3000  0
  8.56  1      0.00    0.00    1      1    0   0x80000006    0.0   0.00   0.00   3000  0
  8.58  1      0.00    0.00    1      1    0   0x80000006    0.0   0.00   0.00   3000  0
  8.60  1      0.00    0.00    1      1    0   0x80000006    0.0   0.00   0.00   3000  0
  8.62  1      0.00    0.00    1      1    0   0x80000006    0.0   0.00   0.00   3000  0
  8.64  1      0.00    0.00    1      1    0   0x80000006    0.0   0.00   0.00   3000  0
  8.66  1      0.00    0.00    1      1    0   0x80000006    0.0   0.00   0.00   3000  0
  8.68  1      0.00    0.00    1      1    0   0x80000006    0.0   0.00   0.00   3000  0
  8.70  1      0.00    0.00    1      1    0   0x80000006    0.0   0.00   0.00   3000  0
  8.72  1      0.00    0.00    1      1    0   0x80000006    0.0   0.00   0.00   3000  0
  8.74  1      0.00    0.00    1      1    0   0x80000006    0.0   0.00   0.00   3000  0
  8.76  1      0.00    0.00    1      1    0   0x80000006    0.0   0.00   0.00   3000  0
  8.78  1      0.00    0.00    1      1    0   0x80000006    0.0   0.00   0.00   3000  0
  8.80  1      0.00    0.00    1      1    0   0x80000006    0.0   0.00   0.00   3000  0
  8.82  1      0.00    0.00    1      1    0   0x80000006    0.0   0.00   0.00   3000  0
  8.84  1      0.00    0.00    1      1    0   0x80000006    0.0   0.00   0.00   3000  0
  8.86  1      0.00    0.00    1      1    0   0x80000006    0.0   0.00   0.00   3000  0
  8.88  1      0.00    0.00    1      1    0   0x80000006    0.0   0.00   0.00   3000  0
  8.90  1      0.00    0.00    1      1    0   0x80000006    0.0   0.00   0.00   3000  0
  8.92  1      0.00    0.00    1      1    0   0x80000006    0.0   0.00   0.00   3000  0
  8.94  1      0.00    0.00    1      1    0   0x80000006    0.0   0.00   0.00   3000  0
  8.96  1      0.00    0.00    1      1    0   0x80000006    0.0   0.00   0.00   3000  0
  8.98  1      0.00    0.00    1      1    0   0x80000006    0.0   0.00   0.00   3000  0
  9.00  1      0.00    0.00    1      1    0   0x80000006    0.0   0.00   0.00   3000  0
  9.02  1      0.00    0.00    1      1    0   0x80000006    0.0   0.00   0.00   3000  0
  9.04  1      0.00    0.00    1      1    0   0x80000006    0.0   0.00   0.00   3000  0
  9.06  1      0.00    0.00    1      1    0   0x80000006    0.0   0.00   0.00   3000  0
  9.08  1      0.00    0.00    1      1    0   0x80000006    0.0   0.00   0.00   3000  0
  9.10  1      0.00    0.00    1      1    0   0x80000006    0.0   0.00   0.00   3000  0
  9.12  1      0.00    0.00    1      1    0   0x80000006    0.0   0.00   0.00   3000  0
  9.14  1      0.00    0.00    1      1    0   0x80000006    0.0   0.00   0.00   3000  0
  9.16  1      0.00    0.00    1      1    0   0x80000006    0.0   0.00   0.00   3000  0
  9.18  1      0.00    0.00    1      1    0   0x80000006    0.0   0.00   0.00   3000  0
  9.20  1      0.00    0.00    1      1    0   0x80000006    0.0   0.00   0.00   3000  0
  9.22  1      0.00    0.00    1      1    0   0x80000006    0.0   0.00   0.00   3000  0
  9.24  1      0.00    0.00    1      1    0   0x80000006    0.0   0.00   0.00   3000  0
  9.26  1      0.00    0.00    1      1    0   0x80000006    0.0   0.00   0.00   3000  0
  9.28  1      0.00    0.00    1      1    0   0x80000006    0.0   0.00   0.00   3000  0
  9.30  1      0.00    0.00    1      1    0   0x80000006    0.0   0.00   0.00   3000  0
  9.32  1      0.00    0.00    1      1    0   0x80000006    0.0   0.00   0.00   3000  0
  9.34  1      0.00    0.00    1      1    0   0x80000006    0.0   0.00   0.00   3000  0
  9.36  1      0.00    0.00    1      1    0   0x80000006    0.0   0.00   0.00   3000  0
  9.38  1      0.00    0.00    1      1    0   0x80000006    0.0   0.00   0.00   3000  0
  9.40  1      0.00    0.00    1      1    0   0x80000006    0.0   0.00   0.00   3000  0
  9.42  1      0.00    0.00    1      1    0   0x80000006    0.0   0.00   0.00   3000  0
  9.44  1      0.00    0.00    1      1    0   0x80000006    0.0   0.00   0.00   3000  0
  9.46  1      0.00    0.00    1      1    0   0x80000006    0.0   0.00   0.00   3000  0
  9.48  1      0.00    0.00    1      1    0   0x80000006    0.0   0.00   0.00   3000  0
  9.50  1      0.00    0.00    1      1    0   0x80000006    0.0   0.00   0.00   3000  0
  9.52  1      0.00    0.00    1      1    0   0x80000006    0.0   0.00   0.00   3000  0
  9.54  1      0.00    0.00    1      1    0   0x80000006    0.0   0.00   0.00   3000  0
  9.56  1      0.00    0.00    1      1    0   0x80000006    0.0   0.00   0.00   3000  0
  9.58  1      0.00    0.00    1      1    0   0x80000006    0.0   0.00   0.00   3000  0
  9.60  1      0.00    0.00    1      1    0   0x80000006    0.0   0.00   0.00   3000  0
  9.62  1      0.00    0.00    1      1    0   0x80000006    0.0   0.00   0.00   3000  0
  9.64  1      0.00    0.00    1      1    0   0x80000006    0.0   0.00   0.00   3000  0
  9.66  1      0.00    0.00    1      1    0   0x80000006    0.0   0.00   0.00   3000  0
  9.68  1      0.00    0.00    1      1    0   0x80000006    0.0   0.00   0.00   3000  0
  9.70  1      0.00    0.00    1      1    0   0x80000006    0.0   0.00   0.00   3000  0
  9.72  1      0.00    0.00    1      1    0   0x80000006    0.0   0.00   0.00   3000  0
  9.74  1      0.00    0.00    1      1    0   0x80000006    0.0   0.00   0.00   3000  0
  9.76  1      0.00    0.00    1      1    0   0x80000006    0.0   0.00   0.00   3000  0
  9.78  1      0.00    0.00    1      1    0   0x80000006    0.0   0.00   0.00   3000  0
  9.80  1      0.00    0.00    1      1    0   0x80000006    0.0   0.00   0.00   3000  0
  9.82  1      0.00    0.00    1      1    0   0x80000006    0.0   0.00   0.00   3000  0
  9.84  1      0.00    0.00    1      1    0   0x80000006    0.0   0.00   0.00   3000  0
  9.86  1      0.00    0.00    1      1    0   0x80000006    0.0   0.00   0.00   3000  0
  9.88  1      0.00    0.00    1      1    0   0x80000006    0.0   0.00   0.00   3000  0
  9.90  1      0.00    0.00    1      1    0   0x80000006    0.0   0.00   0.00   3000  0
  9.92  1      0.00    0.00    1      1    0   0x80000006    0.0   0.00   0.00   3000  0
  9.94  1      0.00    0.00    1      1    0   0x80000006    0.0   0.00   0.00   3000  0
  9.96  1      0.00    0.00    1      1    0   0x80000006    0.0   0.00   0.00   3000  0
  9.98  1      0.00    0.00    1      1    0   0x80000006    0.0   0.00   0.00   3000  0
 10.00  1      0.00    0.00    1      1    0   0x80000006    0.0  -0.00   0.00   3000  0
 10.02  1     -0.00   -0.23    1      1    0   0x00000106    0.0  -0.00   0.00   3000  0
 10.04  1     -0.02   -0.86    1      1    0   0x80000906    0.0  -0.00   0.00   3000  0
 10.06  1     -0.06   -1.94    1      1    0   0x00001906    0.1  -0.00   0.00   3000  0
 10.08  1     -0.13   -3.39    1      1    0   0x00003106    0.1  -0.00   0.00   3000  0
 10.10  1     -0.23   -5.03    1      1    0   0x80005906    0.1  -0.01   0.00   3000  0
 10.12  1     -0.36   -6.63    1      1    0   0x00009106    0.1  -0.01   0.00   3000  0
 10.14  1     -0.52   -7.99    1      1    0   0x8000D106    0.1  -0.01   0.00   3000  0
 10.16  1     -0.70   -8.94    1      1    0   0x80011906    0.2  -0.01   0.00   3000  0
 10.18  1     -0.89   -9.38    1      1    0   0x80016106    0.2  -0.01   0.00   3000  0
 10.20  1     -1.07   -9.28    1      1    0   0x8001AD06    0.2  -0.01   0.00   3000  0
 10.22  1     -1.25   -8.66    1      1    0   0x8001F106    0.2  -0.01   0.00   3000  0
 10.24  1     -1.40   -7.62    1      1    0   0x00022D06    0.2  -0.01   0.00   3000  0
 10.26  1     -1.53   -6.33    1      1    0   0x80026106    0.3  -0.02   0.00   3000  0
 10.28  1     -1.62   -4.98    1      1    0   0x80028906    0.3  -0.02   0.00   3000  0
 10.30  1     -1.70   -3.76    1      1    0   0x0002A506    0.3  -0.02   0.00   3000  0
 10.32  1     -1.76   -2.80    1      1    0   0x0002BD06    0.3  -0.02   0.00   3000  0
 10.34  1     -1.80   -2.23    1      1    0   0x0002D106    0.3  -0.02   0.00   3000  0
 10.36  1     -1.84   -2.12    1      1    0   0x0002E106    0.4  -0.02   0.00   3000  0
 10.38  1     -1.89   -2.45    1      1    0   0x0002F506    0.4  -0.02   0.00   3000  0
 10.40  1     -1.96   -3.18    1      1    0   0x00030D06    0.4  -0.02   0.00   3000  0
 10.42  1     -2.04   -4.17    0      1    0   0x80032D06    0.4  -0.03   0.00   3000  0
 10.44  1     -2.14   -5.26    0      1    0   0x80035906    0.4  -0.03   0.00   3000  0
 10.46  1     -2.27   -6.33    0      1    0   0x80038D06    0.5  -0.03   0.00   3000  0
 10.48  1     -2.42   -7.24    0      1    0   0x8003C506    0.5  -0.03   0.00   3000  0
 10.50  1     -2.57   -7.87    0      1    0   0x00040506    0.5  -0.03   0.00   3000  0
 10.52  1     -2.74   -8.12    0      1    0   0x80044506    0.5  -0.03   0.00   3000  0
 10.54  1     -2.90   -8.00    0      1    0   0x80048506    0.5  -0.03   0.00   3000  0
 10.56  1     -3.05   -7.53    0      1    0   0x8004C106    0.6  -0.03   0.00   3000  0
 10.58  1     -3.18   -6.81    0      1    0   0x0004F906    0.6  -0.03   0.00   3000  0
 10.60  1     -3.30   -5.94    0      1    0   0x00052906    0.6  -0.04   0.00   3000  0
 10.62  1     -3.40   -5.03    0      1    0   0x00055106    0.6  -0.04   0.00   3000  0
 10.64  1     -3.49   -4.20    0      1    0   0x80057106    0.6  -0.04   0.00   3000  0
 10.66  1     -3.56   -3.57    0      1    0   0x80058D06    0.7  -0.04   0.00   3000  0
 10.68  1     -3.62   -3.23    0      1    0   0x8005A906    0.7  -0.04   0.00   3000  0
 10.70  1     -3.69   -3.20    0      1    0   0x0005C106    0.7  -0.04   0.00   3000  0
 10.72  1     -3.76   -3.46    0      1    0   0x8005DD06    0.7  -0.04   0.00   3000  0
 10.74  1     -3.83   -3.96    0      1    0   0x0005FD06    0.7  -0.04   0.00   3000  0
 10.76  1     -3.93   -4.63    0      1    0   0x80062106    0.8  -0.05   0.00   3000  0
 10.78  1     -4.03   -5.39    0      1    0   0x80064D06    0.8  -0.05   0.00   3000  0
 10.80  1     -4.16   -6.12    0      1    0   0x80067D06    0.8  -0.05   0.00   3000  0
 10.82  1     -4.29   -6.72    0      1    0   0x0006B506    0.8  -0.05   0.00   3000  0
 10.84  1     -4.43   -7.10    0      1    0   0x8006ED06    0.8  -0.05   0.00   3000  0
 10.86  1     -4.58   -7.24    0      1    0   0x80072506    0.9  -0.05   0.00   3000  0
 10.88  1     -4.72   -7.14    0      1    0   0x80076106    0.9  -0.05   0.00   3000  0
 10.90  1     -4.86   -6.82    0      1    0   0x00079506    0.9  -0.05   0.00   3000  0
 10.92  1     -4.98   -6.31    0      1    0   0x0007C906    0.9  -0.06   0.00   3000  0
 10.94  1     -5.10   -5.70    0      1    0   0x0007F506    0.9  -0.06   0.00   3000  0
 10.96  1     -5.20   -5.07    0      1    0   0x00081D06    1.0  -0.06   0.00   3000  0
 10.98  1     -5.29   -4.53    0      1    0   0x00084106    1.0  -0.06   0.00   3000  0
 11.00  1     -5.37   -4.14    0      1    0   0x00086506    1.0  -0.06   0.00   3000  0
 11.02  1     -5.45   -3.93    0      1    0   0x80088506    1.0  -0.06   0.00   3000  0
 11.04  1     -5.53   -3.91    0      1    0   0x8008A106    1.0  -0.06   0.00   3000  0
 11.06  1     -5.61   -4.10    0      1    0   0x0008C506    1.1  -0.06   0.00   3000  0
 11.08  1     -5.70   -4.46    0      1    0   0x8008E906    1.1  -0.06   0.00   3000  0
 11.10  1     -5.80   -4.95    0      1    0   0x00090D06    1.1  -0.07   0.00   3000  0
 11.12  1     -5.91   -5.46    0      1    0   0x80093906    1.1  -0.07   0.00   3000  0
 11.14  1     -6.03   -5.94    0      1    0   0x80096906    1.1  -0.07   0.00   3000  0
 11.16  1     -6.15   -6.32    0      1    0   0x00099D06    1.2  -0.07   0.00   3000  0
 11.18  1     -6.28   -6.57    0      1    0   0x8009D106    1.2  -0.07   0.00   3000  0
 11.20  1     -6.42   -6.66    0      1    0   0x800A0506    1.2  -0.07   0.00   3000  0
 11.22  1     -6.55   -6.57    0      1    0   0x800A3906    1.2  -0.07   0.00   3000  0
 11.24  1     -6.68   -6.32    0      1    0   0x000A6D06    1.2  -0.07   0.00   3000  0
 11.26  1     -6.80   -5.96    0      1    0   0x000A9D06    1.3  -0.08   0.00   3000  0
 11.28  1     -6.91   -5.55    0      1    0   0x800AC906    1.3  -0.08   0.00   3000  0
 11.30  1     -7.01   -5.15    0      1    0   0x000AF106    1.3  -0.08   0.00   3000  0
 11.32  1     -7.11   -4.79    0      1    0   0x800B1906    1.3  -0.08   0.00   3000  0
 11.34  1     -7.20   -4.52    0      1    0   0x800B3D06    1.3  -0.08   0.00   3000  0
 11.36  1     -7.28   -4.38    0      1    0   0x800B6106    1.4  -0.08   0.00   3000  0
 11.38  1     -7.37   -4.40    0      1    0   0x800B8506    1.4  -0.08   0.00   3000  0
 11.40  1     -7.46   -4.56    0      1    0   0x000BA906    1.4  -0.08   0.00   3000  0
 11.42  1     -7.56   -4.81    0      1    0   0x800BCD06    1.4  -0.09   0.00   3000  0
 11.44  1     -7.66   -5.13    0      1    0   0x000BF906    1.4  -0.09   0.00   3000  0
 11.46  1     -7.77   -5.47    0      1    0   0x000C2506    1.5  -0.09   0.00   3000  0
 11.48  1     -7.89   -5.79    0      1    0   0x000C5106    1.5  -0.09   0.00   3000  0
 11.50  1     -8.01   -6.06    0      1    0   0x800C8106    1.5  -0.09   0.00   3000  0
 11.52  1     -8.13   -6.22    0      1    0   0x000CB506    1.5  -0.09   0.00   3000  0
 11.54  1     -8.26   -6.25    0      1    0   0x000CE506    1.5  -0.09   0.00   3000  0
 11.56  1     -8.38   -6.17    0      1    0   0x800D1906    1.6  -0.09   0.00   3000  0
 11.58  1     -8.50   -6.00    0      1    0   0x800D4906    1.6  -0.09   0.00   3000  0
 11.60  1     -8.62   -5.77    0      1    0   0x800D7506    1.6  -0.10   0.00   3000  0
 11.62  1     -8.73   -5.48    0      1    0   0x800DA106    1.6  -0.10   0.00   3000  0
 11.64  1     -8.83   -5.20    0      1    0   0x000DC906    1.6  -0.10   0.00   3000  0
 11.66  1     -8.93   -4.95    0      1    0   0x800DF106    1.7  -0.10   0.00   3000  0
 11.68  1     -9.02   -4.79    0      1    0   0x800E1906    1.7  -0.10   0.00   3000  0
 11.70  1     -9.12   -4.72    0      1    0   0x800E3D06    1.7  -0.10   0.00   3000  0
 11.72  1     -9.21   -4.74    0      1    0   0x000E6506    1.7  -0.10   0.00   3000  0
 11.74  1     -9.31   -4.84    0      1    0   0x000E8D06    1.7  -0.10   0.00   3000  0
 11.76  1     -9.41   -5.01    0      1    0   0x800EB506    1.8  -0.11   0.00   3000  0
 11.78  1     -9.52   -5.24    0      1    0   0x000EDD06    1.8  -0.11   0.00   3000  0
 11.80  1     -9.62   -5.49    0      1    0   0x800F0906    1.8  -0.11   0.00   3000  0
 11.82  1     -9.74   -5.70    0      1    0   0x800F3506    1.8  -0.11   0.00   3000  0
 11.84  1     -9.86   -5.86    0      1    0   0x800F6506    1.8  -0.11   0.00   3000  0
 11.86  1     -9.98   -5.95    0      1    0   0x800F9506    1.9  -0.11   0.00   3000  0
 11.88  1    -10.09   -5.97    0      1    0   0x800FC506    1.9  -0.11   0.00   3000  0
 11.90  1    -10.21   -5.93    0      1    0   0x800FF506    1.9  -0.11   0.00   3000  0
 11.92  1    -10.33   -5.80    0      1    0   0x00102106    1.9  -0.12   0.00   3000  0
 11.94  1    -10.44   -5.63    0      1    0   0x80105106    1.9  -0.12   0.00   3000  0
 11.96  1    -10.55   -5.43    0      1    0   0x00107D06    2.0  -0.12   0.00   3000  0
 11.98  1    -10.66   -5.24    0      1    0   0x0010A506    2.0  -0.12   0.00   3000  0
 12.00  1    -10.76   -5.09    0      1    0   0x8010CD06    2.0  -0.12   0.00   3000  0
 12.02  1    -10.86   -4.99    0      1    0   0x0010F506    2.0  -0.12   0.00   3000  0
 12.04  1    -10.96   -4.93    0      1    0   0x80111D06    2.0  -0.12   0.00   3000  0
 12.06  1    -11.05   -4.95    0      1    0   0x00114506    2.1  -0.12   0.00   3000  0
 12.08  1    -11.15   -5.03    0      1    0   0x00116D06    2.1  -0.12   0.00   3000  0
 12.10  1    -11.26   -5.17    0      1    0   0x80119506    2.1  -0.13   0.00   3000  0
 12.12  1    -11.36   -5.32    0      1    0   0x0011C106    2.1  -0.13   0.00   3000  0
 12.14  1    -11.47   -5.47    0      1    0   0x8011ED06    2.1  -0.13   0.00   3000  0
 12.16  1    -11.59   -5.61    0      1    0   0x00121906    2.2  -0.13   0.00   3000  0
 12.18  1    -11.70   -5.72    0      1    0   0x00124906    2.2  -0.13   0.00   3000  0
 12.20  1    -11.82   -5.79    0      1    0   0x00127506    2.2  -0.13   0.00   3000  0
 12.22  1    -11.93   -5.80    0      1    0   0x8012A506    2.2  -0.13   0.00   3000  0
 12.24  1    -12.05   -5.75    0      1    0   0x8012D106    2.2  -0.13   0.00   3000  0
 12.26  1    -12.16   -5.65    0      1    0   0x80130106    2.3  -0.14   0.00   3000  0
 12.28  1    -12.27   -5.54    0      1    0   0x00132D06    2.3  -0.14   0.00   3000  0
 12.30  1    -12.38   -5.42    0      1    0   0x00135506    2.3  -0.14   0.00   3000  0
 12.32  1    -12.49   -5.29    0      1    0   0x00138106    2.3  -0.14   0.00   3000  0
 12.34  1    -12.59   -5.18    0      1    0   0x0013A906    2.3  -0.14   0.00   3000  0
 12.36  1    -12.69   -5.10    0      1    0   0x8013D506    2.4  -0.14   0.00   3000  0
 12.38  1    -12.79   -5.08    0      1    0   0x8013FD06    2.4  -0.14   0.00   3000  0
 12.40  1    -12.89   -5.11    0      1    0   0x00142506    2.4  -0.14   0.00   3000  0
 12.42  1    -13.00   -5.17    0      1    0   0x80144D06    2.4  -0.15   0.00   3000  0
 12.44  1    -13.10   -5.25    0      1    0   0x00147906    2.4  -0.15   0.00   3000  0
 12.46  1    -13.21   -5.35    0      1    0   0x8014A506    2.5  -0.15   0.00   3000  0
 12.48  1    -13.32   -5.46    0      1    0   0x0014CD06    2.5  -0.15   0.00   3000  0
 12.50  1    -13.43   -5.56    0      1    0   0x0014FD06    2.5  -0.15   0.00   3000  0
 12.52  1    -13.54   -5.64    0      1    0   0x80152906    2.5  -0.15   0.00   3000  0
 12.54  1    -13.66   -5.67    0      1    0   0x00155506    2.5  -0.15   0.00   3000  0
 12.56  1    -13.77   -5.66    0      1    0   0x00158106    2.6  -0.15   0.00   3000  0
 12.58  1    -13.88   -5.63    0      1    0   0x0015B106    2.6  -0.15   0.00   3000  0
 12.60  1    -13.99   -5.58    0      1    0   0x0015DD06    2.6  -0.16   0.00   3000  0
 12.62  1    -14.10   -5.50    0      1    0   0x00160906    2.6  -0.16   0.00   3000  0
 12.64  1    -14.21   -5.40    0      1    0   0x00163506    2.6  -0.16   0.00   3000  0
 12.66  1    -14.32   -5.31    0      1    0   0x80165D06    2.7  -0.16   0.00   3000  0
 12.68  1    -14.42   -5.24    0      1    0   0x80168906    2.7  -0.16   0.00   3000  0
 12.70  1    -14.53   -5.21    0      1    0   0x0016B106    2.7  -0.16   0.00   3000  0
 12.72  1    -14.63   -5.20    0      1    0   0x0016DD06    2.7  -0.16   0.00   3000  0
 12.74  1    -14.74   -5.20    0      1    0   0x80170506    2.7  -0.16   0.00   3000  0
 12.76  1    -14.84   -5.24    0      1    0   0x80172D06    2.8  -0.17   0.00   3000  0
 12.78  1    -14.95   -5.30    0      1    0   0x80175906    2.8  -0.17   0.00   3000  0
 12.80  1    -15.05   -5.39    0      1    0   0x00178506    2.8  -0.17   0.00   3000  0
 12.82  1    -15.16   -5.46    0      1    0   0x8017B106    2.8  -0.17   0.00   3000  0
 12.84  1    -15.27   -5.51    0      1    0   0x8017DD06    2.8  -0.17   0.00   3000  0
 12.86  1    -15.38   -5.55    0      1    0   0x80180906    2.9  -0.17   0.00   3000  0
 12.88  1    -15.50   -5.58    0      1    0   0x80183506    2.9  -0.17   0.00   3000  0
 12.90  1    -15.61   -5.59    0      1    0   0x00186106    2.9  -0.17   0.00   3000  0
 12.92  1    -15.72   -5.56    0      1    0   0x80188D06    2.9  -0.18   0.00   3000  0
 12.94  1    -15.83   -5.51    0      1    0   0x0018B906    2.9  -0.18   0.00   3000  0
 12.96  1    -15.94   -5.45    0      1    0   0x0018E506    3.0  -0.18   0.00   3000  0
 12.98  1    -16.05   -5.39    0      1    0   0x00191106    3.0  -0.18   0.00   3000  0
 13.00  1    -16.15   -5.35    0      1    0   0x80193D06    3.0  -0.18   0.00   3000  0
 13.02  1    -16.26   -5.30    0      1    0   0x00196506    3.0  -0.18   0.00   3000  0
 13.04  1    -16.36   -5.27    0      1    0   0x80199106    3.0  -0.18   0.00   3000  0
 13.06  1    -16.47   -5.25    0      1    0   0x8019B906    3.1  -0.18   0.00   3000  0
 13.08  1    -16.57   -5.27    0      1    0   0x8019E506    3.1  -0.18   0.00   3000  0
 13.10  1    -16.68   -5.31    0      1    0   0x001A1106    3.1  -0.19   0.00   3000  0
 13.12  1    -16.79   -5.35    0      1    0   0x001A3906    3.1  -0.19   0.00   3000  0
 13.14  1    -16.90   -5.39    0      1    0   0x001A6506    3.1  -0.19   0.00   3000  0
 13.16  1    -17.00   -5.44    0      1    0   0x801A9106    3.2  -0.19   0.00   3000  0
 13.18  1    -17.11   -5.48    0      1    0   0x001ABD06    3.2  -0.19   0.00   3000  0
 13.20  1    -17.22   -5.52    0      1    0   0x801AE906    3.2  -0.19   0.00   3000  0
 13.22  1    -17.33   -5.53    0      1    0   0x001B1506    3.2  -0.19   0.00   3000  0
 13.24  1    -17.45   -5.52    0      1    0   0x801B4106    3.2  -0.19   0.00   3000  0
 13.26  1    -17.56   -5.50    0      1    0   0x001B6D06    3.3  -0.20   0.00   3000  0
 13.28  1    -17.66   -5.47    0      1    0   0x801B9906    3.3  -0.20   0.00   3000  0
 13.30  1    -17.77   -5.44    0      1    0   0x801BC506    3.3  -0.20   0.00   3000  0
 13.32  1    -17.88   -5.40    0      1    0   0x001BF106    3.3  -0.20   0.00   3000  0
 13.34  1    -17.99   -5.36    0      1    0   0x801C1906    3.3  -0.20   0.00   3000  0
 13.36  1    -18.09   -5.32    0      1    0   0x801C4506    3.4  -0.20   0.00   3000  0
 13.38  1    -18.20   -5.30    0      1    0   0x001C7106    3.4  -0.20   0.00   3000  0
 13.40  1    -18.31   -5.31    0      1    0   0x001C9906    3.4  -0.20   0.00   3000  0
 13.42  1    -18.41   -5.32    0      1    0   0x001CC506    3.4  -0.21   0.00   3000  0
 13.44  1    -18.52   -5.34    0      1    0   0x801CF106    3.4  -0.21   0.00   3000  0
 13.46  1    -18.63   -5.36    0      1    0   0x001D1906    3.5  -0.21   0.00   3000  0
 13.48  1    -18.74   -5.40    0      1    0   0x001D4506    3.5  -0.21   0.00   3000  0
 13.50  1    -18.84   -5.44    0      1    0   0x801D7106    3.5  -0.21   0.00   3000  0
 13.52  1    -18.95   -5.47    0      1    0   0x001D9D06    3.5  -0.21   0.00   3000  0
 13.54  1    -19.06   -5.48    0      1    0   0x801DC906    3.5  -0.21   0.00   3000  0
 13.56  1    -19.17   -5.48    0      1    0   0x801DF506    3.6  -0.21   0.00   3000  0
 13.58  1    -19.28   -5.48    0      1    0   0x801E2106    3.6  -0.21   0.00   3000  0
 13.60  1    -19.39   -5.48    0      1    0   0x801E4D06    3.6  -0.22   0.00   3000  0
 13.62  1    -19.50   -5.46    0      1    0   0x001E7906    3.6  -0.22   0.00   3000  0
 13.64  1    -19.61   -5.42    0      1    0   0x001EA106    3.6  -0.22   0.00   3000  0
 13.66  1    -19.72   -5.39    0      1    0   0x001ECD06    3.7  -0.22   0.00   3000  0
 13.68  1    -19.82   -5.36    0      1    0   0x801EF906    3.7  -0.22   0.00   3000  0
 13.70  1    -19.93   -5.36    0      1    0   0x801F2506    3.7  -0.22   0.00   3000  0
 13.72  1    -20.04   -5.35    0      1    0   0x001F4D06    3.7  -0.22   0.00   3000  0
 13.74  1    -20.15   -5.34    0      1    0   0x801F7906    3.7  -0.22   0.00   3000  0
 13.76  1    -20.25   -5.34    0      1    0   0x001FA506    3.8  -0.23   0.00   3000  0
 13.78  1    -20.36   -5.36    0      1    0   0x801FCD06    3.8  -0.23   0.00   3000  0
 13.80  1    -20.47   -5.39    0      1    0   0x001FF906    3.8  -0.23   0.00   3000  0
 13.82  1    -20.58   -5.41    0      1    0   0x80202506    3.8  -0.23   0.00   3000  0
 13.84  1    -20.68   -5.43    0      1    0   0x80205106    3.8  -0.23   0.00   3000  0
 13.86  1    -20.79   -5.44    0      1    0   0x00207D06    3.9  -0.23   0.00   3000  0
 13.88  1    -20.90   -5.45    0      1    0   0x0020A906    3.9  -0.23   0.00   3000  0
 13.90  1    -21.01   -5.47    0      1    0   0x8020D506    3.9  -0.23   0.00   3000  0
 13.92  1    -21.12   -5.47    0      1    0   0x00210106    3.9  -0.24   0.00   3000  0
 13.94  1    -21.23   -5.45    0      1    0   0x00212906    3.9  -0.24   0.00   3000  0
 13.96  1    -21.34   -5.43    0      1    0   0x80215506    4.0  -0.24   0.00   3000  0
 13.98  1    -21.45   -5.41    0      1    0   0x80218106    4.0  -0.24   0.00   3000  0
 14.00  1    -21.55   -5.40    0      1    0   0x0021AD06    4.0  -0.24   0.00   3000  0
 14.02  1    -21.66   -5.39    0      1    0   0x0021D906    4.0  -0.24   0.00   3000  0
 14.04  1    -21.77   -5.37    0      1    0   0x00220106    4.0  -0.24   0.00   3000  0
 14.06  1    -21.88   -5.35    0      1    0   0x80222D06    4.1  -0.24   0.00   3000  0
 14.08  1    -21.98   -5.36    0      1    0   0x80225906    4.1  -0.24   0.00   3000  0
 14.10  1    -22.09   -5.37    0      1    0   0x00228506    4.1  -0.25   0.00   3000  0
 14.12  1    -22.20   -5.38    0      1    0   0x0022AD06    4.1  -0.25   0.00   3000  0
 14.14  1    -22.31   -5.39    0      1    0   0x0022D906    4.1  -0.25   0.00   3000  0
 14.16  1    -22.41   -5.40    0      1    0   0x00230506    4.2  -0.25   0.00   3000  0
 14.18  1    -22.52   -5.42    0      1    0   0x80233106    4.2  -0.25   0.00   3000  0
 14.20  1    -22.63   -5.44    0      1    0   0x80235D06    4.2  -0.25   0.00   3000  0
 14.22  1    -22.74   -5.45    0      1    0   0x80238906    4.2  -0.25   0.00   3000  0
 14.24  1    -22.85   -5.44    0      1    0   0x0023B106    4.2  -0.25   0.00   3000  0
 14.26  1    -22.96   -5.43    0      1    0   0x0023DD06    4.3  -0.26   0.00   3000  0
 14.28  1    -23.07   -5.43    0      1    0   0x80240906    4.3  -0.26   0.00   3000  0
 14.30  1    -23.18   -5.43    0      1    0   0x80243506    4.3  -0.26   0.00   3000  0
 14.32  1    -23.28   -5.42    0      1    0   0x00246106    4.3  -0.26   0.00   3000  0
 14.34  1    -23.39   -5.40    0      1    0   0x80248D06    4.3  -0.26   0.00   3000  0
 14.36  1    -23.50   -5.38    0      1    0   0x0024B506    4.4  -0.26   0.00   3000  0
 14.38  1    -23.61   -5.37    0      1    0   0x8024E106    4.4  -0.26   0.00   3000  0
 14.40  1    -23.71   -5.38    0      1    0   0x80250D06    4.4  -0.26   0.00   3000  0
 14.42  1    -23.82   -5.38    0      1    0   0x00253906    4.4  -0.27   0.00   3000  0
 14.44  1    -23.93   -5.38    0      1    0   0x80256106    4.4  -0.27   0.00   3000  0
 14.46  1    -24.04   -5.38    0      1    0   0x00258D06    4.5  -0.27   0.00   3000  0
 14.48  1    -24.15   -5.39    0      1    0   0x8025B906    4.5  -0.27   0.00   3000  0
 14.50  1    -24.25   -5.41    0      1    0   0x8025E506    4.5  -0.27   0.00   3000  0
 14.52  1    -24.36   -5.42    0      1    0   0x00261106    4.5  -0.27   0.00   3000  0
 14.54  1    -24.47   -5.43    0      1    0   0x80263D06    4.5  -0.27   0.00   3000  0
 14.56  1    -24.58   -5.42    0      1    0   0x00266506    4.6  -0.27   0.00   3000  0
 14.58  1    -24.69   -5.43    0      1    0   0x80269106    4.6  -0.27   0.00   3000  0
 14.60  1    -24.80   -5.44    0      1    0   0x0026BD06    4.6  -0.28   0.00   3000  0
 14.62  1    -24.90   -5.43    0      1    0   0x8026E906    4.6  -0.28   0.00   3000  0
 14.64  1    -25.01   -5.42    0      1    0   0x00271506    4.6  -0.28   0.00   3000  0
 14.66  1    -25.12   -5.40    0      1    0   0x80274106    4.7  -0.28   0.00   3000  0
 14.68  1    -25.23   -5.39    0      1    0   0x80276906    4.7  -0.28   0.00   3000  0
 14.70  1    -25.34   -5.40    0      1    0   0x80279506    4.7  -0.28   0.00   3000  0
 14.72  1    -25.45   -5.39    0      1    0   0x0027C106    4.7  -0.28   0.00   3000  0
 14.74  1    -25.55   -5.38    0      1    0   0x8027ED06    4.7  -0.28   0.00   3000  0
 14.76  1    -25.66   -5.38    0      1    0   0x00281906    4.8  -0.29   0.00   3000  0
 14.78  1    -25.77   -5.38    0      1    0   0x80284106    4.8  -0.29   0.00   3000  0
 14.80  1    -25.88   -5.40    0      1    0   0x00286D06    4.8  -0.29   0.00   3000  0
 14.82  1    -25.98   -5.41    0      1    0   0x80289906    4.8  -0.29   0.00   3000  0
 14.84  1    -26.09   -5.41    0      1    0   0x8028C506    4.8  -0.29   0.00   3000  0
 14.86  1    -26.20   -5.41    0      1    0   0x0028F106    4.9  -0.29   0.00   3000  0
 14.88  1    -26.31   -5.41    0      1    0   0x80291906    4.9  -0.29   0.00   3000  0
 14.90  1    -26.42   -5.43    0      1    0   0x80294506    4.9  -0.29   0.00   3000  0
 14.92  1    -26.53   -5.43    0      1    0   0x00297106    4.9  -0.30   0.00   3000  0
 14.94  1    -26.63   -5.42    0      1    0   0x80299D06    4.9  -0.30   0.00   3000  0
 14.96  1    -26.74   -5.41    0      1    0   0x0029C906    5.0  -0.30   0.00   3000  0
 14.98  1    -26.85   -5.41    0      1    0   0x0029F506    5.0  -0.30   0.00   3000  0
 15.00  1    -26.96   -5.41    0      1    0   0x002A1D06    5.0  -0.30   0.00   3000  0
 15.02  1    -27.07   -5.34    0      1    0   0x802A4906    5.0  -0.30   0.00   3000  0
 15.04  1    -27.17   -5.12    0      1    0   0x002A7106    5.0  -0.30   0.00   3000  0
 15.06  1    -27.26   -4.75    0      1    0   0x002A9906    5.1  -0.30   0.00   3000  0
 15.08  1    -27.35   -4.24    0      1    0   0x802AB906    5.1  -0.30   0.00   3000  0
 15.10  1    -27.42   -3.69    0      1    0   0x802AD906    5.1  -0.30   0.00   3000  0
 15.12  1    -27.48   -3.16    0      1    0   0x802AF106    5.1  -0.30   0.00   3000  0
 15.14  1    -27.54   -2.71    0      1    0   0x802B0506    5.1  -0.31   0.00   3000  0
 15.16  1    -27.59   -2.40    0      1    0   0x002B1906    5.2  -0.31   0.00   3000  0
 15.18  1    -27.63   -2.25    0      1    0   0x802B2D06    5.2  -0.31   0.00   3000  0
 15.20  1    -27.68   -2.30    0      1    0   0x002B3D06    5.2  -0.31   0.00   3000  0
 15.22  1    -27.73   -2.53    0      1    0   0x002B5106    5.2  -0.31   0.00   3000  0
 15.24  1    -27.79   -2.89    0      1    0   0x802B6906    5.2  -0.31   0.00   3000  0
 15.26  1    -27.85   -3.33    0      1    0   0x002B8506    5.3  -0.31   0.00   3000  0
 15.28  1    -27.93   -3.77    0      1    0   0x002BA106    5.3  -0.31   0.00   3000  0
 15.30  1    -28.01   -4.18    0      1    0   0x802BC506    5.3  -0.31   0.00   3000  0
 15.32  1    -28.10   -4.50    0      1    0   0x002BE906    5.3  -0.31   0.00   3000  0
 15.34  1    -28.20   -4.69    0      1    0   0x802C0D06    5.3  -0.31   0.00   3000  0
 15.36  1    -28.29   -4.71    0      1    0   0x002C3506    5.4  -0.31   0.00   3000  0
 15.38  1    -28.38   -4.58    0      1    0   0x002C5906    5.4  -0.32   0.00   3000  0
 15.40  1    -28.47   -4.33    0      1    0   0x802C7906    5.4  -0.32   0.00   3000  0
 15.42  1    -28.55   -4.00    0      1    0   0x002C9906    5.4  -0.32   0.00   3000  0
 15.44  1    -28.62   -3.63    0      1    0   0x802CB906    5.4  -0.32   0.00   3000  0
 15.46  1    -28.69   -3.27    0      1    0   0x002CD106    5.5  -0.32   0.00   3000  0
 15.48  1    -28.75   -2.96    0      1    0   0x802CE906    5.5  -0.32   0.00   3000  0
 15.50  1    -28.80   -2.76    0      1    0   0x002D0106    5.5  -0.32   0.00   3000  0
 15.52  1    -28.85   -2.69    0      1    0   0x002D1506    5.5  -0.32   0.00   3000  0
 15.54  1    -28.91   -2.74    0      1    0   0x002D2906    5.5  -0.32   0.00   3000  0
 15.56  1    -28.97   -2.90    0      1    0   0x802D4106    5.6  -0.32   0.00   3000  0
 15.58  1    -29.03   -3.14    0      1    0   0x002D5D06    5.6  -0.32   0.00   3000  0
 15.60  1    -29.10   -3.44    0      1    0   0x002D7506    5.6  -0.32   0.00   3000  0
 15.62  1    -29.17   -3.75    0      1    0   0x802D9506    5.6  -0.32   0.00   3000  0
 15.64  1    -29.26   -4.03    0      1    0   0x002DB506    5.6  -0.33   0.00   3000  0
 15.66  1    -29.34   -4.24    0      1    0   0x002DD506    5.7  -0.33   0.00   3000  0
 15.68  1    -29.43   -4.33    0      1    0   0x802DF906    5.7  -0.33   0.00   3000  0
 15.70  1    -29.51   -4.34    0      1    0   0x802E1D06    5.7  -0.33   0.00   3000  0
 15.72  1    -29.60   -4.26    0      1    0   0x002E3D06    5.7  -0.33   0.00   3000  0
 15.74  1    -29.68   -4.08    0      1    0   0x002E6106    5.7  -0.33   0.00   3000  0
 15.76  1    -29.76   -3.85    0      1    0   0x802E7D06    5.8  -0.33   0.00   3000  0
 15.78  1    -29.83   -3.58    0      1    0   0x802E9906    5.8  -0.33   0.00   3000  0
 15.80  1    -29.90   -3.34    0      1    0   0x002EB506    5.8  -0.33   0.00   3000  0
 15.82  1    -29.96   -3.15    0      1    0   0x002ECD06    5.8  -0.33   0.00   3000  0
 15.84  1    -30.02   -3.03    0      1    0   0x002EE506    5.8  -0.33   0.00   3000  0
 15.86  1    -30.08   -2.99    0      1    0   0x002EFD06    5.9  -0.33   0.00   3000  0
 15.88  1    -30.14   -3.02    0      1    0   0x802F1506    5.9  -0.34   0.00   3000  0
 15.90  1    -30.20   -3.13    0      1    0   0x802F3106    5.9  -0.34   0.00   3000  0
 15.92  1    -30.27   -3.32    0      1    0   0x802F4906    5.9  -0.34   0.00   3000  0
 15.94  1    -30.34   -3.53    0      1    0   0x002F6506    5.9  -0.34   0.00   3000  0
 15.96  1    -30.41   -3.73    0      1    0   0x802F8506    6.0  -0.34   0.00   3000  0
 15.98  1    -30.49   -3.90    0      1    0   0x002FA506    6.0  -0.34   0.00   3000  0
 16.00  1    -30.57   -4.03    0      1    0   0x002FC506    6.0  -0.34   0.00   3000  0
 16.02  1    -30.65   -4.11    0      1    0   0x802FE506    6.0  -0.34   0.00   3000  0
 16.04  1    -30.74   -4.11    0      1    0   0x80300506    6.0  -0.34   0.00   3000  0
 16.06  1    -30.82   -4.04    0      1    0   0x00302506    6.1  -0.34   0.00   3000  0
 16.08  1    -30.90   -3.90    0      1    0   0x00304506    6.1  -0.34   0.00   3000  0
 16.10  1    -30.97   -3.74    0      1    0   0x80306506    6.1  -0.34   0.00   3000  0
 16.12  1    -31.04   -3.58    0      1    0   0x80308106    6.1  -0.34   0.00   3000  0
 16.14  1    -31.11   -3.42    0      1    0   0x00309D06    6.1  -0.35   0.00   3000  0
 16.16  1    -31.18   -3.29    0      1    0   0x0030B506    6.2  -0.35   0.00   3000  0
 16.18  1    -31.24   -3.20    0      1    0   0x8030D106    6.2  -0.35   0.00   3000  0
 16.20  1    -31.30   -3.18    0      1    0   0x0030E906    6.2  -0.35   0.00   3000  0
 16.22  1    -31.37   -3.22    0      1    0   0x80310106    6.2  -0.35   0.00   3000  0
 16.24  1    -31.43   -3.31    0      1    0   0x00311D06    6.2  -0.35   0.00   3000  0
 16.26  1    -31.50   -3.43    0      1    0   0x00313906    6.3  -0.35   0.00   3000  0
 16.28  1    -31.57   -3.56    0      1    0   0x00315506    6.3  -0.35   0.00   3000  0
 16.30  1    -31.65   -3.69    0      1    0   0x00317106    6.3  -0.35   0.00   3000  0
 16.32  1    -31.72   -3.82    0      1    0   0x80319106    6.3  -0.35   0.00   3000  0
 16.34  1    -31.80   -3.91    0      1    0   0x0031B106    6.3  -0.35   0.00   3000  0
 16.36  1    -31.88   -3.95    0      1    0   0x0031D106    6.4  -0.35   0.00   3000  0
 16.38  1    -31.96   -3.93    0      1    0   0x8031F106    6.4  -0.36   0.00   3000  0
 16.40  1    -32.04   -3.88    0      1    0   0x80320D06    6.4  -0.36   0.00   3000  0
 16.42  1    -32.11   -3.80    0      1    0   0x00322D06    6.4  -0.36   0.00   3000  0
 16.44  1    -32.19   -3.70    0      1    0   0x80324906    6.4  -0.36   0.00   3000  0
 16.46  1    -32.26   -3.58    0      1    0   0x00326506    6.5  -0.36   0.00   3000  0
 16.48  1    -32.33   -3.46    0      1    0   0x00328106    6.5  -0.36   0.00   3000  0
 16.50  1    -32.40   -3.37    0      1    0   0x80329D06    6.5  -0.36   0.00   3000  0
 16.52  1    -32.46   -3.33    0      1    0   0x8032B906    6.5  -0.36   0.00   3000  0
 16.54  1    -32.53   -3.33    0      1    0   0x0032D106    6.5  -0.36   0.00   3000  0
 16.56  1    -32.60   -3.35    0      1    0   0x0032ED06    6.6  -0.36   0.00   3000  0
 16.58  1    -32.66   -3.40    0      1    0   0x80330906    6.6  -0.36   0.00   3000  0
 16.60  1    -32.73   -3.48    0      1    0   0x00332506    6.6  -0.36   0.00   3000  0
 16.62  1    -32.81   -3.59    0      1    0   0x80334106    6.6  -0.36   0.00   3000  0
 16.64  1    -32.88   -3.69    0      1    0   0x00335D06    6.6  -0.37   0.00   3000  0
 16.66  1    -32.95   -3.76    0      1    0   0x80337D06    6.7  -0.37   0.00   3000  0
 16.68  1    -33.03   -3.81    0      1    0   0x00339D06    6.7  -0.37   0.00   3000  0
 16.70  1    -33.11   -3.83    0      1    0   0x0033B906    6.7  -0.37   0.00   3000  0
 16.72  1    -33.18   -3.83    0      1    0   0x0033D906    6.7  -0.37   0.00   3000  0
 16.74  1    -33.26   -3.80    0      1    0   0x8033F906    6.7  -0.37   0.00   3000  0
 16.76  1    -33.33   -3.73    0      1    0   0x80341506    6.8  -0.37   0.00   3000  0
 16.78  1    -33.41   -3.65    0      1    0   0x80343106    6.8  -0.37   0.00   3000  0
 16.80  1    -33.48   -3.57    0      1    0   0x00344D06    6.8  -0.37   0.00   3000  0
 16.82  1    -33.55   -3.50    0      1    0   0x00346906    6.8  -0.37   0.00   3000  0
 16.84  1    -33.62   -3.45    0      1    0   0x80348506    6.8  -0.37   0.00   3000  0
 16.86  1    -33.69   -3.42    0      1    0   0x8034A106    6.9  -0.37   0.00   3000  0
 16.88  1    -33.75   -3.40    0      1    0   0x0034BD06    6.9  -0.38   0.00   3000  0
 16.90  1    -33.82   -3.42    0      1    0   0x8034D906    6.9  -0.38   0.00   3000  0
 16.92  1    -33.89   -3.48    0      1    0   0x0034F506    6.9  -0.38   0.00   3000  0
 16.94  1    -33.96   -3.54    0      1    0   0x80351106    6.9  -0.38   0.00   3000  0
 16.96  1    -34.04   -3.60    0      1    0   0x80352D06    7.0  -0.38   0.00   3000  0
 16.98  1    -34.11   -3.66    0      1    0   0x00354906    7.0  -0.38   0.00   3000  0
 17.00  1    -34.18   -3.71    0      1    0   0x80356906    7.0  -0.38   0.00   3000  0
 17.02  1    -34.26   -3.75    0      1    0   0x00358506    7.0  -0.38   0.00   3000  0
 17.04  1    -34.33   -3.77    0      1    0   0x8035A506    7.0  -0.38   0.00   3000  0
 17.06  1    -34.41   -3.76    0      1    0   0x0035C106    7.1  -0.38   0.00   3000  0
 17.08  1    -34.48   -3.72    0      1    0   0x8035E106    7.1  -0.38   0.00   3000  0
 17.10  1    -34.56   -3.68    0      1    0   0x0035FD06    7.1  -0.38   0.00   3000  0
 17.12  1    -34.63   -3.63    0      1    0   0x00361906    7.1  -0.38   0.00   3000  0
 17.14  1    -34.70   -3.58    0      1    0   0x80363906    7.1  -0.39   0.00   3000  0
 17.16  1    -34.77   -3.54    0      1    0   0x80365506    7.2  -0.39   0.00   3000  0
 17.18  1    -34.84   -3.49    0      1    0   0x80367106    7.2  -0.39   0.00   3000  0
 17.20  1    -34.91   -3.47    0      1    0   0x80368D06    7.2  -0.39   0.00   3000  0
 17.22  1    -34.98   -3.47    0      1    0   0x8036A906    7.2  -0.39   0.00   3000  0
 17.24  1    -35.05   -3.50    0      1    0   0x0036C106    7.2  -0.39   0.00   3000  0
 17.26  1    -35.12   -3.53    0      1    0   0x8036E106    7.3  -0.39   0.00   3000  0
 17.28  1    -35.19   -3.55    0      1    0   0x0036FD06    7.3  -0.39   0.00   3000  0
 17.30  1    -35.26   -3.60    0      1    0   0x80371906    7.3  -0.39   0.00   3000  0
 17.32  1    -35.34   -3.65    0      1    0   0x00373506    7.3  -0.39   0.00   3000  0
 17.34  1    -35.41   -3.69    0      1    0   0x00375506    7.3  -0.39   0.00   3000  0
 17.36  1    -35.48   -3.71    0      1    0   0x00377106    7.4  -0.39   0.00   3000  0
 17.38  1    -35.56   -3.71    0      1    0   0x00378D06    7.4  -0.40   0.00   3000  0
 17.40  1    -35.63   -3.70    0      1    0   0x8037AD06    7.4  -0.40   0.00   3000  0
 17.42  1    -35.71   -3.68    0      1    0   0x0037C906    7.4  -0.40   0.00   3000  0
 17.44  1    -35.78   -3.66    0      1    0   0x8037E506    7.4  -0.40   0.00   3000  0
 17.46  1    -35.85   -3.62    0      1    0   0x00380506    7.5  -0.40   0.00   3000  0
 17.48  1    -35.92   -3.58    0      1    0   0x00382106    7.5  -0.40   0.00   3000  0
 17.50  1    -35.99   -3.54    0      1    0   0x80383D06    7.5  -0.40   0.00   3000  0
 17.52  1    -36.06   -3.53    0      1    0   0x00385906    7.5  -0.40   0.00   3000  0
 17.54  1    -36.14   -3.52    0      1    0   0x80387506    7.5  -0.40   0.00   3000  0
 17.56  1    -36.21   -3.52    0      1    0   0x80389106    7.6  -0.40   0.00   3000  0
 17.58  1    -36.28   -3.52    0      1    0   0x8038AD06    7.6  -0.40   0.00   3000  0
 17.60  1    -36.35   -3.54    0      1    0   0x0038C906    7.6  -0.40   0.00   3000  0
 17.62  1    -36.42   -3.58    0      1    0   0x8038E506    7.6  -0.40   0.00   3000  0
 17.64  1    -36.49   -3.61    0      1    0   0x80390506    7.6  -0.41   0.00   3000  0
 17.66  1    -36.56   -3.64    0      1    0   0x80392106    7.7  -0.41   0.00   3000  0
 17.68  1    -36.64   -3.65    0      1    0   0x00393D06    7.7  -0.41   0.00   3000  0
 17.70  1    -36.71   -3.67    0      1    0   0x00395D06    7.7  -0.41   0.00   3000  0
 17.72  1    -36.78   -3.68    0      1    0   0x00397906    7.7  -0.41   0.00   3000  0
 17.74  1    -36.86   -3.68    0      1    0   0x80399506    7.7  -0.41   0.00   3000  0
 17.76  1    -36.93   -3.66    0      1    0   0x0039B506    7.8  -0.41   0.00   3000  0
 17.78  1    -37.00   -3.63    0      1    0   0x8039D106    7.8  -0.41   0.00   3000  0
 17.80  1    -37.08   -3.60    0      1    0   0x8039ED06    7.8  -0.41   0.00   3000  0
 17.82  1    -37.15   -3.59    0      1    0   0x803A0906    7.8  -0.41   0.00   3000  0
 17.84  1    -37.22   -3.57    0      1    0   0x003A2506    7.8  -0.41   0.00   3000  0
 17.86  1    -37.29   -3.56    0      1    0   0x803A4106    7.9  -0.41   0.00   3000  0
 17.88  1    -37.36   -3.54    0      1    0   0x003A6106    7.9  -0.42   0.00   3000  0
 17.90  1    -37.43   -3.54    0      1    0   0x803A7D06    7.9  -0.42   0.00   3000  0
 17.92  1    -37.50   -3.55    0      1    0   0x803A9906    7.9  -0.42   0.00   3000  0
 17.94  1    -37.57   -3.58    0      1    0   0x003AB506    7.9  -0.42   0.00   3000  0
 17.96  1    -37.65   -3.59    0      1    0   0x803AD106    8.0  -0.42   0.00   3000  0
 17.98  1    -37.72   -3.60    0      1    0   0x803AED06    8.0  -0.42   0.00   3000  0
 18.00  1    -37.79   -3.62    0      1    0   0x003B0906    8.0  -0.42   0.00   3000  0
 18.02  1    -37.86   -3.64    0      1    0   0x803B2906    8.0  -0.42   0.00   3000  0
 18.04  1    -37.94   -3.66    0      1    0   0x803B4506    8.0  -0.42   0.00   3000  0
 18.06  1    -38.01   -3.66    0      1    0   0x803B6106    8.1  -0.42   0.00   3000  0
 18.08  1    -38.08   -3.64    0      1    0   0x003B8106    8.1  -0.42   0.00   3000  0
 18.10  1    -38.15   -3.63    0      1    0   0x803B9D06    8.1  -0.42   0.00   3000  0
 18.12  1    -38.23   -3.62    0      1    0   0x803BB906    8.1  -0.42   0.00   3000  0
 18.14  1    -38.30   -3.61    0      1    0   0x803BD506    8.1  -0.43   0.00   3000  0
 18.16  1    -38.37   -3.60    0      1    0   0x003BF506    8.2  -0.43   0.00   3000  0
 18.18  1    -38.44   -3.57    0      1    0   0x803C1106    8.2  -0.43   0.00   3000  0
 18.20  1    -38.51   -3.56    0      1    0   0x803C2D06    8.2  -0.43   0.00   3000  0
 18.22  1    -38.58   -3.56    0      1    0   0x003C4906    8.2  -0.43   0.00   3000  0
 18.24  1    -38.66   -3.57    0      1    0   0x803C6506    8.2  -0.43   0.00   3000  0
 18.26  1    -38.73   -3.58    0      1    0   0x803C8106    8.3  -0.43   0.00   3000  0
 18.28  1    -38.80   -3.57    0      1    0   0x003C9D06    8.3  -0.43   0.00   3000  0
 18.30  1    -38.87   -3.59    0      1    0   0x803CBD06    8.3  -0.43   0.00   3000  0
 18.32  1    -38.94   -3.61    0      1    0   0x003CD906    8.3  -0.43   0.00   3000  0
 18.34  1    -39.02   -3.63    0      1    0   0x803CF506    8.3  -0.43   0.00   3000  0
 18.36  1    -39.09   -3.64    0      1    0   0x003D1106    8.4  -0.43   0.00   3000  0
 18.38  1    -39.16   -3.63    0      1    0   0x803D3106    8.4  -0.44   0.00   3000  0
 18.40  1    -39.23   -3.63    0      1    0   0x003D4D06    8.4  -0.44   0.00   3000  0
 18.42  1    -39.31   -3.63    0      1    0   0x003D6906    8.4  -0.44   0.00   3000  0
 18.44  1    -39.38   -3.63    0      1    0   0x803D8506    8.4  -0.44   0.00   3000  0
 18.46  1    -39.45   -3.62    0      1    0   0x003DA506    8.5  -0.44   0.00   3000  0
 18.48  1    -39.52   -3.60    0      1    0   0x803DC106    8.5  -0.44   0.00   3000  0
 18.50  1    -39.60   -3.59    0      1    0   0x003DDD06    8.5  -0.44   0.00   3000  0
 18.52  1    -39.67   -3.58    0      1    0   0x003DF906    8.5  -0.44   0.00   3000  0
 18.54  1    -39.74   -3.58    0      1    0   0x803E1506    8.5  -0.44   0.00   3000  0
 18.56  1    -39.81   -3.58    0      1    0   0x003E3506    8.6  -0.44   0.00   3000  0
 18.58  1    -39.88   -3.57    0      1    0   0x803E5106    8.6  -0.44   0.00   3000  0
 18.60  1    -39.95   -3.57    0      1    0   0x803E6D06    8.6  -0.44   0.00   3000  0
 18.62  1    -40.02   -3.59    0      1    0   0x803E8906    8.6  -0.44   0.00   3000  0
 18.64  1    -40.10   -3.61    0      1    0   0x003EA506    8.6  -0.45   0.00   3000  0
 18.66  1    -40.17   -3.61    0      1    0   0x803EC106    8.7  -0.45   0.00   3000  0
 18.68  1    -40.24   -3.61    0      1    0   0x003EE106    8.7  -0.45   0.00   3000  0
 18.70  1    -40.31   -3.62    0      1    0   0x803EFD06    8.7  -0.45   0.00   3000  0
 18.72  1    -40.39   -3.63    0      1    0   0x003F1906    8.7  -0.45   0.00   3000  0
 18.74  1    -40.46   -3.63    0      1    0   0x803F3506    8.7  -0.45   0.00   3000  0
 18.76  1    -40.53   -3.63    0      1    0   0x803F5506    8.8  -0.45   0.00   3000  0
 18.78  1    -40.60   -3.61    0      1    0   0x803F7106    8.8  -0.45   0.00   3000  0
 18.80  1    -40.68   -3.60    0      1    0   0x803F8D06    8.8  -0.45   0.00   3000  0
 18.82  1    -40.75   -3.60    0      1    0   0x803FA906    8.8  -0.45   0.00   3000  0
 18.84  1    -40.82   -3.60    0      1    0   0x803FC506    8.8  -0.45   0.00   3000  0
 18.86  1    -40.89   -3.60    0      1    0   0x003FE506    8.9  -0.45   0.00   3000  0
 18.88  1    -40.96   -3.58    0      1    0   0x80400106    8.9  -0.46   0.00   3000  0
 18.90  1    -41.03   -3.58    0      1    0   0x00401D06    8.9  -0.46   0.00   3000  0
 18.92  1    -41.11   -3.59    0      1    0   0x00403906    8.9  -0.46   0.00   3000  0
 18.94  1    -41.18   -3.60    0      1    0   0x00405506    8.9  -0.46   0.00   3000  0
 18.96  1    -41.25   -3.60    0      1    0   0x80407506    9.0  -0.46   0.00   3000  0
 18.98  1    -41.32   -3.59    0      1    0   0x80409106    9.0  -0.46   0.00   3000  0
 19.00  1    -41.39   -3.60    0      1    0   0x8040AD06    9.0  -0.46   0.00   3000  0
 19.02  1    -41.47   -3.61    0      1    0   0x0040C906    9.0  -0.46   0.00   3000  0
 19.04  1    -41.54   -3.62    0      1    0   0x8040E506    9.0  -0.46   0.00   3000  0
 19.06  1    -41.61   -3.62    0      1    0   0x80410506    9.1  -0.46   0.00   3000  0
 19.08  1    -41.68   -3.61    0      1    0   0x80412106    9.1  -0.46   0.00   3000  0
 19.10  1    -41.76   -3.61    0      1    0   0x00413D06    9.1  -0.46   0.00   3000  0
 19.12  1    -41.83   -3.61    0      1    0   0x80415906    9.1  -0.46   0.00   3000  0
 19.14  1    -41.90   -3.61    0      1    0   0x00417906    9.1  -0.47   0.00   3000  0
 19.16  1    -41.97   -3.61    0      1    0   0x80419506    9.2  -0.47   0.00   3000  0
 19.18  1    -42.04   -3.59    0      1    0   0x8041B106    9.2  -0.47   0.00   3000  0
 19.20  1    -42.12   -3.59    0      1    0   0x0041CD06    9.2  -0.47   0.00   3000  0
 19.22  1    -42.19   -3.59    0      1    0   0x0041E906    9.2  -0.47   0.00   3000  0
 19.24  1    -42.26   -3.60    0      1    0   0x80420506    9.2  -0.47   0.00   3000  0
 19.26  1    -42.33   -3.60    0      1    0   0x00422506    9.3  -0.47   0.00   3000  0
 19.28  1    -42.40   -3.59    0      1    0   0x80424106    9.3  -0.47   0.00   3000  0
 19.30  1    -42.48   -3.59    0      1    0   0x00425D06    9.3  -0.47   0.00   3000  0
 19.32  1    -42.55   -3.60    0      1    0   0x00427906    9.3  -0.47   0.00   3000  0
 19.34  1    -42.62   -3.61    0      1    0   0x80429506    9.3  -0.47   0.00   3000  0
 19.36  1    -42.69   -3.62    0      1    0   0x0042B506    9.4  -0.47   0.00   3000  0
 19.38  1    -42.76   -3.61    0      1    0   0x8042D106    9.4  -0.48   0.00   3000  0
 19.40  1    -42.84   -3.61    0      1    0   0x8042ED06    9.4  -0.48   0.00   3000  0
 19.42  1    -42.91   -3.61    0      1    0   0x00430906    9.4  -0.48   0.00   3000  0
 19.44  1    -42.98   -3.62    0      1    0   0x80432906    9.4  -0.48   0.00   3000  0
 19.46  1    -43.05   -3.61    0      1    0   0x80434506    9.5  -0.48   0.00   3000  0
 19.48  1    -43.13   -3.60    0      1    0   0x80436106    9.5  -0.48   0.00   3000  0
 19.50  1    -43.20   -3.60    0      1    0   0x00437D06    9.5  -0.48   0.00   3000  0
 19.52  1    -43.27   -3.60    0      1    0   0x00439906    9.5  -0.48   0.00   3000  0
 19.54  1    -43.34   -3.60    0      1    0   0x8043B906    9.5  -0.48   0.00   3000  0
 19.56  1    -43.41   -3.60    0      1    0   0x8043D506    9.6  -0.48   0.00   3000  0
 19.58  1    -43.48   -3.59    0      1    0   0x8043F106    9.6  -0.48   0.00   3000  0
 19.60  1    -43.56   -3.59    0      1    0   0x00440D06    9.6  -0.48   0.00   3000  0
 19.62  1    -43.63   -3.60    0      1    0   0x00442906    9.6  -0.48   0.00   3000  0
 19.64  1    -43.70   -3.61    0      1    0   0x00444906    9.6  -0.49   0.00   3000  0
 19.66  1    -43.77   -3.61    0      1    0   0x80446506    9.7  -0.49   0.00   3000  0
 19.68  1    -43.84   -3.60    0      1    0   0x80448106    9.7  -0.49   0.00   3000  0
 19.70  1    -43.92   -3.60    0      1    0   0x00449D06    9.7  -0.49   0.00   3000  0
 19.72  1    -43.99   -3.61    0      1    0   0x0044B906    9.7  -0.49   0.00   3000  0
 19.74  1    -44.06   -3.62    0      1    0   0x0044D906    9.7  -0.49   0.00   3000  0
 19.76  1    -44.13   -3.62    0      1    0   0x8044F506    9.8  -0.49   0.00   3000  0
 19.78  1    -44.21   -3.60    0      1    0   0x00451106    9.8  -0.49   0.00   3000  0
 19.80  1    -44.28   -3.60    0      1    0   0x00452D06    9.8  -0.49   0.00   3000  0
 19.82  1    -44.35   -3.61    0      1    0   0x80454906    9.8  -0.49   0.00   3000  0
 19.84  1    -44.42   -3.61    0      1    0   0x00456906    9.8  -0.49   0.00   3000  0
 19.86  1    -44.49   -3.61    0      1    0   0x80458506    9.9  -0.49   0.00   3000  0
 19.88  1    -44.57   -3.59    0      1    0   0x8045A106    9.9  -0.50   0.00   3000  0
 19.90  1    -44.64   -3.59    0      1    0   0x0045BD06    9.9  -0.50   0.00   3000  0
 19.92  1    -44.71   -3.60    0      1    0   0x8045D906    9.9  -0.50   0.00   3000  0
 19.94  1    -44.78   -3.60    0      1    0   0x0045F906    9.9  -0.50   0.00   3000  0
 19.96  1    -44.85   -3.60    0      1    0   0x80461506   10.0  -0.50   0.00   3000  0
 19.98  1    -44.93   -3.59    0      1    0   0x80463106   10.0  -0.50   0.00   3000  0
 20.00  1    -45.00   -3.60    0      1    0   0x00464D06   10.0  -0.50   0.00   3000  0
 20.02  1    -45.07   -3.52    0      1    0   0x00466906   10.0  -0.50   0.00   3000  0
 20.04  1    -45.13   -3.30    0      1    0   0x80468506   10.0  -0.50   0.00   3000  0
 20.06  1    -45.19   -2.93    0      1    0   0x80469D06   10.1  -0.50   0.00   3000  0
 20.08  1    -45.24   -2.45    0      1    0   0x0046B106   10.1  -0.50   0.00   3000  0
 20.10  1    -45.28   -1.91    0      1    0   0x0046BD06   10.1  -0.50   0.00   3000  0
 20.12  1    -45.31   -1.39    0      1    0   0x0046C906   10.1  -0.50   0.00   3000  0
 20.14  1    -45.33   -0.94    0      1    0   0x0046D106   10.1  -0.50   0.00   3000  0
 20.16  1    -45.34   -0.63    0      1    0   0x8046D506   10.2  -0.50   0.00   3000  0
 20.18  1    -45.35   -0.48    0      1    0   0x8046D906   10.2  -0.50   0.00   3000  0
 20.20  1    -45.36   -0.53    0      1    0   0x0046DD06   10.2  -0.50   0.00   3000  0
 20.22  1    -45.37   -0.74    0      1    0   0x8046E506   10.2  -0.50   0.00   3000  0
 20.24  1    -45.40   -1.09    0      1    0   0x0046ED06   10.2  -0.50   0.00   3000  0
 20.26  1    -45.43   -1.51    0      1    0   0x0046F906   10.3  -0.51   0.00   3000  0
 20.28  1    -45.46   -1.95    0      1    0   0x80470906   10.3  -0.51   0.00   3000  0
 20.30  1    -45.51   -2.36    0      1    0   0x80471D06   10.3  -0.51   0.00   3000  0
 20.32  1    -45.57   -2.67    0      1    0   0x00473106   10.3  -0.51   0.00   3000  0
 20.34  1    -45.62   -2.86    0      1    0   0x00474906   10.3  -0.51   0.00   3000  0
 20.36  1    -45.68   -2.88    0      1    0   0x00476106   10.4  -0.51   0.00   3000  0
 20.38  1    -45.74   -2.76    0      1    0   0x00477506   10.4  -0.51   0.00   3000  0
 20.40  1    -45.79   -2.53    0      1    0   0x00478906   10.4  -0.51   0.00   3000  0
 20.42  1    -45.83   -2.20    0      1    0   0x00479D06   10.4  -0.51   0.00   3000  0
 20.44  1    -45.87   -1.84    0      1    0   0x8047A906   10.4  -0.51   0.00   3000  0
 20.46  1    -45.90   -1.48    0      1    0   0x0047B506   10.5  -0.51   0.00   3000  0
 20.48  1    -45.92   -1.18    0      1    0   0x0047C106   10.5  -0.51   0.00   3000  0
 20.50  1    -45.94   -0.99    0      1    0   0x8047C506   10.5  -0.51   0.00   3000  0
 20.52  1    -45.96   -0.91    0      1    0   0x0047CD06   10.5  -0.51   0.00   3000  0
 20.54  1    -45.98   -0.95    0      1    0   0x0047D506   10.5  -0.51   0.00   3000  0
 20.56  1    -46.00   -1.10    0      1    0   0x8047DD06   10.6  -0.51   0.00   3000  0
 20.58  1    -46.03   -1.34    0      1    0   0x0047E906   10.6  -0.51   0.00   3000  0
 20.60  1    -46.06   -1.63    0      1    0   0x8047F506   10.6  -0.51   0.00   3000  0
 20.62  1    -46.10   -1.94    0      1    0   0x80480506   10.6  -0.51   0.00   3000  0
 20.64  1    -46.14   -2.21    0      1    0   0x00481906   10.6  -0.51   0.00   3000  0
 20.66  1    -46.19   -2.41    0      1    0   0x00482906   10.7  -0.51   0.00   3000  0
 20.68  1    -46.24   -2.51    0      1    0   0x00483D06   10.7  -0.51   0.00   3000  0
 20.70  1    -46.29   -2.53    0      1    0   0x80485506   10.7  -0.51   0.00   3000  0
 20.72  1    -46.34   -2.44    0      1    0   0x80486506   10.7  -0.51   0.00   3000  0
 20.74  1    -46.38   -2.28    0      1    0   0x00487906   10.7  -0.51   0.00   3000  0
 20.76  1    -46.43   -2.05    0      1    0   0x00488906   10.8  -0.52   0.00   3000  0
 20.78  1    -46.46   -1.79    0      1    0   0x80489906   10.8  -0.52   0.00   3000  0
 20.80  1    -46.49   -1.56    0      1    0   0x8048A506   10.8  -0.52   0.00   3000  0
 20.82  1    -46.52   -1.37    0      1    0   0x8048B106   10.8  -0.52   0.00   3000  0
 20.84  1    -46.55   -1.25    0      1    0   0x0048B906   10.8  -0.52   0.00   3000  0
 20.86  1    -46.57   -1.19    0      1    0   0x0048C106   10.9  -0.52   0.00   3000  0
 20.88  1    -46.59   -1.22    0      1    0   0x0048CD06   10.9  -0.52   0.00   3000  0
 20.90  1    -46.62   -1.34    0      1    0   0x0048D906   10.9  -0.52   0.00   3000  0
 20.92  1    -46.65   -1.51    0      1    0   0x0048E506   10.9  -0.52   0.00   3000  0
 20.94  1    -46.68   -1.72    0      1    0   0x0048F106   10.9  -0.52   0.00   3000  0
 20.96  1    -46.72   -1.91    0      1    0   0x80490106   11.0  -0.52   0.00   3000  0
 20.98  1    -46.76   -2.09    0      1    0   0x00491106   11.0  -0.52   0.00   3000  0
 21.00  1    -46.81   -2.22    0      1    0   0x00492106   11.0  -0.52   0.00   3000  0
 21.02  1    -46.86   -2.29    0      1    0   0x00493506   11.0  -0.52   0.00   3000  0
 21.04  1    -46.90   -2.30    0      1    0   0x80494906   11.0  -0.52   0.00   3000  0
 21.06  1    -46.95   -2.23    0      1    0   0x00495906   11.1  -0.52   0.00   3000  0
 21.08  1    -46.99   -2.10    0      1    0   0x00496906   11.1  -0.52   0.00   3000  0
 21.10  1    -47.03   -1.95    0      1    0   0x80497906   11.1  -0.52   0.00   3000  0
 21.12  1    -47.06   -1.78    0      1    0   0x80498906   11.1  -0.52   0.00   3000  0
 21.14  1    -47.09   -1.63    0      1    0   0x00499506   11.1  -0.52   0.00   3000  0
 21.16  1    -47.12   -1.49    0      1    0   0x8049A106   11.2  -0.52   0.00   3000  0
 21.18  1    -47.15   -1.41    0      1    0   0x8049AD06   11.2  -0.52   0.00   3000  0
 21.20  1    -47.18   -1.39    0      1    0   0x8049B906   11.2  -0.52   0.00   3000  0
 21.22  1    -47.21   -1.42    0      1    0   0x8049C106   11.2  -0.52   0.00   3000  0
 21.24  1    -47.24   -1.51    0      1    0   0x8049CD06   11.2  -0.52   0.00   3000  0
 21.26  1    -47.27   -1.62    0      1    0   0x0049DD06   11.3  -0.53   0.00   3000  0
 21.28  1    -47.31   -1.75    0      1    0   0x8049E906   11.3  -0.53   0.00   3000  0
 21.30  1    -47.34   -1.89    0      1    0   0x0049F906   11.3  -0.53   0.00   3000  0
 21.32  1    -47.38   -2.01    0      1    0   0x004A0906   11.3  -0.53   0.00   3000  0
 21.34  1    -47.43   -2.10    0      1    0   0x804A1906   11.3  -0.53   0.00   3000  0
 21.36  1    -47.47   -2.14    0      1    0   0x804A2906   11.4  -0.53   0.00   3000  0
 21.38  1    -47.51   -2.12    0      1    0   0x804A3D06   11.4  -0.53   0.00   3000  0
 21.40  1    -47.55   -2.08    0      1    0   0x004A4D06   11.4  -0.53   0.00   3000  0
 21.42  1    -47.59   -2.00    0      1    0   0x804A5D06   11.4  -0.53   0.00   3000  0
 21.44  1    -47.63   -1.90    0      1    0   0x804A6D06   11.4  -0.53   0.00   3000  0
 21.46  1    -47.67   -1.77    0      1    0   0x804A7906   11.5  -0.53   0.00   3000  0
 21.48  1    -47.70   -1.66    0      1    0   0x804A8506   11.5  -0.53   0.00   3000  0
 21.50  1    -47.73   -1.58    0      1    0   0x004A9506   11.5  -0.53   0.00   3000  0
 21.52  1    -47.76   -1.54    0      1    0   0x804AA106   11.5  -0.53   0.00   3000  0
 21.54  1    -47.79   -1.53    0      1    0   0x804AAD06   11.5  -0.53   0.00   3000  0
 21.56  1    -47.82   -1.55    0      1    0   0x804AB906   11.6  -0.53   0.00   3000  0
 21.58  1    -47.86   -1.60    0      1    0   0x004AC506   11.6  -0.53   0.00   3000  0
 21.60  1    -47.89   -1.69    0      1    0   0x004AD106   11.6  -0.53   0.00   3000  0
 21.62  1    -47.93   -1.78    0      1    0   0x004AE106   11.6  -0.53   0.00   3000  0
 21.64  1    -47.96   -1.88    0      1    0   0x804AF106   11.6  -0.53   0.00   3000  0
 21.66  1    -48.00   -1.95    0      1    0   0x004B0106   11.7  -0.53   0.00   3000  0
 21.68  1    -48.04   -2.00    0      1    0   0x804B1106   11.7  -0.53   0.00   3000  0
 21.70  1    -48.08   -2.03    0      1    0   0x804B2106   11.7  -0.53   0.00   3000  0
 21.72  1    -48.12   -2.02    0      1    0   0x004B3106   11.7  -0.53   0.00   3000  0
 21.74  1    -48.16   -1.99    0      1    0   0x804B4106   11.7  -0.53   0.00   3000  0
 21.76  1    -48.20   -1.93    0      1    0   0x004B5106   11.8  -0.54   0.00   3000  0
 21.78  1    -48.24   -1.85    0      1    0   0x004B5D06   11.8  -0.54   0.00   3000  0
 21.80  1    -48.27   -1.77    0      1    0   0x004B6D06   11.8  -0.54   0.00   3000  0
 21.82  1    -48.31   -1.71    0      1    0   0x004B7906   11.8  -0.54   0.00   3000  0
 21.84  1    -48.34   -1.66    0      1    0   0x004B8906   11.8  -0.54   0.00   3000  0
 21.86  1    -48.37   -1.62    0      1    0   0x804B9506   11.9  -0.54   0.00   3000  0
 21.88  1    -48.41   -1.61    0      1    0   0x004BA106   11.9  -0.54   0.00   3000  0
 21.90  1    -48.44   -1.63    0      1    0   0x004BAD06   11.9  -0.54   0.00   3000  0
 21.92  1    -48.47   -1.67    0      1    0   0x804BBD06   11.9  -0.54   0.00   3000  0
 21.94  1    -48.51   -1.74    0      1    0   0x804BC906   11.9  -0.54   0.00   3000  0
 21.96  1    -48.54   -1.79    0      1    0   0x004BD906   12.0  -0.54   0.00   3000  0
 21.98  1    -48.58   -1.85    0      1    0   0x004BE506   12.0  -0.54   0.00   3000  0
 22.00  1    -48.62   -1.91    0      1    0   0x804BF506   12.0  -0.54   0.00   3000  0
 22.02  1    -48.66   -1.94    0      1    0   0x004C0506   12.0  -0.54   0.00   3000  0
 22.04  1    -48.70   -1.96    0      1    0   0x804C1506   12.0  -0.54   0.00   3000  0
 22.06  1    -48.73   -1.95    0      1    0   0x804C2506   12.1  -0.54   0.00   3000  0
 22.08  1    -48.77   -1.92    0      1    0   0x004C3506   12.1  -0.54   0.00   3000  0
 22.10  1    -48.81   -1.88    0      1    0   0x004C4106   12.1  -0.54   0.00   3000  0
 22.12  1    -48.85   -1.83    0      1    0   0x804C5106   12.1  -0.54   0.00   3000  0
 22.14  1    -48.88   -1.78    0      1    0   0x804C6106   12.1  -0.54   0.00   3000  0
 22.16  1    -48.92   -1.73    0      1    0   0x804C6D06   12.2  -0.54   0.00   3000  0
 22.18  1    -48.95   -1.69    0      1    0   0x004C7D06   12.2  -0.54   0.00   3000  0
 22.20  1    -48.98   -1.67    0      1    0   0x804C8906   12.2  -0.54   0.00   3000  0
 22.22  1    -49.02   -1.67    0      1    0   0x004C9506   12.2  -0.54   0.00   3000  0
 22.24  1    -49.05   -1.69    0      1    0   0x004CA506   12.2  -0.54   0.00   3000  0
 22.26  1    -49.09   -1.72    0      1    0   0x004CB106   12.3  -0.55   0.00   3000  0
 22.28  1    -49.12   -1.75    0      1    0   0x804CC106   12.3  -0.55   0.00   3000  0
 22.30  1    -49.16   -1.80    0      1    0   0x804CCD06   12.3  -0.55   0.00   3000  0
 22.32  1    -49.19   -1.84    0      1    0   0x004CDD06   12.3  -0.55   0.00   3000  0
 22.34  1    -49.23   -1.88    0      1    0   0x004CED06   12.3  -0.55   0.00   3000  0
 22.36  1    -49.27   -1.90    0      1    0   0x004CF906   12.4  -0.55   0.00   3000  0
 22.38  1    -49.31   -1.90    0      1    0   0x804D0906   12.4  -0.55   0.00   3000  0
 22.40  1    -49.35   -1.90    0      1    0   0x004D1906   12.4  -0.55   0.00   3000  0
 22.42  1    -49.38   -1.88    0      1    0   0x004D2906   12.4  -0.55   0.00   3000  0
 22.44  1    -49.42   -1.86    0      1    0   0x804D3506   12.4  -0.55   0.00   3000  0
 22.46  1    -49.46   -1.82    0      1    0   0x004D4506   12.5  -0.55   0.00   3000  0
 22.48  1    -49.49   -1.77    0      1    0   0x804D5506   12.5  -0.55   0.00   3000  0
 22.50  1    -49.53   -1.75    0      1    0   0x004D6106   12.5  -0.55   0.00   3000  0
 22.52  1    -49.56   -1.73    0      1    0   0x804D7106   12.5  -0.55   0.00   3000  0
 22.54  1    -49.60   -1.72    0      1    0   0x804D7D06   12.5  -0.55   0.00   3000  0
 22.56  1    -49.63   -1.71    0      1    0   0x804D8D06   12.6  -0.55   0.00   3000  0
 22.58  1    -49.66   -1.72    0      1    0   0x804D9906   12.6  -0.55   0.00   3000  0
 22.60  1    -49.70   -1.75    0      1    0   0x804DA506   12.6  -0.55   0.00   3000  0
 22.62  1    -49.73   -1.78    0      1    0   0x004DB506   12.6  -0.55   0.00   3000  0
 22.64  1    -49.77   -1.81    0      1    0   0x804DC506   12.6  -0.55   0.00   3000  0
 22.66  1    -49.81   -1.83    0      1    0   0x804DD106   12.7  -0.55   0.00   3000  0
 22.68  1    -49.84   -1.85    0      1    0   0x804DE106   12.7  -0.55   0.00   3000  0
 22.70  1    -49.88   -1.87    0      1    0   0x004DF106   12.7  -0.55   0.00   3000  0
 22.72  1    -49.92   -1.87    0      1    0   0x004DFD06   12.7  -0.55   0.00   3000  0
 22.74  1    -49.96   -1.87    0      1    0   0x004E0D06   12.7  -0.55   0.00   3000  0
 22.76  1    -49.99   -1.85    0      1    0   0x804E1D06   12.8  -0.56   0.00   3000  0
 22.78  1    -50.03   -1.83    0      1    0   0x804E2D06   12.8  -0.56   0.00   3000  0
 22.80  1    -50.07   -1.81    0      1    0   0x804E3906   12.8  -0.56   0.00   3000  0
 22.82  1    -50.10   -1.79    0      1    0   0x004E4906   12.8  -0.56   0.00   3000  0
 22.84  1    -50.14   -1.77    0      1    0   0x804E5506   12.8  -0.56   0.00   3000  0
 22.86  1    -50.17   -1.75    0      1    0   0x804E6506   12.9  -0.56   0.00   3000  0
 22.88  1    -50.21   -1.74    0      1    0   0x804E7106   12.9  -0.56   0.00   3000  0
 22.90  1    -50.24   -1.74    0      1    0   0x804E8106   12.9  -0.56   0.00   3000  0
 22.92  1    -50.28   -1.75    0      1    0   0x804E8D06   12.9  -0.56   0.00   3000  0
 22.94  1    -50.31   -1.77    0      1    0   0x004E9D06   12.9  -0.56   0.00   3000  0
 22.96  1    -50.35   -1.78    0      1    0   0x804EA906   13.0  -0.56   0.00   3000  0
 22.98  1    -50.38   -1.80    0      1    0   0x004EB906   13.0  -0.56   0.00   3000  0
 23.00  1    -50.42   -1.82    0      1    0   0x804EC906   13.0  -0.56   0.00   3000  0
 23.02  1    -50.46   -1.84    0      1    0   0x004ED506   13.0  -0.56   0.00   3000  0
 23.04  1    -50.49   -1.85    0      1    0   0x004EE506   13.0  -0.56   0.00   3000  0
 23.06  1    -50.53   -1.85    0      1    0   0x804EF506   13.1  -0.56   0.00   3000  0
 23.08  1    -50.57   -1.84    0      1    0   0x804F0106   13.1  -0.56   0.00   3000  0
 23.10  1    -50.61   -1.83    0      1    0   0x004F1106   13.1  -0.56   0.00   3000  0
 23.12  1    -50.64   -1.82    0      1    0   0x004F2106   13.1  -0.56   0.00   3000  0
 23.14  1    -50.68   -1.81    0      1    0   0x004F2D06   13.1  -0.56   0.00   3000  0
 23.16  1    -50.71   -1.79    0      1    0   0x804F3D06   13.2  -0.56   0.00   3000  0
 23.18  1    -50.75   -1.77    0      1    0   0x804F4906   13.2  -0.56   0.00   3000  0
 23.20  1    -50.78   -1.76    0      1    0   0x004F5906   13.2  -0.56   0.00   3000  0
 23.22  1    -50.82   -1.76    0      1    0   0x004F6506   13.2  -0.56   0.00   3000  0
 23.24  1    -50.85   -1.77    0      1    0   0x804F7506   13.2  -0.56   0.00   3000  0
 23.26  1    -50.89   -1.77    0      1    0   0x804F8506   13.3  -0.57   0.00   3000  0
 23.28  1    -50.93   -1.77    0      1    0   0x804F9106   13.3  -0.57   0.00   3000  0
 23.30  1    -50.96   -1.79    0      1    0   0x804FA106   13.3  -0.57   0.00   3000  0
 23.32  1    -51.00   -1.81    0      1    0   0x804FAD06   13.3  -0.57   0.00   3000  0
 23.34  1    -51.03   -1.82    0      1    0   0x004FBD06   13.3  -0.57   0.00   3000  0
 23.36  1    -51.07   -1.83    0      1    0   0x804FCD06   13.4  -0.57   0.00   3000  0
 23.38  1    -51.11   -1.83    0      1    0   0x804FD906   13.4  -0.57   0.00   3000  0
 23.40  1    -51.14   -1.83    0      1    0   0x804FE906   13.4  -0.57   0.00   3000  0
 23.42  1    -51.18   -1.83    0      1    0   0x004FF906   13.4  -0.57   0.00   3000  0
 23.44  1    -51.22   -1.83    0      1    0   0x80500506   13.4  -0.57   0.00   3000  0
 23.46  1    -51.25   -1.81    0      1    0   0x00501506   13.5  -0.57   0.00   3000  0
 23.48  1    -51.29   -1.80    0      1    0   0x80502106   13.5  -0.57   0.00   3000  0
 23.50  1    -51.32   -1.79    0      1    0   0x00503106   13.5  -0.57   0.00   3000  0
 23.52  1    -51.36   -1.78    0      1    0   0x80504106   13.5  -0.57   0.00   3000  0
 23.54  1    -51.40   -1.78    0      1    0   0x80504D06   13.5  -0.57   0.00   3000  0
 23.56  1    -51.43   -1.77    0      1    0   0x00505D06   13.6  -0.57   0.00   3000  0
 23.58  1    -51.47   -1.77    0      1    0   0x80506906   13.6  -0.57   0.00   3000  0
 23.60  1    -51.50   -1.78    0      1    0   0x00507906   13.6  -0.57   0.00   3000  0
 23.62  1    -51.54   -1.79    0      1    0   0x00508506   13.6  -0.57   0.00   3000  0
 23.64  1    -51.57   -1.80    0      1    0   0x80509506   13.6  -0.57   0.00   3000  0
 23.66  1    -51.61   -1.80    0      1    0   0x8050A506   13.7  -0.57   0.00   3000  0
 23.68  1    -51.65   -1.81    0      1    0   0x8050B106   13.7  -0.57   0.00   3000  0
 23.70  1    -51.68   -1.82    0      1    0   0x0050C106   13.7  -0.57   0.00   3000  0
 23.72  1    -51.72   -1.82    0      1    0   0x0050CD06   13.7  -0.57   0.00   3000  0
 23.74  1    -51.76   -1.83    0      1    0   0x8050DD06   13.7  -0.57   0.00   3000  0
 23.76  1    -51.79   -1.82    0      1    0   0x8050ED06   13.8  -0.58   0.00   3000  0
 23.78  1    -51.83   -1.81    0      1    0   0x8050F906   13.8  -0.58   0.00   3000  0
 23.80  1    -51.86   -1.81    0      1    0   0x00510906   13.8  -0.58   0.00   3000  0
 23.82  1    -51.90   -1.80    0      1    0   0x80511906   13.8  -0.58   0.00   3000  0
 23.84  1    -51.94   -1.80    0      1    0   0x80512506   13.8  -0.58   0.00   3000  0
 23.86  1    -51.97   -1.79    0      1    0   0x00513506   13.9  -0.58   0.00   3000  0
 23.88  1    -52.01   -1.78    0      1    0   0x00514106   13.9  -0.58   0.00   3000  0
 23.90  1    -52.04   -1.78    0      1    0   0x80515106   13.9  -0.58   0.00   3000  0
 23.92  1    -52.08   -1.78    0      1    0   0x80515D06   13.9  -0.58   0.00   3000  0
 23.94  1    -52.12   -1.79    0      1    0   0x80516D06   13.9  -0.58   0.00   3000  0
 23.96  1    -52.15   -1.79    0      1    0   0x00517D06   14.0  -0.58   0.00   3000  0
 23.98  1    -52.19   -1.79    0      1    0   0x80518906   14.0  -0.58   0.00   3000  0
 24.00  1    -52.22   -1.80    0      1    0   0x00519906   14.0  -0.58   0.00   3000  0
 24.02  1    -52.26   -1.81    0      1    0   0x0051A506   14.0  -0.58   0.00   3000  0
 24.04  1    -52.30   -1.82    0      1    0   0x8051B506   14.0  -0.58   0.00   3000  0
 24.06  1    -52.33   -1.82    0      1    0   0x0051C506   14.1  -0.58   0.00   3000  0
 24.08  1    -52.37   -1.81    0      1    0   0x0051D106   14.1  -0.58   0.00   3000  0
 24.10  1    -52.40   -1.81    0      1    0   0x0051E106   14.1  -0.58   0.00   3000  0
 24.12  1    -52.44   -1.81    0      1    0   0x8051F106   14.1  -0.58   0.00   3000  0
 24.14  1    -52.48   -1.81    0      1    0   0x8051FD06   14.1  -0.58   0.00   3000  0
 24.16  1    -52.51   -1.80    0      1    0   0x80520D06   14.2  -0.58   0.00   3000  0
 24.18  1    -52.55   -1.79    0      1    0   0x80521906   14.2  -0.58   0.00   3000  0
 24.20  1    -52.58   -1.79    0      1    0   0x80522906   14.2  -0.58   0.00   3000  0
 24.22  1    -52.62   -1.79    0      1    0   0x00523506   14.2  -0.58   0.00   3000  0
 24.24  1    -52.66   -1.79    0      1    0   0x80524506   14.2  -0.58   0.00   3000  0
 24.26  1    -52.69   -1.79    0      1    0   0x00525506   14.3  -0.59   0.00   3000  0
 24.28  1    -52.73   -1.78    0      1    0   0x80526106   14.3  -0.59   0.00   3000  0
 24.30  1    -52.76   -1.79    0      1    0   0x00527106   14.3  -0.59   0.00   3000  0
 24.32  1    -52.80   -1.80    0      1    0   0x00527D06   14.3  -0.59   0.00   3000  0
 24.34  1    -52.84   -1.81    0      1    0   0x00528D06   14.3  -0.59   0.00   3000  0
 24.36  1    -52.87   -1.81    0      1    0   0x80529D06   14.4  -0.59   0.00   3000  0
 24.38  1    -52.91   -1.80    0      1    0   0x0052A906   14.4  -0.59   0.00   3000  0
 24.40  1    -52.94   -1.81    0      1    0   0x8052B906   14.4  -0.59   0.00   3000  0
 24.42  1    -52.98   -1.81    0      1    0   0x0052C506   14.4  -0.59   0.00   3000  0
 24.44  1    -53.02   -1.81    0      1    0   0x8052D506   14.4  -0.59   0.00   3000  0
 24.46  1    -53.05   -1.81    0      1    0   0x8052E506   14.5  -0.59   0.00   3000  0
 24.48  1    -53.09   -1.80    0      1    0   0x8052F106   14.5  -0.59   0.00   3000  0
 24.50  1    -53.12   -1.80    0      1    0   0x00530106   14.5  -0.59   0.00   3000  0
 24.52  1    -53.16   -1.80    0      1    0   0x80531106   14.5  -0.59   0.00   3000  0
 24.54  1    -53.20   -1.80    0      1    0   0x80531D06   14.5  -0.59   0.00   3000  0
 24.56  1    -53.23   -1.79    0      1    0   0x80532D06   14.6  -0.59   0.00   3000  0
 24.58  1    -53.27   -1.79    0      1    0   0x80533906   14.6  -0.59   0.00   3000  0
 24.60  1    -53.30   -1.79    0      1    0   0x00534906   14.6  -0.59   0.00   3000  0
 24.62  1    -53.34   -1.80    0      1    0   0x80535506   14.6  -0.59   0.00   3000  0
 24.64  1    -53.38   -1.80    0      1    0   0x80536506   14.6  -0.59   0.00   3000  0
 24.66  1    -53.41   -1.80    0      1    0   0x00537506   14.7  -0.59   0.00   3000  0
 24.68  1    -53.45   -1.80    0      1    0   0x80538106   14.7  -0.59   0.00   3000  0
 24.70  1    -53.48   -1.80    0      1    0   0x00539106   14.7  -0.59   0.00   3000  0
 24.72  1    -53.52   -1.81    0      1    0   0x00539D06   14.7  -0.59   0.00   3000  0
 24.74  1    -53.56   -1.81    0      1    0   0x0053AD06   14.7  -0.59   0.00   3000  0
 24.76  1    -53.59   -1.81    0      1    0   0x8053BD06   14.8  -0.60   0.00   3000  0
 24.78  1    -53.63   -1.80    0      1    0   0x8053C906   14.8  -0.60   0.00   3000  0
 24.80  1    -53.66   -1.80    0      1    0   0x0053D906   14.8  -0.60   0.00   3000  0
 24.82  1    -53.70   -1.80    0      1    0   0x0053E906   14.8  -0.60   0.00   3000  0
 24.84  1    -53.74   -1.81    0      1    0   0x8053F506   14.8  -0.60   0.00   3000  0
 24.86  1    -53.77   -1.80    0      1    0   0x00540506   14.9  -0.60   0.00   3000  0
 24.88  1    -53.81   -1.79    0      1    0   0x00541106   14.9  -0.60   0.00   3000  0
 24.90  1    -53.84   -1.79    0      1    0   0x00542106   14.9  -0.60   0.00   3000  0
 24.92  1    -53.88   -1.80    0      1    0   0x00542D06   14.9  -0.60   0.00   3000  0
 24.94  1    -53.92   -1.80    0      1    0   0x80543D06   14.9  -0.60   0.00   3000  0
 24.96  1    -53.95   -1.80    0      1    0   0x00544D06   15.0  -0.60   0.00   3000  0
 24.98  1    -53.99   -1.79    0      1    0   0x00545906   15.0  -0.60   0.00   3000  0
 25.00  1    -54.02   -1.80    0      1    0   0x00546906   15.0  -0.60   0.00   3000  0
 25.02  1    -54.06   -1.74    0      1    0   0x80547506   15.0  -0.60   0.00   3000  0
 25.04  1    -54.09   -1.51    0      1    0   0x00548106   15.0  -0.60   0.00   3000  0
 25.06  1    -54.11   -1.15    0      1    0   0x00548D06   15.0  -0.60   0.00   3000  0
 25.08  1    -54.13   -0.67    0      1    0   0x80549106   15.0  -0.60   0.00   3000  0
 25.10  1    -54.13   -0.14    0      1    0   0x80549106   15.0  -0.60   0.00   3000  0
 25.12  1    -54.12    0.38    0      1    0   0x80549106   15.0  -0.60   0.00   3000  0
 25.14  1    -54.10    0.82    0      1    0   0x80548906   15.0  -0.60   0.00   3000  0
 25.16  1    -54.08    1.14    0      1    0   0x00548106   15.0  -0.60   0.00   3000  0
 25.18  1    -54.06    1.28    0      1    0   0x80547506   15.0  -0.60   0.00   3000  0
 25.20  1    -54.03    1.25    0      1    0   0x80546D06   15.0  -0.60   0.00   3000  0
 25.22  1    -54.01    1.05    0      1    0   0x80546106   15.0  -0.60   0.00   3000  0
 25.24  1    -53.99    0.72    0      1    0   0x80545D06   15.0  -0.60   0.00   3000  0
 25.26  1    -53.99    0.31    0      1    0   0x00545906   15.0  -0.60   0.00   3000  0
 25.28  1    -53.99   -0.10    0      1    0   0x80545D06   15.0  -0.60   0.00   3000  0
 25.30  1    -54.00   -0.48    0      1    0   0x80546106   15.0  -0.60   0.00   3000  0
 25.32  1    -54.02   -0.79    0      1    0   0x00546506   15.0  -0.60   0.00   3000  0
 25.34  1    -54.04   -0.99    0      1    0   0x80546D06   15.0  -0.60   0.00   3000  0
 25.36  1    -54.06   -1.04    0      1    0   0x80547506   15.0  -0.60   0.00   3000  0
 25.38  1    -54.08   -0.96    0      1    0   0x00547D06   15.0  -0.60   0.00   3000  0
 25.40  1    -54.09   -0.75    0      1    0   0x80548506   15.0  -0.60   0.00   3000  0
 25.42  1    -54.10   -0.45    0      1    0   0x80548506   15.0  -0.60   0.00   3000  0
 25.44  1    -54.10   -0.10    0      1    0   0x80548906   15.0  -0.60   0.00   3000  0
 25.46  1    -54.10    0.24    0      1    0   0x80548506   15.0  -0.60   0.00   3000  0
 25.48  1    -54.09    0.54    0      1    0   0x00548106   15.0  -0.60   0.00   3000  0
 25.50  1    -54.07    0.75    0      1    0   0x00547D06   15.0  -0.60   0.00   3000  0
 25.52  1    -54.05    0.85    0      1    0   0x80547506   15.0  -0.60   0.00   3000  0
 25.54  1    -54.04    0.84    0      1    0   0x80546D06   15.0  -0.60   0.00   3000  0
 25.56  1    -54.02    0.71    0      1    0   0x00546906   15.0  -0.60   0.00   3000  0
 25.58  1    -54.01    0.49    0      1    0   0x00546506   15.0  -0.60   0.00   3000  0
 25.60  1    -54.01    0.22    0      1    0   0x80546106   15.0  -0.60   0.00   3000  0
 25.62  1    -54.01   -0.07    0      1    0   0x00546506   15.0  -0.60   0.00   3000  0
 25.64  1    -54.02   -0.34    0      1    0   0x00546506   15.0  -0.60   0.00   3000  0
 25.66  1    -54.03   -0.55    0      1    0   0x00546906   15.0  -0.60   0.00   3000  0
 25.68  1    -54.04   -0.67    0      1    0   0x00547106   15.0  -0.60   0.00   3000  0
 25.70  1    -54.06   -0.70    0      1    0   0x80547506   15.0  -0.60   0.00   3000  0
 25.72  1    -54.07   -0.64    0      1    0   0x80547906   15.0  -0.60   0.00   3000  0
 25.74  1    -54.08   -0.49    0      1    0   0x00547D06   15.0  -0.60   0.00   3000  0
 25.76  1    -54.08   -0.28    0      1    0   0x00548106   15.0  -0.60   0.00   3000  0
 25.78  1    -54.08   -0.02    0      1    0   0x00548106   15.0  -0.60   0.00   3000  0
 25.80  1    -54.08    0.23    0      1    0   0x00547D06   15.0  -0.60   0.00   3000  0
 25.82  1    -54.07    0.43    0      1    0   0x00547D06   15.0  -0.60   0.00   3000  0
 25.84  1    -54.06    0.55    0      1    0   0x80547506   15.0  -0.60   0.00   3000  0
 25.86  1    -54.05    0.60    0      1    0   0x00547106   15.0  -0.60   0.00   3000  0
 25.88  1    -54.04    0.56    0      1    0   0x80546D06   15.0  -0.60   0.00   3000  0
 25.90  1    -54.03    0.44    0      1    0   0x00546906   15.0  -0.60   0.00   3000  0
 25.92  1    -54.02    0.28    0      1    0   0x00546906   15.0  -0.60   0.00   3000  0
 25.94  1    -54.02    0.08    0      1    0   0x00546906   15.0  -0.60   0.00   3000  0
 25.96  1    -54.02   -0.12    0      1    0   0x00546906   15.0  -0.60   0.00   3000  0
 25.98  1    -54.03   -0.29    0      1    0   0x00546906   15.0  -0.60   0.00   3000  0
 26.00  1    -54.04   -0.42    0      1    0   0x80546D06   15.0  -0.60   0.00   3000  0
 26.02  1    -54.05   -0.48    0      1    0   0x00547106   15.0  -0.60   0.00   3000  0
 26.04  1    -54.06   -0.48    0      1    0   0x80547506   15.0  -0.60   0.00   3000  0
 26.06  1    -54.06   -0.41    0      1    0   0x80547906   15.0  -0.60   0.00   3000  0
 26.08  1    -54.07   -0.29    0      1    0   0x00547D06   15.0  -0.60   0.00   3000  0
 26.10  1    -54.07   -0.13    0      1    0   0x00547D06   15.0  -0.60   0.00   3000  0
 26.12  1    -54.07    0.03    0      1    0   0x00547D06   15.0  -0.60   0.00   3000  0
 26.14  1    -54.07    0.19    0      1    0   0x80547906   15.0  -0.60   0.00   3000  0
 26.16  1    -54.06    0.31    0      1    0   0x80547906   15.0  -0.60   0.00   3000  0
 26.18  1    -54.06    0.39    0      1    0   0x80547506   15.0  -0.60   0.00   3000  0
 26.20  1    -54.05    0.41    0      1    0   0x00547106   15.0  -0.60   0.00   3000  0
 26.22  1    -54.04    0.37    0      1    0   0x80546D06   15.0  -0.60   0.00   3000  0
 26.24  1    -54.03    0.29    0      1    0   0x80546D06   15.0  -0.60   0.00   3000  0
 26.26  1    -54.03    0.17    0      1    0   0x80546D06   15.0  -0.60   0.00   3000  0
 26.28  1    -54.03    0.04    0      1    0   0x00546906   15.0  -0.60   0.00   3000  0
 26.30  1    -54.03   -0.10    0      1    0   0x80546D06   15.0  -0.60   0.00   3000  0
 26.32  1    -54.04   -0.21    0      1    0   0x80546D06   15.0  -0.60   0.00   3000  0
 26.34  1    -54.04   -0.29    0      1    0   0x00547106   15.0  -0.60   0.00   3000  0
 26.36  1    -54.05   -0.33    0      1    0   0x00547106   15.0  -0.60   0.00   3000  0
 26.38  1    -54.05   -0.32    0      1    0   0x80547506   15.0  -0.60   0.00   3000  0
 26.40  1    -54.06   -0.27    0      1    0   0x80547506   15.0  -0.60   0.00   3000  0
 26.42  1    -54.06   -0.19    0      1    0   0x80547906   15.0  -0.60   0.00   3000  0
 26.44  1    -54.07   -0.08    0      1    0   0x80547906   15.0  -0.60   0.00   3000  0
 26.46  1    -54.06    0.03    0      1    0   0x80547906   15.0  -0.60   0.00   3000  0
 26.48  1    -54.06    0.14    0      1    0   0x80547906   15.0  -0.60   0.00   3000  0
 26.50  1    -54.06    0.22    0      1    0   0x80547506   15.0  -0.60   0.00   3000  0
 26.52  1    -54.05    0.27    0      1    0   0x80547506   15.0  -0.60   0.00   3000  0
 26.54  1    -54.05    0.28    0      1    0   0x00547106   15.0  -0.60   0.00   3000  0
 26.56  1    -54.04    0.25    0      1    0   0x00547106   15.0  -0.60   0.00   3000  0
 26.58  1    -54.04    0.19    0      1    0   0x80546D06   15.0  -0.60   0.00   3000  0
 26.60  1    -54.04    0.11    0      1    0   0x80546D06   15.0  -0.60   0.00   3000  0
 26.62  1    -54.04    0.02    0      1    0   0x80546D06   15.0  -0.60   0.00   3000  0
 26.64  1    -54.04   -0.07    0      1    0   0x80546D06   15.0  -0.60   0.00   3000  0
 26.66  1    -54.04   -0.15    0      1    0   0x80546D06   15.0  -0.60   0.00   3000  0
 26.68  1    -54.04   -0.20    0      1    0   0x00547106   15.0  -0.60   0.00   3000  0
 26.70  1    -54.05   -0.22    0      1    0   0x00547106   15.0  -0.60   0.00   3000  0
 26.72  1    -54.05   -0.22    0      1    0   0x80547506   15.0  -0.60   0.00   3000  0
 26.74  1    -54.06   -0.18    0      1    0   0x80547506   15.0  -0.60   0.00   3000  0
 26.76  1    -54.06   -0.12    0      1    0   0x80547506   15.0  -0.60   0.00   3000  0
 26.78  1    -54.06   -0.04    0      1    0   0x80547506   15.0  -0.60   0.00   3000  0
 26.80  1    -54.06    0.03    0      1    0   0x80547506   15.0  -0.60   0.00   3000  0
 26.82  1    -54.06    0.10    0      1    0   0x80547506   15.0  -0.60   0.00   3000  0
 26.84  1    -54.05    0.15    0      1    0   0x80547506   15.0  -0.60   0.00   3000  0
 26.86  1    -54.05    0.18    0      1    0   0x00547106   15.0  -0.60   0.00   3000  0
 26.88  1    -54.05    0.19    0      1    0   0x00547106   15.0  -0.60   0.00   3000  0
 26.90  1    -54.04    0.17    0      1    0   0x00547106   15.0  -0.60   0.00   3000  0
 26.92  1    -54.04    0.12    0      1    0   0x00547106   15.0  -0.60   0.00   3000  0
 26.94  1    -54.04    0.07    0      1    0   0x80546D06   15.0  -0.60   0.00   3000  0
 26.96  1    -54.04    0.01    0      1    0   0x80546D06   15.0  -0.60   0.00   3000  0
 26.98  1    -54.04   -0.06    0      1    0   0x80546D06   15.0  -0.60   0.00   3000  0
 27.00  1    -54.04   -0.11    0      1    0   0x00547106   15.0  -0.60   0.00   3000  0
 27.02  1    -54.04   -0.14    0      1    0   0x00547106   15.0  -0.60   0.00   3000  0
 27.04  1    -54.05   -0.15    0      1    0   0x00547106   15.0  -0.60   0.00   3000  0
 27.06  1    -54.05   -0.14    0      1    0   0x80547506   15.0  -0.60   0.00   3000  0
 27.08  1    -54.05   -0.12    0      1    0   0x80547506   15.0  -0.60   0.00   3000  0
 27.10  1    -54.05   -0.07    0      1    0   0x80547506   15.0  -0.60   0.00   3000  0
 27.12  1    -54.05   -0.02    0      1    0   0x80547506   15.0  -0.60   0.00   3000  0
 27.14  1    -54.05    0.03    0      1    0   0x80547506   15.0  -0.60   0.00   3000  0
 27.16  1    -54.05    0.07    0      1    0   0x80547506   15.0  -0.60   0.00   3000  0
 27.18  1    -54.05    0.11    0      1    0   0x80547506   15.0  -0.60   0.00   3000  0
 27.20  1    -54.05    0.13    0      1    0   0x00547106   15.0  -0.60   0.00   3000  0
 27.22  1    -54.05    0.13    0      1    0   0x00547106   15.0  -0.60   0.00   3000  0
 27.24  1    -54.04    0.11    0      1    0   0x00547106   15.0  -0.60   0.00   3000  0
 27.26  1    -54.04    0.08    0      1    0   0x00547106   15.0  -0.60   0.00   3000  0
 27.28  1    -54.04    0.04    0      1    0   0x00547106   15.0  -0.60   0.00   3000  0
 27.30  1    -54.04   -0.00    0      1    0   0x00547106   15.0  -0.60   0.00   3000  0
 27.32  1    -54.04   -0.04    0      1    0   0x00547106   15.0  -0.60   0.00   3000  0
 27.34  1    -54.04   -0.07    0      1    0   0x00547106   15.0  -0.60   0.00   3000  0
 27.36  1    -54.05   -0.10    0      1    0   0x00547106   15.0  -0.60   0.00   3000  0
 27.38  1    -54.05   -0.10    0      1    0   0x00547106   15.0  -0.60   0.00   3000  0
 27.40  1    -54.05   -0.10    0      1    0   0x00547106   15.0  -0.60   0.00   3000  0
 27.42  1    -54.05   -0.08    0      1    0   0x80547506   15.0  -0.60   0.00   3000  0
 27.44  1    -54.05   -0.05    0      1    0   0x80547506   15.0  -0.60   0.00   3000  0
 27.46  1    -54.05   -0.01    0      1    0   0x80547506   15.0  -0.60   0.00   3000  0
 27.48  1    -54.05    0.02    0      1    0   0x80547506   15.0  -0.60   0.00   3000  0
 27.50  1    -54.05    0.05    0      1    0   0x80547506   15.0  -0.60   0.00   3000  0
 27.52  1    -54.05    0.08    0      1    0   0x00547106   15.0  -0.60   0.00   3000  0
 27.54  1    -54.05    0.09    0      1    0   0x00547106   15.0  -0.60   0.00   3000  0
 27.56  1    -54.05    0.09    0      1    0   0x00547106   15.0  -0.60   0.00   3000  0
 27.58  1    -54.04    0.07    0      1    0   0x00547106   15.0  -0.60   0.00   3000  0
 27.60  1    -54.04    0.05    0      1    0   0x00547106   15.0  -0.60   0.00   3000  0
 27.62  1    -54.04    0.03    0      1    0   0x00547106   15.0  -0.60   0.00   3000  0
 27.64  1    -54.04   -0.00    0      1    0   0x00547106   15.0  -0.60   0.00   3000  0
 27.66  1    -54.04   -0.03    0      1    0   0x00547106   15.0  -0.60   0.00   3000  0
 27.68  1    -54.04   -0.05    0      1    0   0x00547106   15.0  -0.60   0.00   3000  0
 27.70  1    -54.05   -0.07    0      1    0   0x00547106   15.0  -0.60   0.00   3000  0
 27.72  1    -54.05   -0.07    0      1    0   0x00547106   15.0  -0.60   0.00   3000  0
 27.74  1    -54.05   -0.06    0      1    0   0x00547106   15.0  -0.60   0.00   3000  0
 27.76  1    -54.05   -0.05    0      1    0   0x00547106   15.0  -0.60   0.00   3000  0
 27.78  1    -54.05   -0.03    0      1    0   0x00547106   15.0  -0.60   0.00   3000  0
 27.80  1    -54.05   -0.00    0      1    0   0x00547106   15.0  -0.60   0.00   3000  0
 27.82  1    -54.05    0.02    0      1    0   0x00547106   15.0  -0.60   0.00   3000  0
 27.84  1    -54.05    0.04    0      1    0   0x00547106   15.0  -0.60   0.00   3000  0
 27.86  1    -54.05    0.05    0      1    0   0x00547106   15.0  -0.60   0.00   3000  0
 27.88  1    -54.05    0.06    0      1    0   0x00547106   15.0  -0.60   0.00   3000  0
 27.90  1    -54.04    0.06    0      1    0   0x00547106   15.0  -0.60   0.00   3000  0
 27.92  1    -54.04    0.05    0      1    0   0x00547106   15.0  -0.60   0.00   3000  0
 27.94  1    -54.04    0.03    0      1    0   0x00547106   15.0  -0.60   0.00   3000  0
 27.96  1    -54.04    0.02    0      1    0   0x00547106   15.0  -0.60   0.00   3000  0
 27.98  1    -54.04   -0.00    0      1    0   0x00547106   15.0  -0.60   0.00   3000  0
 28.00  1    -54.04   -0.02    0      1    0   0x00547106   15.0  -0.60   0.00   3000  0
 28.02  1    -54.04   -0.04    0      1    0   0x00547106   15.0  -0.60   0.00   3000  0
 28.04  1    -54.05   -0.04    0      1    0   0x00547106   15.0  -0.60   0.00   3000  0
 28.06  1    -54.05   -0.05    0      1    0   0x00547106   15.0  -0.60   0.00   3000  0
 28.08  1    -54.05   -0.04    0      1    0   0x00547106   15.0  -0.60   0.00   3000  0
 28.10  1    -54.05   -0.03    0      1    0   0x00547106   15.0  -0.60   0.00   3000  0
 28.12  1    -54.05   -0.02    0      1    0   0x00547106   15.0  -0.60   0.00   3000  0
 28.14  1    -54.05   -0.00    0      1    0   0x00547106   15.0  -0.60   0.00   3000  0
 28.16  1    -54.05    0.01    0      1    0   0x00547106   15.0  -0.60   0.00   3000  0
 28.18  1    -54.05    0.03    0      1    0   0x00547106   15.0  -0.60   0.00   3000  0
 28.20  1    -54.05    0.04    0      1    0   0x00547106   15.0  -0.60   0.00   3000  0
 28.22  1    -54.05    0.04    0      1    0   0x00547106   15.0  -0.60   0.00   3000  0
 28.24  1    -54.04    0.04    0      1    0   0x00547106   15.0  -0.60   0.00   3000  0
 28.26  1    -54.04    0.03    0      1    0   0x00547106   15.0  -0.60   0.00   3000  0
 28.28  1    -54.04    0.02    0      1    0   0x00547106   15.0  -0.60   0.00   3000  0
 28.30  1    -54.04    0.01    0      1    0   0x00547106   15.0  -0.60   0.00   3000  0
 28.32  1    -54.04   -0.00    0      1    0   0x00547106   15.0  -0.60   0.00   3000  0
 28.34  1    -54.04   -0.02    0      1    0   0x00547106   15.0  -0.60   0.00   3000  0
 28.36  1    -54.04   -0.02    0      1    0   0x00547106   15.0  -0.60   0.00   3000  0
 28.38  1    -54.04   -0.03    0      1    0   0x00547106   15.0  -0.60   0.00   3000  0
 28.40  1    -54.05   -0.03    0      1    0   0x00547106   15.0  -0.60   0.00   3000  0
 28.42  1    -54.05   -0.03    0      1    0   0x00547106   15.0  -0.60   0.00   3000  0
 28.44  1    -54.05   -0.02    0      1    0   0x00547106   15.0  -0.60   0.00   3000  0
 28.46  1    -54.05   -0.01    0      1    0   0x00547106   15.0  -0.60   0.00   3000  0
 28.48  1    -54.05    0.00    0      1    0   0x00547106   15.0  -0.60   0.00   3000  0
 28.50  1    -54.05    0.01    0      1    0   0x00547106   15.0  -0.60   0.00   3000  0
 28.52  1    -54.05    0.02    0      1    0   0x00547106   15.0  -0.60   0.00   3000  0
 28.54  1    -54.05    0.03    0      1    0   0x00547106   15.0  -0.60   0.00   3000  0
 28.56  1    -54.04    0.03    0      1    0   0x00547106   15.0  -0.60   0.00   3000  0
 28.58  1    -54.04    0.03    0      1    0   0x00547106   15.0  -0.60   0.00   3000  0
 28.60  1    -54.04    0.02    0      1    0   0x00547106   15.0  -0.60   0.00   3000  0
 28.62  1    -54.04    0.02    0      1    0   0x00547106   15.0  -0.60   0.00   3000  0
 28.64  1    -54.04    0.01    0      1    0   0x00547106   15.0  -0.60   0.00   3000  0
 28.66  1    -54.04   -0.00    0      1    0   0x00547106   15.0  -0.60   0.00   3000  0
 28.68  1    -54.04   -0.01    0      1    0   0x00547106   15.0  -0.60   0.00   3000  0
 28.70  1    -54.04   -0.02    0      1    0   0x00547106   15.0  -0.60   0.00   3000  0
 28.72  1    -54.04   -0.02    0      1    0   0x00547106   15.0  -0.60   0.00   3000  0
 28.74  1    -54.04   -0.02    0      1    0   0x00547106   15.0  -0.60   0.00   3000  0
 28.76  1    -54.04   -0.02    0      1    0   0x00547106   15.0  -0.60   0.00   3000  0
 28.78  1    -54.05   -0.01    0      1    0   0x00547106   15.0  -0.60   0.00   3000  0
 28.80  1    -54.05   -0.01    0      1    0   0x00547106   15.0  -0.60   0.00   3000  0
 28.82  1    -54.05    0.00    0      1    0   0x00547106   15.0  -0.60   0.00   3000  0
 28.84  1    -54.05    0.01    0      1    0   0x00547106   15.0  -0.60   0.00   3000  0
 28.86  1    -54.04    0.02    0      1    0   0x00547106   15.0  -0.60   0.00   3000  0
 28.88  1    -54.04    0.02    0      1    0   0x00547106   15.0  -0.60   0.00   3000  0
 28.90  1    -54.04    0.02    0      1    0   0x00547106   15.0  -0.60   0.00   3000  0
 28.92  1    -54.04    0.02    0      1    0   0x00547106   15.0  -0.60   0.00   3000  0
 28.94  1    -54.04    0.02    0      1    0   0x00547106   15.0  -0.60   0.00   3000  0
 28.96  1    -54.04    0.01    0      1    0   0x00547106   15.0  -0.60   0.00   3000  0
 28.98  1    -54.04    0.00    0      1    0   0x00547106   15.0  -0.60   0.00   3000  0
 29.00  1    -54.04   -0.00    0      1    0   0x00547106   15.0  -0.60   0.00   3000  0
 29.02  1    -54.04   -0.01    0      1    0   0x00547106   15.0  -0.60   0.00   3000  0
 29.04  1    -54.04   -0.01    0      1    0   0x00547106   15.0  -0.60   0.00   3000  0
 29.06  1    -54.04   -0.01    0      1    0   0x00547106   15.0  -0.60   0.00   3000  0
 29.08  1    -54.04   -0.01    0      1    0   0x00547106   15.0  -0.60   0.00   3000  0
 29.10  1    -54.04   -0.01    0      1    0   0x00547106   15.0  -0.60   0.00   3000  0
 29.12  1    -54.04   -0.01    0      1    0   0x00547106   15.0  -0.60   0.00   3000  0
 29.14  1    -54.04   -0.00    0      1    0   0x00547106   15.0  -0.60   0.00   3000  0
 29.16  1    -54.04    0.00    0      1    0   0x00547106   15.0  -0.60   0.00   3000  0
 29.18  1    -54.04    0.01    0      1    0   0x00547106   15.0  -0.60   0.00   3000  0
 29.20  1    -54.04    0.01    0      1    0   0x00547106   15.0  -0.60   0.00   3000  0
 29.22  1    -54.04    0.01    0      1    0   0x00547106   15.0  -0.60   0.00   3000  0
 29.24  1    -54.04    0.01    0      1    0   0x00547106   15.0  -0.60   0.00   3000  0
 29.26  1    -54.04    0.01    0      1    0   0x00547106   15.0  -0.60   0.00   3000  0
 29.28  1    -54.04    0.01    0      1    0   0x00547106   15.0  -0.60   0.00   3000  0
 29.30  1    -54.04    0.01    0      1    0   0x00547106   15.0  -0.60   0.00   3000  0
 29.32  1    -54.04    0.00    0      1    0   0x00547106   15.0  -0.60   0.00   3000  0
 29.34  1    -54.04   -0.00    0      1    0   0x00547106   15.0  -0.60   0.00   3000  0
 29.36  1    -54.04   -0.00    0      1    0   0x00547106   15.0  -0.60   0.00   3000  0
 29.38  1    -54.04   -0.01    0      1    0   0x00547106   15.0  -0.60   0.00   3000  0
 29.40  1    -54.04   -0.01    0      1    0   0x00547106   15.0  -0.60   0.00   3000  0
 29.42  1    -54.04   -0.01    0      1    0   0x00547106   15.0  -0.60   0.00   3000  0
 29.44  1    -54.04   -0.01    0      1    0   0x00547106   15.0  -0.60   0.00   3000  0
 29.46  1    -54.04   -0.00    0      1    0   0x00547106   15.0  -0.60   0.00   3000  0
 29.48  1    -54.04   -0.00    0      1    0   0x00547106   15.0  -0.60   0.00   3000  0
 29.50  1    -54.04    0.00    0      1    0   0x00547106   15.0  -0.60   0.00   3000  0
 29.52  1    -54.04    0.01    0      1    0   0x00547106   15.0  -0.60   0.00   3000  0
 29.54  1    -54.04    0.01    0      1    0   0x00547106   15.0  -0.60   0.00   3000  0
 29.56  1    -54.04    0.01    0      1    0   0x00547106   15.0  -0.60   0.00   3000  0
 29.58  1    -54.04    0.01    0      1    0   0x00547106   15.0  -0.60   0.00   3000  0
 29.60  1    -54.04    0.01    0      1    0   0x00547106   15.0  -0.60   0.00   3000  0
 29.62  1    -54.04    0.01    0      1    0   0x00547106   15.0  -0.60   0.00   3000  0
 29.64  1    -54.04    0.01    0      1    0   0x00547106   15.0  -0.60   0.00   3000  0
 29.66  1    -54.04    0.00    0      1    0   0x00547106   15.0  -0.60   0.00   3000  0
 29.68  1    -54.04   -0.00    0      1    0   0x00547106   15.0  -0.60   0.00   3000  0
 29.70  1    -54.04   -0.00    0      1    0   0x00547106   15.0  -0.60   0.00   3000  0
 29.72  1    -54.04   -0.00    0      1    0   0x00547106   15.0  -0.60   0.00   3000  0
 29.74  1    -54.04   -0.01    0      1    0   0x00547106   15.0  -0.60   0.00   3000  0
 29.76  1    -54.04   -0.00    0      1    0   0x00547106   15.0  -0.60   0.00   3000  0
 29.78  1    -54.04   -0.00    0      1    0   0x00547106   15.0  -0.60   0.00   3000  0
 29.80  1    -54.04   -0.00    0      1    0   0x00547106   15.0  -0.60   0.00   3000  0
 29.82  1    -54.04    0.00    0      1    0   0x00547106   15.0  -0.60   0.00   3000  0
 29.84  1    -54.04    0.00    0      1    0   0x00547106   15.0  -0.60   0.00   3000  0
 29.86  1    -54.04    0.00    0      1    0   0x00547106   15.0  -0.60   0.00   3000  0
 29.88  1    -54.04    0.01    0      1    0   0x00547106   15.0  -0.60   0.00   3000  0
 29.90  1    -54.04    0.01    0      1    0   0x00547106   15.0  -0.60   0.00   3000  0
 29.92  1    -54.04    0.01    0      1    0   0x00547106   15.0  -0.60   0.00   3000  0
 29.94  1    -54.04    0.01    0      1    0   0x00547106   15.0  -0.60   0.00   3000  0
 29.96  1    -54.04    0.01    0      1    0   0x00547106   15.0  -0.60   0.00   3000  0
 29.98  1    -54.04    0.00    0      1    0   0x00547106   15.0  -0.60   0.00   3000  0
 30.00  1    -54.04    0.00    0      1    0   0x00547106   15.0  -0.60   0.00   3000  0
 30.02  1    -54.04   -0.00    0      1    0   0x00547106   15.0  -0.60   0.00   3000  0
 30.04  1    -54.04   -0.00    0      1    0   0x00547106   15.0  -0.60   0.00   3000  0
 30.06  1    -54.04   -0.00    0      1    0   0x00547106   15.0  -0.60   0.00   3000  0
 30.08  1    -54.04    0.02    0      1    0   0x00547106   15.0  -0.60   0.00   3000  0
 30.10  1    -54.04    0.04    0      1    0   0x00547106   15.0  -0.60   0.00   3000  0
 30.12  1    -54.04    0.04    0      1    0   0x80546D06   15.0  -0.60   0.00   3000  0
 30.14  1    -54.04    0.03    0      1    0   0x80546D06   15.0  -0.60   0.00   3000  0
 30.16  1    -54.04    0.02    0      1    0   0x80546D06   15.0  -0.60   0.00   3000  0
 30.18  1    -54.04   -0.00    0      1    0   0x80546D06   15.0  -0.60   0.00   3000  0
 30.20  1    -54.04   -0.02    0      1    0   0x80546D06   15.0  -0.60   0.00   3000  0
 30.22  1    -54.04   -0.03    0      1    0   0x00547106   15.0  -0.60   0.00   3000  0
 30.24  1    -54.04   -0.04    0      1    0   0x00547106   15.0  -0.60   0.00   3000  0
 30.26  1    -54.04   -0.05    0      1    0   0x00547106   15.0  -0.60   0.00   3000  0
 30.28  1    -54.04   -0.04    0      1    0   0x00547106   15.0  -0.60   0.00   3000  0
 30.30  1    -54.04   -0.03    0      1    0   0x00547106   15.0  -0.60   0.00   3000  0
 30.32  1    -54.04   -0.02    0      1    0   0x00547106   15.0  -0.60   0.00   3000  0
 30.34  1    -54.04   -0.00    0      1    0   0x00547106   15.0  -0.60   0.00   3000  0
 30.36  1    -54.04    0.01    0      1    0   0x00547106   15.0  -0.60   0.00   3000  0
 30.38  1    -54.04    0.03    0      1    0   0x00547106   15.0  -0.60   0.00   3000  0
 30.40  1    -54.04    0.04    0      1    0   0x00547106   15.0  -0.60   0.00   3000  0
 30.42  1    -54.04    0.04    0      1    0   0x00547106   15.0  -0.60   0.00   3000  0
 30.44  1    -54.04    0.04    0      1    0   0x00547106   15.0  -0.60   0.00   3000  0
 30.46  1    -54.04    0.03    0      1    0   0x00547106   15.0  -0.60   0.00   3000  0
 30.48  1    -54.04    0.02    0      1    0   0x80546D06   15.0  -0.60   0.00   3000  0
 30.50  1    -54.04    0.01    0      1    0   0x80546D06   15.0  -0.60   0.00   3000  0
 30.52  1    -54.04   -0.00    0      1    0   0x80546D06   15.0  -0.60   0.00   3000  0
 30.54  1    -54.04   -0.01    0      1    0   0x80546D06   15.0  -0.60   0.00   3000  0
 30.56  1    -54.04   -0.02    0      1    0   0x00547106   15.0  -0.60   0.00   3000  0
 30.58  1    -54.04   -0.01    0      1    0   0x00547106   15.0  -0.60   0.00   3000  0
 30.60  1    -54.04    0.01    0      1    0   0x00547106   15.0  -0.60   0.00   3000  0
 30.62  1    -54.04    0.01    0      1    0   0x80546D06   15.0  -0.60   0.00   3000  0
 30.64  1    -54.04    0.01    0      1    0   0x80546D06   15.0  -0.60   0.00   3000  0
 30.66  1    -54.04    0.00    0      1    0   0x80546D06   15.0  -0.60   0.00   3000  0
 30.68  1    -54.04   -0.00    0      1    0   0x80546D06   15.0  -0.60   0.00   3000  0
 30.70  1    -54.04   -0.01    0      1    0   0x80546D06   15.0  -0.60   0.00   3000  0
 30.72  1    -54.04   -0.02    0      1    0   0x00547106   15.0  -0.60   0.00   3000  0
 30.74  1    -54.04   -0.02    0      1    0   0x00547106   15.0  -0.60   0.00   3000  0
 30.76  1    -54.04   -0.02    0      1    0   0x00547106   15.0  -0.60   0.00   3000  0
 30.78  1    -54.04   -0.02    0      1    0   0x00547106   15.0  -0.60   0.00   3000  0
 30.80  1    -54.04   -0.01    0      1    0   0x00547106   15.0  -0.60   0.00   3000  0
 30.82  1    -54.04   -0.01    0      1    0   0x00547106   15.0  -0.60   0.00   3000  0
 30.84  1    -54.04    0.00    0      1    0   0x00547106   15.0  -0.60   0.00   3000  0
 30.86  1    -54.04    0.01    0      1    0   0x00547106   15.0  -0.60   0.00   3000  0
 30.88  1    -54.04    0.02    0      1    0   0x00547106   15.0  -0.60   0.00   3000  0
 30.90  1    -54.04    0.02    0      1    0   0x00547106   15.0  -0.60   0.00   3000  0
 30.92  1    -54.04    0.02    0      1    0   0x00547106   15.0  -0.60   0.00   3000  0
 30.94  1    -54.04    0.02    0      1    0   0x80546D06   15.0  -0.60   0.00   3000  0
 30.96  1    -54.04    0.02    0      1    0   0x80546D06   15.0  -0.60   0.00   3000  0
 30.98  1    -54.04    0.01    0      1    0   0x80546D06   15.0  -0.60   0.00   3000  0
 31.00  1    -54.04    0.00    0      1    0   0x80546D06   15.0  -0.60   0.00   3000  0
 31.02  1    -54.04   -0.00    0      1    0   0x80546D06   15.0  -0.60   0.00   3000  0
 31.04  1    -54.04   -0.01    0      1    0   0x80546D06   15.0  -0.60   0.00   3000  0
 31.06  1    -54.04   -0.01    0      1    0   0x80546D06   15.0  -0.60   0.00   3000  0
 31.08  1    -54.04   -0.02    0      1    0   0x00547106   15.0  -0.60   0.00   3000  0
 31.10  1    -54.04   -0.02    0      1    0   0x00547106   15.0  -0.60   0.00   3000  0
 31.12  1    -54.04   -0.01    0      1    0   0x00547106   15.0  -0.60   0.00   3000  0
 31.14  1    -54.04   -0.01    0      1    0   0x00547106   15.0  -0.60   0.00   3000  0
 31.16  1    -54.04   -0.00    0      1    0   0x00547106   15.0  -0.60   0.00   3000  0
 31.18  1    -54.04    0.00    0      1    0   0x00547106   15.0  -0.60   0.00   3000  0
 31.20  1    -54.04    0.01    0      1    0   0x00547106   15.0  -0.60   0.00   3000  0
 31.22  1    -54.04    0.01    0      1    0   0x00547106   15.0  -0.60   0.00   3000  0
 31.24  1    -54.04    0.02    0      1    0   0x00547106   15.0  -0.60   0.00   3000  0
 31.26  1    -54.04    0.02    0      1    0   0x80546D06   15.0  -0.60   0.00   3000  0
 31.28  1    -54.04    0.01    0      1    0   0x80546D06   15.0  -0.60   0.00   3000  0
 31.30  1    -54.04    0.01    0      1    0   0x80546D06   15.0  -0.60   0.00   3000  0
 31.32  1    -54.04    0.01    0      1    0   0x80546D06   15.0  -0.60   0.00   3000  0
 31.34  1    -54.04    0.00    0      1    0   0x80546D06   15.0  -0.60   0.00   3000  0
 31.36  1    -54.04   -0.00    0      1    0   0x80546D06   15.0  -0.60   0.00   3000  0
 31.38  1    -54.04   -0.01    0      1    0   0x80546D06   15.0  -0.60   0.00   3000  0
 31.40  1    -54.04   -0.01    0      1    0   0x80546D06   15.0  -0.60   0.00   3000  0
 31.42  1    -54.04   -0.01    0      1    0   0x80546D06   15.0  -0.60   0.00   3000  0
 31.44  1    -54.04   -0.01    0      1    0   0x80546D06   15.0  -0.60   0.00   3000  0
 31.46  1    -54.04   -0.01    0      1    0   0x80546D06   15.0  -0.60   0.00   3000  0
 31.48  1    -54.04   -0.00    0      1    0   0x00547106   15.0  -0.60   0.00   3000  0
 31.50  1    -54.04   -0.00    0      1    0   0x00547106   15.0  -0.60   0.00   3000  0
 31.52  1    -54.04    0.00    0      1    0   0x00547106   15.0  -0.60   0.00   3000  0
 31.54  1    -54.04    0.01    0      1    0   0x80546D06   15.0  -0.60   0.00   3000  0
 31.56  1    -54.04    0.01    0      1    0   0x80546D06   15.0  -0.60   0.00   3000  0
 31.58  1    -54.04    0.01    0      1    0   0x80546D06   15.0  -0.60   0.00   3000  0
 31.60  1    -54.04    0.01    0      1    0   0x80546D06   15.0  -0.60   0.00   3000  0
 31.62  1    -54.04    0.01    0      1    0   0x80546D06   15.0  -0.60   0.00   3000  0
 31.64  1    -54.04    0.01    0      1    0   0x80546D06   15.0  -0.60   0.00   3000  0
 31.66  1    -54.04    0.01    0      1    0   0x80546D06   15.0  -0.60   0.00   3000  0
 31.68  1    -54.04    0.00    0      1    0   0x80546D06   15.0  -0.60   0.00   3000  0
 31.70  1    -54.04   -0.00    0      1    0   0x80546D06   15.0  -0.60   0.00   3000  0
 31.72  1    -54.04   -0.00    0      1    0   0x80546D06   15.0  -0.60   0.00   3000  0
 31.74  1    -54.04   -0.01    0      1    0   0x80546D06   15.0  -0.60   0.00   3000  0
 31.76  1    -54.04   -0.01    0      1    0   0x80546D06   15.0  -0.60   0.00   3000  0
 31.78  1    -54.04   -0.01    0      1    0   0x80546D06   15.0  -0.60   0.00   3000  0
 31.80  1    -54.04   -0.00    0      1    0   0x80546D06   15.0  -0.60   0.00   3000  0
 31.82  1    -54.04   -0.00    0      1    0   0x80546D06   15.0  -0.60   0.00   3000  0
 31.84  1    -54.04    0.00    0      1    0   0x80546D06   15.0  -0.60   0.00   3000  0
 31.86  1    -54.04    0.00    0      1    0   0x80546D06   15.0  -0.60   0.00   3000  0
 31.88  1    -54.04    0.01    0      1    0   0x80546D06   15.0  -0.60   0.00   3000  0
 31.90  1    -54.04    0.01    0      1    0   0x80546D06   15.0  -0.60   0.00   3000  0
 31.92  1    -54.04    0.01    0      1    0   0x80546D06   15.0  -0.60   0.00   3000  0
 31.94  1    -54.04    0.01    0      1    0   0x80546D06   15.0  -0.60   0.00   3000  0
 31.96  1    -54.04    0.01    0      1    0   0x80546D06   15.0  -0.60   0.00   3000  0
 31.98  1    -54.04    0.01    0      1    0   0x80546D06   15.0  -0.60   0.00   3000  0
 32.00  1    -54.04    0.00    0      1    0   0x80546D06   15.0  -0.60   0.00   3000  0
 32.02  1    -54.04    0.00    0      1    0   0x80546D06   15.0  -0.60   0.00   3000  0
 32.04  1    -54.04   -0.00    0      1    0   0x80546D06   15.0  -0.60   0.00   3000  0
 32.06  1    -54.04   -0.00    0      1    0   0x80546D06   15.0  -0.60   0.00   3000  0
 32.08  1    -54.04   -0.00    0      1    0   0x80546D06   15.0  -0.60   0.00   3000  0
 32.10  1    -54.04   -0.00    0      1    0   0x80546D06   15.0  -0.60   0.00   3000  0
 32.12  1    -54.04   -0.00    0      1    0   0x80546D06   15.0  -0.60   0.00   3000  0
 32.14  1    -54.04   -0.00    0      1    0   0x80546D06   15.0  -0.60   0.00   3000  0
 32.16  1    -54.04   -0.00    0      1    0   0x80546D06   15.0  -0.60   0.00   3000  0
 32.18  1    -54.04    0.00    0      1    0   0x80546D06   15.0  -0.60   0.00   3000  0
 32.20  1    -54.04    0.00    0      1    0   0x80546D06   15.0  -0.60   0.00   3000  0
 32.22  1    -54.04    0.00    0      1    0   0x80546D06   15.0  -0.60   0.00   3000  0
 32.24  1    -54.04    0.01    0      1    0   0x80546D06   15.0  -0.60   0.00   3000  0
 32.26  1    -54.04    0.01    0      1    0   0x80546D06   15.0  -0.60   0.00   3000  0
 32.28  1    -54.04    0.01    0      1    0   0x80546D06   15.0  -0.60   0.00   3000  0
 32.30  1    -54.04    0.01    0      1    0   0x80546D06   15.0  -0.60   0.00   3000  0
 32.32  1    -54.04    0.00    0      1    0   0x80546D06   15.0  -0.60   0.00   3000  0
 32.34  1    -54.04    0.00    0      1    0   0x80546D06   15.0  -0.60   0.00   3000  0
 32.36  1    -54.04    0.00    0      1    0   0x80546D06   15.0  -0.60   0.00   3000  0
 32.38  1    -54.04    0.00    0      1    0   0x80546D06   15.0  -0.60   0.00   3000  0
 32.40  1    -54.04   -0.00    0      1    0   0x80546D06   15.0  -0.60   0.00   3000  0
 32.42  1    -54.04   -0.00    0      1    0   0x80546D06   15.0  -0.60   0.00   3000  0
 32.44  1    -54.04   -0.00    0      1    0   0x80546D06   15.0  -0.60   0.00   3000  0
 32.46  1    -54.04   -0.00    0      1    0   0x80546D06   15.0  -0.60   0.00   3000  0
 32.48  1    -54.04   -0.00    0      1    0   0x80546D06   15.0  -0.60   0.00   3000  0
 32.50  1    -54.04   -0.00    0      1    0   0x80546D06   15.0  -0.60   0.00   3000  0
 32.52  1    -54.04    0.00    0      1    0   0x80546D06   15.0  -0.60   0.00   3000  0
 32.54  1    -54.04    0.00    0      1    0   0x80546D06   15.0  -0.60   0.00   3000  0
 32.56  1    -54.04    0.00    0      1    0   0x80546D06   15.0  -0.60   0.00   3000  0
 32.58  1    -54.04    0.00    0      1    0   0x80546D06   15.0  -0.60   0.00   3000  0
 32.60  1    -54.04    0.00    0      1    0   0x80546D06   15.0  -0.60   0.00   3000  0
 32.62  1    -54.04    0.00    0      1    0   0x80546D06   15.0  -0.60   0.00   3000  0
 32.64  1    -54.04    0.00    0      1    0   0x80546D06   15.0  -0.60   0.00   3000  0
 32.66  1    -54.04    0.00    0      1    0   0x80546D06   15.0  -0.60   0.00   3000  0
 32.68  1    -54.04    0.00    0      1    0   0x80546D06   15.0  -0.60   0.00   3000  0
 32.70  1    -54.04    0.00    0      1    0   0x80546D06   15.0  -0.60   0.00   3000  0
 32.72  1    -54.04    0.00    0      1    0   0x80546D06   15.0  -0.60   0.00   3000  0
 32.74  1    -54.04   -0.00    0      1    0   0x80546D06   15.0  -0.60   0.00   3000  0
 32.76  1    -54.04   -0.00    0      1    0   0x80546D06   15.0  -0.60   0.00   3000  0
 32.78  1    -54.04   -0.00    0      1    0   0x80546D06   15.0  -0.60   0.00   3000  0
 32.80  1    -54.04   -0.00    0      1    0   0x80546D06   15.0  -0.60   0.00   3000  0
 32.82  1    -54.04   -0.00    0      1    0   0x80546D06   15.0  -0.60   0.00   3000  0
 32.84  1    -54.04    0.00    0      1    0   0x80546D06   15.0  -0.60   0.00   3000  0
 32.86  1    -54.04    0.00    0      1    0   0x80546D06   15.0  -0.60   0.00   3000  0
 32.88  1    -54.04    0.00    0      1    0   0x80546D06   15.0  -0.60   0.00   3000  0
 32.90  1    -54.04    0.00    0      1    0   0x80546D06   15.0  -0.60   0.00   3000  0
 32.92  1    -54.04    0.00    0      1    0   0x80546D06   15.0  -0.60   0.00   3000  0
 32.94  1    -54.04    0.00    0      1    0   0x80546D06   15.0  -0.60   0.00   3000  0
 32.96  1    -54.04    0.00    0      1    0   0x80546D06   15.0  -0.60   0.00   3000  0
 32.98  1    -54.04    0.00    0      1    0   0x80546D06   15.0  -0.60   0.00   3000  0
 33.00  1    -54.04    0.00    0      1    0   0x80546D06   15.0  -0.60   0.00   3000  0
 33.02  1    -54.04    0.00    0      1    0   0x80546D06   15.0  -0.60   0.00   3000  0
 33.04  1    -54.04    0.00    0      1    0   0x80546D06   15.0  -0.60   0.00   3000  0
 33.06  1    -54.04    0.00    0      1    0   0x80546D06   15.0  -0.60   0.00   3000  0
 33.08  1    -54.04    0.00    0      1    0   0x80546D06   15.0  -0.60   0.00   3000  0
 33.10  1    -54.04   -0.00    0      1    0   0x80546D06   15.0  -0.60   0.00   3000  0
 33.12  1    -54.04   -0.00    0      1    0   0x80546D06   15.0  -0.60   0.00   3000  0
 33.14  1    -54.04    0.00    0      1    0   0x80546D06   15.0  -0.60   0.00   3000  0
 33.16  1    -54.04    0.00    0      1    0   0x80546D06   15.0  -0.60   0.00   3000  0
 33.18  1    -54.04    0.00    0      1    0   0x80546D06   15.0  -0.60   0.00   3000  0
 33.20  1    -54.04    0.00    0      1    0   0x80546D06   15.0  -0.60   0.00   3000  0
 33.22  1    -54.04    0.00    0      1    0   0x80546D06   15.0  -0.60   0.00   3000  0
 33.24  1    -54.04    0.00    0      1    0   0x80546D06   15.0  -0.60   0.00   3000  0
 33.26  1    -54.04    0.00    0      1    0   0x80546D06   15.0  -0.60   0.00   3000  0
 33.28  1    -54.04    0.00    0      1    0   0x80546D06   15.0  -0.60   0.00   3000  0
 33.30  1    -54.04    0.00    0      1    0   0x80546D06   15.0  -0.60   0.00   3000  0
 33.32  1    -54.04    0.00    0      1    0   0x80546D06   15.0  -0.60   0.00   3000  0
 33.34  1    -54.04    0.00    0      1    0   0x80546D06   15.0  -0.60   0.00   3000  0
 33.36  1    -54.04    0.00    0      1    0   0x80546D06   15.0  -0.60   0.00   3000  0
 33.38  1    -54.04    0.00    0      1    0   0x80546D06   15.0  -0.60   0.00   3000  0
 33.40  1    -54.04    0.00    0      1    0   0x80546D06   15.0  -0.60   0.00   3000  0
 33.42  1    -54.04    0.00    0      1    0   0x80546D06   15.0  -0.60   0.00   3000  0
 33.44  1    -54.04    0.00    0      1    0   0x80546D06   15.0  -0.60   0.00   3000  0
 33.46  1    -54.04    0.00    0      1    0   0x80546D06   15.0  -0.60   0.00   3000  0
 33.48  1    -54.04    0.00    0      1    0   0x80546D06   15.0  -0.60   0.00   3000  0
 33.50  1    -54.04    0.00    0      1    0   0x80546D06   15.0  -0.60   0.00   3000  0
 33.52  1    -54.04    0.00    0      1    0   0x80546D06   15.0  -0.60   0.00   3000  0
 33.54  1    -54.04    0.00    0      1    0   0x80546D06   15.0  -0.60   0.00   3000  0
 33.56  1    -54.04    0.00    0      1    0   0x80546D06   15.0  -0.60   0.00   3000  0
 33.58  1    -54.04    0.00    0      1    0   0x80546D06   15.0  -0.60   0.00   3000  0
 33.60  1    -54.04    0.00    0      1    0   0x80546D06   15.0  -0.60   0.00   3000  0
 33.62  1    -54.04    0.00    0      1    0   0x80546D06   15.0  -0.60   0.00   3000  0
 33.64  1    -54.04    0.00    0      1    0   0x80546D06   15.0  -0.60   0.00   3000  0
 33.66  1    -54.04    0.00    0      1    0   0x80546D06   15.0  -0.60   0.00   3000  0
 33.68  1    -54.04    0.00    0      1    0   0x80546D06   15.0  -0.60   0.00   3000  0
 33.70  1    -54.04    0.00    0      1    0   0x80546D06   15.0  -0.60   0.00   3000  0
 33.72  1    -54.04    0.00    0      1    0   0x80546D06   15.0  -0.60   0.00   3000  0
 33.74  1    -54.04    0.00    0      1    0   0x80546D06   15.0  -0.60   0.00   3000  0
 33.76  1    -54.04    0.00    0      1    0   0x80546D06   15.0  -0.60   0.00   3000  0
 33.78  1    -54.04    0.00    0      1    0   0x80546D06   15.0  -0.60   0.00   3000  0
 33.80  1    -54.04    0.00    0      1    0   0x80546D06   15.0  -0.60   0.00   3000  0
 33.82  1    -54.04    0.00    0      1    0   0x80546D06   15.0  -0.60   0.00   3000  0
 33.84  1    -54.04    0.00    0      1    0   0x80546D06   15.0  -0.60   0.00   3000  0
 33.86  1    -54.04    0.00    0      1    0   0x80546D06   15.0  -0.60   0.00   3000  0
 33.88  1    -54.04    0.00    0      1    0   0x80546D06   15.0  -0.60   0.00   3000  0
 33.90  1    -54.04    0.00    0      1    0   0x80546D06   15.0  -0.60   0.00   3000  0
 33.92  1    -54.04    0.00    0      1    0   0x80546D06   15.0  -0.60   0.00   3000  0
 33.94  1    -54.04    0.00    0      1    0   0x80546D06   15.0  -0.60   0.00   3000  0
 33.96  1    -54.04    0.00    0      1    0   0x80546D06   15.0  -0.60   0.00   3000  0
 33.98  1    -54.04    0.00    0      1    0   0x80546D06   15.0  -0.60   0.00   3000  0
 34.00  1    -54.04    0.00    0      1    0   0x80546D06   15.0  -0.60   0.00   3000  0
 34.02  1    -54.04    0.00    0      1    0   0x80546D06   15.0  -0.60   0.00   3000  0
 34.04  1    -54.04    0.00    0      1    0   0x80546D06   15.0  -0.60   0.00   3000  0
 34.06  1    -54.04    0.00    0      1    0   0x80546D06   15.0  -0.60   0.00   3000  0
 34.08  1    -54.04    0.00    0      1    0   0x80546D06   15.0  -0.60   0.00   3000  0
 34.10  1    -54.04    0.00    0      1    0   0x80546D06   15.0  -0.60   0.00   3000  0
 34.12  1    -54.04    0.00    0      1    0   0x80546D06   15.0  -0.60   0.00   3000  0
 34.14  1    -54.04    0.00    0      1    0   0x80546D06   15.0  -0.60   0.00   3000  0
 34.16  1    -54.04    0.00    0      1    0   0x80546D06   15.0  -0.60   0.00   3000  0
 34.18  1    -54.04    0.00    0      1    0   0x80546D06   15.0  -0.60   0.00   3000  0
 34.20  1    -54.04    0.00    0      1    0   0x80546D06   15.0  -0.60   0.00   3000  0
 34.22  1    -54.04    0.00    0      1    0   0x80546D06   15.0  -0.60   0.00   3000  0
 34.24  1    -54.04    0.00    0      1    0   0x80546D06   15.0  -0.60   0.00   3000  0
 34.26  1    -54.04    0.00    0      1    0   0x80546D06   15.0  -0.60   0.00   3000  0
 34.28  1    -54.04    0.00    0      1    0   0x80546D06   15.0  -0.60   0.00   3000  0
 34.30  1    -54.04    0.00    0      1    0   0x80546D06   15.0  -0.60   0.00   3000  0
 34.32  1    -54.04    0.00    0      1    0   0x80546D06   15.0  -0.60   0.00   3000  0
 34.34  1    -54.04    0.00    0      1    0   0x80546D06   15.0  -0.60   0.00   3000  0
 34.36  1    -54.04    0.00    0      1    0   0x80546D06   15.0  -0.60   0.00   3000  0
 34.38  1    -54.04    0.00    0      1    0   0x80546D06   15.0  -0.60   0.00   3000  0
 34.40  1    -54.04    0.00    0      1    0   0x80546D06   15.0  -0.60   0.00   3000  0
 34.42  1    -54.03    0.00    0      1    0   0x80546D06   15.0  -0.60   0.00   3000  0
 34.44  1    -54.03    0.00    0      1    0   0x80546D06   15.0  -0.60   0.00   3000  0
 34.46  1    -54.03    0.00    0      1    0   0x80546D06   15.0  -0.60   0.00   3000  0
 34.48  1    -54.03    0.00    0      1    0   0x80546D06   15.0  -0.60   0.00   3000  0
 34.50  1    -54.03    0.00    0      1    0   0x80546D06   15.0  -0.60   0.00   3000  0
 34.52  1    -54.03    0.00    0      1    0   0x80546D06   15.0  -0.60   0.00   3000  0
 34.54  1    -54.03    0.00    0      1    0   0x80546D06   15.0  -0.60   0.00   3000  0
 34.56  1    -54.03    0.00    0      1    0   0x80546D06   15.0  -0.60   0.00   3000  0
 34.58  1    -54.03    0.00    0      1    0   0x80546D06   15.0  -0.60   0.00   3000  0
 34.60  1    -54.03    0.00    0      1    0   0x80546D06   15.0  -0.60   0.00   3000  0
 34.62  1    -54.03    0.00    0      1    0   0x80546D06   15.0  -0.60   0.00   3000  0
 34.64  1    -54.03    0.00    0      1    0   0x80546D06   15.0  -0.60   0.00   3000  0
 34.66  1    -54.03    0.00    0      1    0   0x80546D06   15.0  -0.60   0.00   3000  0
 34.68  1    -54.03    0.00    0      1    0   0x80546D06   15.0  -0.60   0.00   3000  0
 34.70  1    -54.03    0.00    0      1    0   0x80546D06   15.0  -0.60   0.00   3000  0
 34.72  1    -54.03    0.00    0      1    0   0x80546D06   15.0  -0.60   0.00   3000  0
 34.74  1    -54.03    0.00    0      1    0   0x80546D06   15.0  -0.60   0.00   3000  0
 34.76  1    -54.03    0.00    0      1    0   0x80546D06   15.0  -0.60   0.00   3000  0
 34.78  1    -54.03    0.00    0      1    0   0x80546D06   15.0  -0.60   0.00   3000  0
 34.80  1    -54.03    0.00    0      1    0   0x80546D06   15.0  -0.60   0.00   3000  0
 34.82  1    -54.03    0.00    0      1    0   0x80546D06   15.0  -0.60   0.00   3000  0
 34.84  1    -54.03    0.00    0      1    0   0x80546D06   15.0  -0.60   0.00   3000  0
 34.86  1    -54.03    0.00    0      1    0   0x80546D06   15.0  -0.60   0.00   3000  0
 34.88  1    -54.03    0.00    0      1    0   0x80546D06   15.0  -0.60   0.00   3000  0
 34.90  1    -54.03    0.00    0      1    0   0x80546D06   15.0  -0.60   0.00   3000  0
 34.92  1    -54.03    0.00    0      1    0   0x80546D06   15.0  -0.60   0.00   3000  0
 34.94  1    -54.03    0.00    0      1    0   0x80546D06   15.0  -0.60   0.00   3000  0
 34.96  1    -54.03    0.00    0      1    0   0x80546D06   15.0  -0.60   0.00   3000  0
 34.98  1    -54.03    0.00    0      1    0   0x80546D06   15.0  -0.60   0.00   3000  0
 35.00  1    -54.03    0.02    0      1    0   0x80546D06   15.0  -0.60   0.00   3000  0
 35.02  1    -54.02    0.56    0      1    0   0x00546906   15.0  -0.60   0.00   3000  0
 35.04  1    -53.98    1.92    0      1    0   0x00545906   15.0  -0.60   0.00   3000  0
 35.06  1    -53.90    4.16    0      1    0   0x00543906   15.0  -0.59   0.00   3000  0
 35.08  1    -53.76    7.09    0      1    0   0x0053FD06   15.0  -0.59   0.00   3000  0
 35.10  1    -53.55   10.35    0      1    0   0x0053AD06   15.0  -0.59   0.00   3000  0
 35.12  1    -53.28   13.52    0      1    0   0x80534106   15.0  -0.59   0.00   3000  0
 35.14  1    -52.96   16.17    0      1    0   0x0052BD06   15.0  -0.58   0.00   3000  0
 35.16  1    -52.60   17.98    0      1    0   0x00522D06   15.0  -0.58   0.00   3000  0
 35.18  1    -52.22   18.76    0      1    0   0x00519906   15.0  -0.58   0.00   3000  0
 35.20  1    -51.85   18.44    0      1    0   0x00510506   15.0  -0.58   0.00   3000  0
 35.22  1    -51.51   17.11    0      1    0   0x80507D06   15.0  -0.57   0.00   3000  0
 35.24  1    -51.21   14.99    0      1    0   0x80500506   15.0  -0.57   0.00   3000  0
 35.26  1    -50.96   12.40    0      1    0   0x804FA106   15.0  -0.57   0.00   3000  0
 35.28  1    -50.77    9.73    0      1    0   0x804F5106   15.0  -0.57   0.00   3000  0
 35.30  1    -50.62    7.32    0      1    0   0x804F1906   15.0  -0.56   0.00   3000  0
 35.32  1    -50.51    5.49    0      1    0   0x804EED06   15.0  -0.56   0.00   3000  0
 35.34  1    -50.42    4.44    0      1    0   0x804EC906   15.0  -0.56   0.00   3000  0
 35.36  1    -50.34    4.30    0      1    0   0x804EA506   15.0  -0.56   0.00   3000  0
 35.38  1    -50.24    5.05    0      1    0   0x804E7D06   15.0  -0.55   0.00   3000  0
 35.40  1    -50.11    6.54    0      1    0   0x004E4906   15.0  -0.55   0.00   3000  0
 35.42  1    -49.94    8.53    0      1    0   0x804E0506   15.0  -0.55   0.00   3000  0
 35.44  1    -49.72   10.74    0      1    0   0x804DB106   15.0  -0.55   0.00   3000  0
 35.46  1    -49.46   12.85    0      1    0   0x004D4906   15.0  -0.54   0.00   3000  0
 35.48  1    -49.17   14.61    0      1    0   0x804CD506   15.0  -0.54   0.00   3000  0
 35.50  1    -48.86   15.77    0      1    0   0x004C5506   15.0  -0.54   0.00   3000  0
 35.52  1    -48.53   16.22    0      1    0   0x004BD506   15.0  -0.54   0.00   3000  0
 35.54  1    -48.21   15.92    0      1    0   0x804B5506   15.0  -0.54   0.00   3000  0
 35.56  1    -47.92   14.94    0      1    0   0x004ADD06   15.0  -0.53   0.00   3000  0
 35.58  1    -47.65   13.47    0      1    0   0x004A7106   15.0  -0.53   0.00   3000  0
 35.60  1    -47.41   11.70    0      1    0   0x804A1506   15.0  -0.53   0.00   3000  0
 35.62  1    -47.21    9.89    0      1    0   0x0049C506   15.0  -0.53   0.00   3000  0
 35.64  1    -47.05    8.28    0      1    0   0x00498106   15.0  -0.52   0.00   3000  0
 35.66  1    -46.91    7.09    0      1    0   0x80494906   15.0  -0.52   0.00   3000  0
 35.68  1    -46.78    6.45    0      1    0   0x80491506   15.0  -0.52   0.00   3000  0
 35.70  1    -46.65    6.43    0      1    0   0x8048E106   15.0  -0.52   0.00   3000  0
 35.72  1    -46.51    7.00    0      1    0   0x8048A906   15.0  -0.51   0.00   3000  0
 35.74  1    -46.35    8.05    0      1    0   0x80486906   15.0  -0.51   0.00   3000  0
 35.76  1    -46.16    9.42    0      1    0   0x80481D06   15.0  -0.51   0.00   3000  0
 35.78  1    -45.94   10.92    0      1    0   0x8047C906   15.0  -0.51   0.00   3000  0
 35.80  1    -45.69   12.35    0      1    0   0x80476506   15.0  -0.50   0.00   3000  0
 35.82  1    -45.42   13.50    0      1    0   0x0046F906   15.0  -0.50   0.00   3000  0
 35.84  1    -45.14   14.23    0      1    0   0x80468506   15.0  -0.50   0.00   3000  0
 35.86  1    -44.85   14.48    0      1    0   0x00461106   15.0  -0.50   0.00   3000  0
 35.88  1    -44.57   14.23    0      1    0   0x8045A106   15.0  -0.49   0.00   3000  0
 35.90  1    -44.29   13.53    0      1    0   0x00453506   15.0  -0.49   0.00   3000  0
 35.92  1    -44.04   12.50    0      1    0   0x8044D106   15.0  -0.49   0.00   3000  0
 35.94  1    -43.82   11.28    0      1    0   0x00447506   15.0  -0.49   0.00   3000  0
 35.96  1    -43.62   10.05    0      1    0   0x00442506   15.0  -0.48   0.00   3000  0
 35.98  1    -43.44    8.99    0      1    0   0x0043DD06   15.0  -0.48   0.00   3000  0
 36.00  1    -43.27    8.22    0      1    0   0x80439D06   15.0  -0.48   0.00   3000  0
 36.02  1    -43.12    7.84    0      1    0   0x80435D06   15.0  -0.48   0.00   3000  0
 36.04  1    -42.96    7.86    0      1    0   0x00431D06   15.0  -0.48   0.00   3000  0
 36.06  1    -42.79    8.28    0      1    0   0x8042DD06   15.0  -0.47   0.00   3000  0
 36.08  1    -42.61    9.03    0      1    0   0x80429506   15.0  -0.47   0.00   3000  0
 36.10  1    -42.41    9.98    0      1    0   0x00424506   15.0  -0.47   0.00   3000  0
 36.12  1    -42.19   11.01    0      1    0   0x8041ED06   15.0  -0.47   0.00   3000  0
 36.14  1    -41.95   11.95    0      1    0   0x80418D06   15.0  -0.46   0.00   3000  0
 36.16  1    -41.70   12.70    0      1    0   0x00412906   15.0  -0.46   0.00   3000  0
 36.18  1    -41.44   13.17    0      1    0   0x0040BD06   15.0  -0.46   0.00   3000  0
 36.20  1    -41.17   13.30    0      1    0   0x00405506   15.0  -0.46   0.00   3000  0
 36.22  1    -40.91   13.10    0      1    0   0x003FE906   15.0  -0.45   0.00   3000  0
 36.24  1    -40.66   12.59    0      1    0   0x003F8506   15.0  -0.45   0.00   3000  0
 36.26  1    -40.42   11.86    0      1    0   0x003F2906   15.0  -0.45   0.00   3000  0
 36.28  1    -40.20   11.04    0      1    0   0x003ED106   15.0  -0.45   0.00   3000  0
 36.30  1    -40.00   10.22    0      1    0   0x003E7D06   15.0  -0.44   0.00   3000  0
 36.32  1    -39.81    9.52    0      1    0   0x803E3106   15.0  -0.44   0.00   3000  0
 36.34  1    -39.63    9.02    0      1    0   0x803DE906   15.0  -0.44   0.00   3000  0
 36.36  1    -39.45    8.78    0      1    0   0x803DA106   15.0  -0.44   0.00   3000  0
 36.38  1    -39.27    8.83    0      1    0   0x803D5D06   15.0  -0.43   0.00   3000  0
 36.40  1    -39.09    9.15    0      1    0   0x003D1106   15.0  -0.43   0.00   3000  0
 36.42  1    -38.90    9.68    0      1    0   0x803CC506   15.0  -0.43   0.00   3000  0
 36.44  1    -38.69   10.32    0      1    0   0x803C7106   15.0  -0.43   0.00   3000  0
 36.46  1    -38.47   11.01    0      1    0   0x003C1906   15.0  -0.42   0.00   3000  0
 36.48  1    -38.24   11.65    0      1    0   0x003BBD06   15.0  -0.42   0.00   3000  0
 36.50  1    -37.99   12.14    0      1    0   0x803B5D06   15.0  -0.42   0.00   3000  0
 36.52  1    -37.75   12.44    0      1    0   0x803AF906   15.0  -0.42   0.00   3000  0
 36.54  1    -37.50   12.50    0      1    0   0x803A9506   15.0  -0.42   0.00   3000  0
 36.56  1    -37.25   12.32    0      1    0   0x003A3106   15.0  -0.41   0.00   3000  0
 36.58  1    -37.01   11.97    0      1    0   0x8039D106   15.0  -0.41   0.00   3000  0
 36.60  1    -36.78   11.47    0      1    0   0x00397906   15.0  -0.41   0.00   3000  0
 36.62  1    -36.56   10.91    0      1    0   0x80392106   15.0  -0.41   0.00   3000  0
 36.64  1    -36.35   10.35    0      1    0   0x8038CD06   15.0  -0.40   0.00   3000  0
 36.66  1    -36.16    9.88    0      1    0   0x00387D06   15.0  -0.40   0.00   3000  0
 36.68  1    -35.97    9.57    0      1    0   0x80383106   15.0  -0.40   0.00   3000  0
 36.70  1    -35.78    9.43    0      1    0   0x8037E506   15.0  -0.40   0.00   3000  0
 36.72  1    -35.59    9.49    0      1    0   0x00379906   15.0  -0.39   0.00   3000  0
 36.74  1    -35.39    9.72    0      1    0   0x00374D06   15.0  -0.39   0.00   3000  0
 36.76  1    -35.19   10.08    0      1    0   0x0036FD06   15.0  -0.39   0.00   3000  0
 36.78  1    -34.98   10.53    0      1    0   0x8036A906   15.0  -0.39   0.00   3000  0
 36.80  1    -34.76   11.00    0      1    0   0x00365106   15.0  -0.38   0.00   3000  0
 36.82  1    -34.53   11.43    0      1    0   0x8035F506   15.0  -0.38   0.00   3000  0
 36.84  1    -34.30   11.74    0      1    0   0x80359506   15.0  -0.38   0.00   3000  0
 36.86  1    -34.06   11.92    0      1    0   0x80353506   15.0  -0.38   0.00   3000  0
 36.88  1    -33.82   11.95    0      1    0   0x8034D906   15.0  -0.37   0.00   3000  0
 36.90  1    -33.58   11.82    0      1    0   0x80347906   15.0  -0.37   0.00   3000  0
 36.92  1    -33.35   11.57    0      1    0   0x00341D06   15.0  -0.37   0.00   3000  0
 36.94  1    -33.13   11.22    0      1    0   0x0033C106   15.0  -0.37   0.00   3000  0
 36.96  1    -32.91   10.83    0      1    0   0x00336D06   15.0  -0.36   0.00   3000  0
 36.98  1    -32.70   10.46    0      1    0   0x00331906   15.0  -0.36   0.00   3000  0
 37.00  1    -32.50   10.16    0      1    0   0x0032C506   15.0  -0.36   0.00   3000  0
 37.02  1    -32.30    9.96    0      1    0   0x80327506   15.0  -0.36   0.00   3000  0
 37.04  1    -32.10    9.87    0      1    0   0x80322906   15.0  -0.36   0.00   3000  0
 37.06  1    -31.90    9.92    0      1    0   0x8031D906   15.0  -0.35   0.00   3000  0
 37.08  1    -31.70   10.09    0      1    0   0x80318906   15.0  -0.35   0.00   3000  0
 37.10  1    -31.50   10.35    0      1    0   0x00313506   15.0  -0.35   0.00   3000  0
 37.12  1    -31.28   10.66    0      1    0   0x8030E106   15.0  -0.35   0.00   3000  0
 37.14  1    -31.06   10.97    0      1    0   0x00308906   15.0  -0.34   0.00   3000  0
 37.16  1    -30.84   11.25    0      1    0   0x80302D06   15.0  -0.34   0.00   3000  0
 37.18  1    -30.61   11.46    0      1    0   0x002FD106   15.0  -0.34   0.00   3000  0
 37.20  1    -30.38   11.58    0      1    0   0x802F7506   15.0  -0.34   0.00   3000  0
 37.22  1    -30.15   11.59    0      1    0   0x802F1906   15.0  -0.33   0.00   3000  0
 37.24  1    -29.92   11.48    0      1    0   0x802EBD06   15.0  -0.33   0.00   3000  0
 37.26  1    -29.69   11.29    0      1    0   0x002E6106   15.0  -0.33   0.00   3000  0
 37.28  1    -29.47   11.06    0      1    0   0x802E0906   15.0  -0.33   0.00   3000  0
 37.30  1    -29.25   10.80    0      1    0   0x002DB506   15.0  -0.32   0.00   3000  0
 37.32  1    -29.04   10.56    0      1    0   0x002D6106   15.0  -0.32   0.00   3000  0
 37.34  1    -28.83   10.35    0      1    0   0x002D0D06   15.0  -0.32   0.00   3000  0
 37.36  1    -28.63   10.21    0      1    0   0x802CB906   15.0  -0.32   0.00   3000  0
 37.38  1    -28.43   10.17    0      1    0   0x002C6906   15.0  -0.31   0.00   3000  0
 37.40  1    -28.22   10.22    0      1    0   0x802C1906   15.0  -0.31   0.00   3000  0
 37.42  1    -28.02   10.35    0      1    0   0x802BC506   15.0  -0.31   0.00   3000  0
 37.44  1    -27.80   10.52    0      1    0   0x802B7106   15.0  -0.31   0.00   3000  0
 37.46  1    -27.59   10.73    0      1    0   0x802B1D06   15.0  -0.30   0.00   3000  0
 37.48  1    -27.37   10.94    0      1    0   0x002AC506   15.0  -0.30   0.00   3000  0
 37.50  1    -27.15   11.13    0      1    0   0x002A6906   15.0  -0.30   0.00   3000  0
 37.52  1    -26.92   11.27    0      1    0   0x002A1106   15.0  -0.30   0.00   3000  0
 37.54  1    -26.70   11.33    0      1    0   0x8029B506   15.0  -0.30   0.00   3000  0
 37.56  1    -26.47   11.32    0      1    0   0x80295D06   15.0  -0.29   0.00   3000  0
 37.58  1    -26.24   11.26    0      1    0   0x80290106   15.0  -0.29   0.00   3000  0
 37.60  1    -26.02   11.13    0      1    0   0x8028A906   15.0  -0.29   0.00   3000  0
 37.62  1    -25.80   10.97    0      1    0   0x00285106   15.0  -0.29   0.00   3000  0
 37.64  1    -25.59   10.78    0      1    0   0x8027F906   15.0  -0.28   0.00   3000  0
 37.66  1    -25.38   10.61    0      1    0   0x8027A506   15.0  -0.28   0.00   3000  0
 37.68  1    -25.17   10.49    0      1    0   0x00275106   15.0  -0.28   0.00   3000  0
 37.70  1    -24.96   10.41    0      1    0   0x8026FD06   15.0  -0.28   0.00   3000  0
 37.72  1    -24.75   10.39    0      1    0   0x0026A906   15.0  -0.27   0.00   3000  0
 37.74  1    -24.54   10.42    0      1    0   0x00265906   15.0  -0.27   0.00   3000  0
 37.76  1    -24.33   10.50    0      1    0   0x00260506   15.0  -0.27   0.00   3000  0
 37.78  1    -24.12   10.63    0      1    0   0x8025AD06   15.0  -0.27   0.00   3000  0
 37.80  1    -23.90   10.78    0      1    0   0x00255906   15.0  -0.26   0.00   3000  0
 37.82  1    -23.68   10.92    0      1    0   0x80250106   15.0  -0.26   0.00   3000  0
 37.84  1    -23.46   11.04    0      1    0   0x8024A906   15.0  -0.26   0.00   3000  0
 37.86  1    -23.24   11.12    0      1    0   0x00245106   15.0  -0.26   0.00   3000  0
 37.88  1    -23.02   11.17    0      1    0   0x0023F506   15.0  -0.25   0.00   3000  0
 37.90  1    -22.79   11.16    0      1    0   0x80239D06   15.0  -0.25   0.00   3000  0
 37.92  1    -22.57   11.11    0      1    0   0x80234506   15.0  -0.25   0.00   3000  0
 37.94  1    -22.35   11.02    0      1    0   0x8022ED06   15.0  -0.25   0.00   3000  0
 37.96  1    -22.13   10.90    0      1    0   0x80229506   15.0  -0.24   0.00   3000  0
 37.98  1    -21.92   10.78    0      1    0   0x00223D06   15.0  -0.24   0.00   3000  0
 38.00  1    -21.71   10.67    0      1    0   0x0021E906   15.0  -0.24   0.00   3000  0
 38.02  1    -21.49   10.59    0      1    0   0x80219506   15.0  -0.24   0.00   3000  0
 38.04  1    -21.28   10.53    0      1    0   0x80214106   15.0  -0.24   0.00   3000  0
 38.06  1    -21.07   10.51    0      1    0   0x0020ED06   15.0  -0.23   0.00   3000  0
 38.08  1    -20.86   10.55    0      1    0   0x00209906   15.0  -0.23   0.00   3000  0
 38.10  1    -20.65   10.61    0      1    0   0x00204106   15.0  -0.23   0.00   3000  0
 38.12  1    -20.44   10.71    0      1    0   0x001FED06   15.0  -0.23   0.00   3000  0
 38.14  1    -20.22   10.80    0      1    0   0x001F9506   15.0  -0.22   0.00   3000  0
 38.16  1    -20.00   10.89    0      1    0   0x001F4106   15.0  -0.22   0.00   3000  0
 38.18  1    -19.78   10.98    0      1    0   0x001EE906   15.0  -0.22   0.00   3000  0
 38.20  1    -19.56   11.03    0      1    0   0x001E9106   15.0  -0.22   0.00   3000  0
 38.22  1    -19.34   11.06    0      1    0   0x801E3906   15.0  -0.21   0.00   3000  0
 38.24  1    -19.12   11.05    0      1    0   0x801DDD06   15.0  -0.21   0.00   3000  0
 38.26  1    -18.90   11.00    0      1    0   0x001D8506   15.0  -0.21   0.00   3000  0
 38.28  1    -18.68   10.94    0      1    0   0x001D3106   15.0  -0.21   0.00   3000  0
 38.30  1    -18.46   10.87    0      1    0   0x801CD906   15.0  -0.20   0.00   3000  0
 38.32  1    -18.25   10.79    0      1    0   0x001C8106   15.0  -0.20   0.00   3000  0
 38.34  1    -18.03   10.71    0      1    0   0x001C2D06   15.0  -0.20   0.00   3000  0
 38.36  1    -17.82   10.65    0      1    0   0x001BD906   15.0  -0.20   0.00   3000  0
 38.38  1    -17.61   10.62    0      1    0   0x801B8106   15.0  -0.19   0.00   3000  0
 38.40  1    -17.40   10.62    0      1    0   0x801B2D06   15.0  -0.19   0.00   3000  0
 38.42  1    -17.18   10.64    0      1    0   0x801AD906   15.0  -0.19   0.00   3000  0
 38.44  1    -16.97   10.68    0      1    0   0x001A8106   15.0  -0.19   0.00   3000  0
 38.46  1    -16.75   10.74    0      1    0   0x001A2D06   15.0  -0.18   0.00   3000  0
 38.48  1    -16.54   10.81    0      1    0   0x8019D506   15.0  -0.18   0.00   3000  0
 38.50  1    -16.32   10.88    0      1    0   0x00198106   15.0  -0.18   0.00   3000  0
 38.52  1    -16.10   10.93    0      1    0   0x80192906   15.0  -0.18   0.00   3000  0
 38.54  1    -15.88   10.96    0      1    0   0x8018D106   15.0  -0.18   0.00   3000  0
 38.56  1    -15.66   10.97    0      1    0   0x00187906   15.0  -0.17   0.00   3000  0
 38.58  1    -15.44   10.97    0      1    0   0x80182106   15.0  -0.17   0.00   3000  0
 38.60  1    -15.22   10.94    0      1    0   0x8017C906   15.0  -0.17   0.00   3000  0
 38.62  1    -15.01   10.90    0      1    0   0x80177106   15.0  -0.17   0.00   3000  0
 38.64  1    -14.79   10.84    0      1    0   0x00171906   15.0  -0.16   0.00   3000  0
 38.66  1    -14.57   10.78    0      1    0   0x0016C506   15.0  -0.16   0.00   3000  0
 38.68  1    -14.36   10.74    0      1    0   0x80166D06   15.0  -0.16   0.00   3000  0
 38.70  1    -14.15   10.70    0      1    0   0x80161906   15.0  -0.16   0.00   3000  0
 38.72  1    -13.93   10.69    0      1    0   0x0015C506   15.0  -0.15   0.00   3000  0
 38.74  1    -13.72   10.68    0      1    0   0x80156D06   15.0  -0.15   0.00   3000  0
 38.76  1    -13.50   10.69    0      1    0   0x80151906   15.0  -0.15   0.00   3000  0
 38.78  1    -13.29   10.73    0      1    0   0x0014C106   15.0  -0.15   0.00   3000  0
 38.80  1    -13.07   10.77    0      1    0   0x00146D06   15.0  -0.14   0.00   3000  0
 38.82  1    -12.86   10.82    0      1    0   0x00141506   15.0  -0.14   0.00   3000  0
 38.84  1    -12.64   10.86    0      1    0   0x8013C106   15.0  -0.14   0.00   3000  0
 38.86  1    -12.42   10.89    0      1    0   0x00136906   15.0  -0.14   0.00   3000  0
 38.88  1    -12.20   10.92    0      1    0   0x00131106   15.0  -0.13   0.00   3000  0
 38.90  1    -11.99   10.93    0      1    0   0x0012B906   15.0  -0.13   0.00   3000  0
 38.92  1    -11.77   10.92    0      1    0   0x00126106   15.0  -0.13   0.00   3000  0
 38.94  1    -11.55   10.90    0      1    0   0x80120906   15.0  -0.13   0.00   3000  0
 38.96  1    -11.33   10.86    0      1    0   0x0011B506   15.0  -0.12   0.00   3000  0
 38.98  1    -11.12   10.83    0      1    0   0x00115D06   15.0  -0.12   0.00   3000  0
 39.00  1    -10.90   10.79    0      1    0   0x80110506   15.0  -0.12   0.00   3000  0
 39.02  1    -10.68   10.76    0      1    0   0x0010B106   15.0  -0.12   0.00   3000  0
 39.04  1    -10.47   10.74    0      1    0   0x00105906   15.0  -0.12   0.00   3000  0
 39.06  1    -10.26   10.72    0      1    0   0x00100506   15.0  -0.11   0.00   3000  0
 39.08  1    -10.04   10.72    0      1    0   0x800FB106   15.0  -0.11   0.00   3000  0
 39.10  1     -9.83   10.74    0      1    0   0x800F5906   15.0  -0.11   0.00   3000  0
 39.12  1     -9.61   10.76    0      1    0   0x800F0506   15.0  -0.11   0.00   3000  0
 39.14  1     -9.40   10.79    0      1    0   0x800EAD06   15.0  -0.10   0.00   3000  0
 39.16  1     -9.18   10.81    0      1    0   0x000E5506   15.0  -0.10   0.00   3000  0
 39.18  1     -8.96   10.85    0      1    0   0x800E0106   15.0  -0.10   0.00   3000  0
 39.20  1     -8.74   10.87    0      1    0   0x000DA906   15.0  -0.10   0.00   3000  0
 39.22  1     -8.53   10.89    0      1    0   0x800D5106   15.0  -0.09   0.00   3000  0
 39.24  1     -8.31   10.89    0      1    0   0x800CF906   15.0  -0.09   0.00   3000  0
 39.26  1     -8.09   10.88    0      1    0   0x800CA506   15.0  -0.09   0.00   3000  0
 39.28  1     -7.87   10.87    0      1    0   0x800C4D06   15.0  -0.09   0.00   3000  0
 39.30  1     -7.66   10.85    0      1    0   0x000BF506   15.0  -0.08   0.00   3000  0
 39.32  1     -7.44   10.83    0      1    0   0x800BA106   15.0  -0.08   0.00   3000  0
 39.34  1     -7.22   10.80    0      1    0   0x800B4906   15.0  -0.08   0.00   3000  0
 39.36  1     -7.01   10.77    0      1    0   0x000AF106   15.0  -0.08   0.00   3000  0
 39.38  1     -6.79   10.76    0      1    0   0x000A9D06   15.0  -0.07   0.00   3000  0
 39.40  1     -6.58   10.75    0      1    0   0x000A4506   15.0  -0.07   0.00   3000  0
 39.42  1     -6.36   10.76    0      1    0   0x0009F106   15.0  -0.07   0.00   3000  0
 39.44  1     -6.15   10.76    0      1    0   0x80099906   15.0  -0.07   0.00   3000  0
 39.46  1     -5.93   10.77    0      1    0   0x00094506   15.0  -0.06   0.00   3000  0
 39.48  1     -5.72   10.80    0      1    0   0x0008ED06   15.0  -0.06   0.00   3000  0
 39.50  1     -5.50   10.82    0      1    0   0x00089906   15.0  -0.06   0.00   3000  0
 39.52  1     -5.28   10.84    0      1    0   0x00084106   15.0  -0.06   0.00   3000  0
 39.54  1     -5.07   10.85    0      1    0   0x8007E906   15.0  -0.06   0.00   3000  0
 39.56  1     -4.85   10.86    0      1    0   0x80079106   15.0  -0.05   0.00   3000  0
 39.58  1     -4.63   10.86    0      1    0   0x80073D06   15.0  -0.05   0.00   3000  0
 39.60  1     -4.42   10.86    0      1    0   0x0006E506   15.0  -0.05   0.00   3000  0
 39.62  1     -4.20   10.85    0      1    0   0x80068D06   15.0  -0.05   0.00   3000  0
 39.64  1     -3.98   10.83    0      1    0   0x80063906   15.0  -0.04   0.00   3000  0
 39.66  1     -3.77   10.81    0      1    0   0x8005E106   15.0  -0.04   0.00   3000  0
 39.68  1     -3.55   10.80    0      1    0   0x00058906   15.0  -0.04   0.00   3000  0
 39.70  1     -3.33   10.79    0      1    0   0x80053506   15.0  -0.04   0.00   3000  0
 39.72  1     -3.12   10.78    0      1    0   0x0004DD06   15.0  -0.03   0.00   3000  0
 39.74  1     -2.90   10.77    0      1    0   0x80048906   15.0  -0.03   0.00   3000  0
 39.76  1     -2.69   10.77    0      1    0   0x80043106   15.0  -0.03   0.00   3000  0
 39.78  1     -2.47   10.78    0      1    0   0x8003DD06   15.0  -0.03   0.00   3000  0
 39.80  1     -2.26   10.79    0      1    0   0x00038506   15.0  -0.02   0.00   3000  0
 39.82  1     -2.04   10.81    0      1    0   0x80032D06   15.0  -0.02   0.00   3000  0
 39.84  1     -1.82   10.82    1      1    0   0x8002D906   15.0  -0.02   0.00   3000  0
 39.86  1     -1.61   10.83    1      1    0   0x00028106   15.0  -0.02   0.00   3000  0
 39.88  1     -1.39   10.84    1      1    0   0x80022906   15.0  -0.01   0.00   3000  0
 39.90  1     -1.17   10.85    1      1    0   0x8001D506   15.0  -0.01   0.00   3000  0
 39.92  1     -0.96   10.85    1      1    0   0x00017D06   15.0  -0.01   0.00   3000  0
 39.94  1     -0.74   10.84    1      1    0   0x80012506   15.0  -0.01   0.00   3000  0
 39.96  1     -0.52   10.83    1      1    0   0x8000D106   15.0  -0.00   0.00   3000  0
 39.98  1     -0.31   10.83    1      1    0   0x00007906   15.0  -0.00   0.00   3000  0
 40.00  1     -0.09   10.79    1      1    0   0x00002506   15.0   0.00   0.00   3000  0
 40.02  1      0.11   10.25    1      1    0   0x00002C06   15.0   0.00   0.00   3000  0
 40.04  1      0.29    8.88    1      1    0   0x80007406   15.0   0.00   0.00   3000  0
 40.06  1      0.43    6.62    1      1    0   0x0000A806   15.0   0.00   0.00   3000  0
 40.08  1      0.50    3.69    1      1    0   0x0000C406   15.0   0.00   0.00   3000  0
 40.10  1      0.51    0.44    1      1    0   0x0000C806   15.0   0.00   0.00   3000  0
 40.12  1      0.45   -2.72    1      1    0   0x8000B406   15.0   0.00   0.00   3000  0
 40.14  1      0.35   -5.37    1      1    0   0x80008806   15.0   0.00   0.00   3000  0
 40.16  1      0.20   -7.18    1      1    0   0x80005006   15.0   0.00   0.00   3000  0
 40.18  1      0.04   -7.94    1      1    0   0x00001006   15.0   0.00   0.00   3000  0
 40.20  1     -0.11   -7.61    1      1    0   0x00002906   15.0   0.00   0.00   3000  0
 40.22  1     -0.23   -6.27    1      1    0   0x00005D06   15.0   0.00   0.00   3000  0
 40.24  1     -0.32   -4.15    1      1    0   0x80007D06   15.0   0.00   0.00   3000  0
 40.26  1     -0.35   -1.57    1      1    0   0x00008906   15.0   0.00   0.00   3000  0
 40.28  1     -0.33    1.10    1      1    0   0x80008106   15.0   0.00   0.00   3000  0
 40.30  1     -0.26    3.51    1      1    0   0x80006506   15.0   0.00   0.00   3000  0
 40.32  1     -0.15    5.34    1      1    0   0x80003906   15.0   0.00   0.00   3000  0
 40.34  1     -0.02    6.37    1      1    0   0x80000906   15.0   0.00   0.00   3000  0
 40.36  1      0.11    6.50    1      1    0   0x80002806   15.0   0.00   0.00   3000  0
 40.38  1      0.22    5.75    1      1    0   0x00005806   15.0   0.00   0.00   3000  0
 40.40  1      0.31    4.26    1      1    0   0x80007806   15.0   0.00   0.00   3000  0
 40.42  1      0.35    2.27    1      1    0   0x00008C06   15.0   0.00   0.00   3000  0
 40.44  1      0.35    0.06    1      1    0   0x00008C06   15.0   0.00   0.00   3000  0
 40.46  1      0.31   -2.06    1      1    0   0x00007C06   15.0   0.00   0.00   3000  0
 40.48  1      0.24   -3.80    1      1    0   0x80005C06   15.0   0.00   0.00   3000  0
 40.50  1      0.14   -4.96    1      1    0   0x00003406   15.0   0.00   0.00   3000  0
 40.52  1      0.03   -5.40    1      1    0   0x00000806   15.0   0.00   0.00   3000  0
 40.54  1     -0.07   -5.10    1      1    0   0x80001D06   15.0   0.00   0.00   3000  0
 40.56  1     -0.15   -4.12    1      1    0   0x00003D06   15.0   0.00   0.00   3000  0
 40.58  1     -0.21   -2.64    1      1    0   0x00005106   15.0   0.00   0.00   3000  0
 40.60  1     -0.22   -0.87    1      1    0   0x80005906   15.0   0.00   0.00   3000  0
 40.62  1     -0.21    0.94    1      1    0   0x00005106   15.0   0.00   0.00   3000  0
 40.64  1     -0.16    2.54    1      1    0   0x00003D06   15.0   0.00   0.00   3000  0
 40.66  1     -0.08    3.73    1      1    0   0x80002106   15.0   0.00   0.00   3000  0
 40.68  1      0.01    4.36    1      1    0   0x80000006   15.0   0.00   0.00   3000  0
 40.70  1      0.09    4.38    1      1    0   0x80002406   15.0   0.00   0.00   3000  0
 40.72  1      0.17    3.81    1      1    0   0x80004406   15.0   0.00   0.00   3000  0
 40.74  1      0.23    2.76    1      1    0   0x00005806   15.0   0.00   0.00   3000  0
 40.76  1      0.25    1.38    1      1    0   0x00006406   15.0   0.00   0.00   3000  0
 40.78  1      0.25   -0.12    1      1    0   0x00006406   15.0   0.00   0.00   3000  0
 40.80  1      0.22   -1.54    1      1    0   0x00005406   15.0   0.00   0.00   3000  0
 40.82  1      0.17   -2.69    1      1    0   0x00004006   15.0   0.00   0.00   3000  0
 40.84  1      0.10   -3.42    1      1    0   0x80002406   15.0   0.00   0.00   3000  0
 40.86  1      0.02   -3.67    1      1    0   0x00000806   15.0   0.00   0.00   3000  0
 40.88  1     -0.04   -3.41    1      1    0   0x80001106   15.0   0.00   0.00   3000  0
 40.90  1     -0.10   -2.70    1      1    0   0x00002506   15.0   0.00   0.00   3000  0
 40.92  1     -0.13   -1.67    1      1    0   0x80003506   15.0   0.00   0.00   3000  0
 40.94  1     -0.14   -0.45    1      1    0   0x80003906   15.0   0.00   0.00   3000  0
 40.96  1     -0.12    0.76    1      1    0   0x00003106   15.0   0.00   0.00   3000  0
 40.98  1     -0.09    1.83    1      1    0   0x80002106   15.0   0.00   0.00   3000  0
 41.00  1     -0.04    2.59    1      1    0   0x00000D06   15.0   0.00   0.00   3000  0
 41.02  1      0.02    2.98    1      1    0   0x00000806   15.0   0.00   0.00   3000  0
 41.04  1      0.08    2.95    1      1    0   0x00002006   15.0   0.00   0.00   3000  0
 41.06  1      0.13    2.52    1      1    0   0x00003406   15.0   0.00   0.00   3000  0
 41.08  1      0.17    1.77    1      1    0   0x00004006   15.0   0.00   0.00   3000  0
 41.10  1      0.18    0.82    1      1    0   0x80004806   15.0   0.00   0.00   3000  0
 41.12  1      0.18   -0.19    1      1    0   0x80004806   15.0   0.00   0.00   3000  0
 41.14  1      0.16   -1.14    1      1    0   0x80003C06   15.0   0.00   0.00   3000  0
 41.16  1      0.12   -1.89    1      1    0   0x00002C06   15.0   0.00   0.00   3000  0
 41.18  1      0.07   -2.36    1      1    0   0x00001C06   15.0   0.00   0.00   3000  0
 41.20  1      0.02   -2.48    1      1    0   0x00000806   15.0   0.00   0.00   3000  0
 41.22  1     -0.02   -2.27    1      1    0   0x80000906   15.0   0.00   0.00   3000  0
 41.24  1     -0.06   -1.77    1      1    0   0x00001506   15.0   0.00   0.00   3000  0
 41.26  1     -0.08   -1.04    1      1    0   0x80001D06   15.0   0.00   0.00   3000  0
 41.28  1     -0.08   -0.22    1      1    0   0x80002106   15.0   0.00   0.00   3000  0
 41.30  1     -0.07    0.60    1      1    0   0x80001D06   15.0   0.00   0.00   3000  0
 41.32  1     -0.04    1.31    1      1    0   0x80001106   15.0   0.00   0.00   3000  0
 41.34  1     -0.01    1.80    1      1    0   0x00000106   15.0   0.00   0.00   3000  0
 41.36  1      0.03    2.03    1      1    0   0x80000C06   15.0   0.00   0.00   3000  0
 41.38  1      0.07    1.98    1      1    0   0x00001C06   15.0   0.00   0.00   3000  0
 41.40  1      0.10    1.66    1      1    0   0x80002806   15.0   0.00   0.00   3000  0
 41.42  1      0.13    1.14    1      1    0   0x80003006   15.0   0.00   0.00   3000  0
 41.44  1      0.14    0.48    1      1    0   0x00003406   15.0   0.00   0.00   3000  0
 41.46  1      0.13   -0.21    1      1    0   0x00003406   15.0   0.00   0.00   3000  0
 41.48  1      0.12   -0.84    1      1    0   0x00002C06   15.0   0.00   0.00   3000  0
 41.50  1      0.09   -1.33    1      1    0   0x00002006   15.0   0.00   0.00   3000  0
 41.52  1      0.06   -1.62    1      1    0   0x80001406   15.0   0.00   0.00   3000  0
 41.54  1      0.02   -1.68    1      1    0   0x00000806   15.0   0.00   0.00   3000  0
 41.56  1     -0.01   -1.51    1      1    0   0x00000106   15.0   0.00   0.00   3000  0
 41.58  1     -0.03   -1.15    1      1    0   0x80000906   15.0   0.00   0.00   3000  0
 41.60  1     -0.04   -0.65    1      1    0   0x80001106   15.0   0.00   0.00   3000  0
 41.62  1     -0.04   -0.08    1      1    0   0x80001106   15.0   0.00   0.00   3000  0
 41.64  1     -0.03    0.47    1      1    0   0x00000D06   15.0   0.00   0.00   3000  0
 41.66  1     -0.02    0.93    1      1    0   0x80000506   15.0   0.00   0.00   3000  0
 41.68  1      0.01    1.25    1      1    0   0x80000006   15.0   0.00   0.00   3000  0
 41.70  1      0.04    1.38    1      1    0   0x80000C06   15.0   0.00   0.00   3000  0
 41.72  1      0.06    1.33    1      1    0   0x80001806   15.0   0.00   0.00   3000  0
 41.74  1      0.08    1.10    1      1    0   0x00002006   15.0   0.00   0.00   3000  0
 41.76  1      0.10    0.73    1      1    0   0x80002406   15.0   0.00   0.00   3000  0
 41.78  1      0.10    0.28    1      1    0   0x80002806   15.0   0.00   0.00   3000  0
 41.80  1      0.10   -0.19    1      1    0   0x80002806   15.0   0.00   0.00   3000  0
 41.82  1      0.09   -0.61    1      1    0   0x00002006   15.0   0.00   0.00   3000  0
 41.84  1      0.07   -0.93    1      1    0   0x00001C06   15.0   0.00   0.00   3000  0
 41.86  1      0.05   -1.11    1      1    0   0x00001006   15.0   0.00   0.00   3000  0
 41.88  1      0.03   -1.14    1      1    0   0x00000806   15.0   0.00   0.00   3000  0
 41.90  1      0.01   -1.01    1      1    0   0x80000006   15.0   0.00   0.00   3000  0
 41.92  1     -0.01   -0.75    1      1    0   0x00000106   15.0   0.00   0.00   3000  0
 41.94  1     -0.02   -0.40    1      1    0   0x80000506   15.0   0.00   0.00   3000  0
 41.96  1     -0.02   -0.02    1      1    0   0x80000506   15.0   0.00   0.00   3000  0
 41.98  1     -0.01    0.35    1      1    0   0x80000506   15.0   0.00   0.00   3000  0
 42.00  1      0.00    0.66    1      1    0   0x80000006   15.0   0.00   0.00   3000  0
 42.02  1      0.03    1.40    1      1    0   0x80000C06   15.0   0.00   0.00   3000  0
 42.04  1      0.09    2.94    1      1    0   0x00002006   15.0   0.01   0.00   3000  0
 42.06  1      0.20    5.34    1      1    0   0x00004C06   15.0   0.01   0.00   3000  0
 42.08  1      0.36    8.40    1      1    0   0x80009006   15.0   0.01   0.00   3000  0
 42.10  1      0.60   11.67    1      1    0   0x0000EC06   15.0   0.01   0.00   3000  0
 42.12  1      0.89   14.72    1      1    0   0x80016406   15.0   0.02   0.00   3000  0
 42.14  1      1.24   17.31    1      1    0   0x8001EC06   15.0   0.02   0.00   3000  0
 42.16  1      1.62   19.14    1      1    0   0x00028806   15.0   0.02   0.00   3000  0
 42.18  1      2.02   19.97    0      1    0   0x80032806   15.0   0.02   0.00   3000  0
 42.20  1      2.41   19.73    0      1    0   0x0003C406   15.0   0.03   0.00   3000  0
 42.22  1      2.78   18.47    0      1    0   0x80045806   15.0   0.03   0.00   3000  0
 42.24  1      3.11   16.41    0      1    0   0x8004DC06   15.0   0.03   0.00   3000  0
 42.26  1      3.39   13.86    0      1    0   0x80054806   15.0   0.03   0.00   3000  0
 42.28  1      3.61   11.17    0      1    0   0x0005A406   15.0   0.04   0.00   3000  0
 42.30  1      3.79    8.72    0      1    0   0x8005E806   15.0   0.04   0.00   3000  0
 42.32  1      3.92    6.82    0      1    0   0x00062006   15.0   0.04   0.00   3000  0
 42.34  1      4.04    5.70    0      1    0   0x00064C06   15.0   0.05   0.00   3000  0
 42.36  1      4.15    5.48    0      1    0   0x80067806   15.0   0.05   0.00   3000  0
 42.38  1      4.27    6.15    0      1    0   0x8006AC06   15.0   0.05   0.00   3000  0
 42.40  1      4.42    7.57    0      1    0   0x8006E806   15.0   0.05   0.00   3000  0
 42.42  1      4.61    9.53    0      1    0   0x80073406   15.0   0.06   0.00   3000  0
 42.44  1      4.85   11.73    0      1    0   0x00079006   15.0   0.06   0.00   3000  0
 42.46  1      5.12   13.87    0      1    0   0x00080006   15.0   0.06   0.00   3000  0
 42.48  1      5.44   15.67    0      1    0   0x80087C06   15.0   0.06   0.00   3000  0
 42.50  1      5.78   16.89    0      1    0   0x00090406   15.0   0.07   0.00   3000  0
 42.52  1      6.12   17.41    0      1    0   0x80099006   15.0   0.07   0.00   3000  0
 42.54  1      6.47   17.18    0      1    0   0x800A1806   15.0   0.07   0.00   3000  0
 42.56  1      6.79   16.26    0      1    0   0x800A9C06   15.0   0.07   0.00   3000  0
 42.58  1      7.09   14.82    0      1    0   0x800B1006   15.0   0.08   0.00   3000  0
 42.60  1      7.35   13.07    0      1    0   0x800B7C06   15.0   0.08   0.00   3000  0
 42.62  1      7.58   11.25    0      1    0   0x000BD406   15.0   0.08   0.00   3000  0
 42.64  1      7.77    9.62    0      1    0   0x000C2006   15.0   0.09   0.00   3000  0
 42.66  1      7.94    8.38    0      1    0   0x000C6406   15.0   0.09   0.00   3000  0
 42.68  1      8.09    7.68    0      1    0   0x800CA006   15.0   0.09   0.00   3000  0
 42.70  1      8.24    7.60    0      1    0   0x000CE006   15.0   0.09   0.00   3000  0
 42.72  1      8.40    8.12    0      1    0   0x800D2006   15.0   0.10   0.00   3000  0
 42.74  1      8.59    9.13    0      1    0   0x800D6806   15.0   0.10   0.00   3000  0
 42.76  1      8.80   10.49    0      1    0   0x800DBC06   15.0   0.10   0.00   3000  0
 42.78  1      9.04   11.98    0      1    0   0x800E1C06   15.0   0.10   0.00   3000  0
 42.80  1      9.30   13.42    0      1    0   0x000E8806   15.0   0.11   0.00   3000  0
 42.82  1      9.60   14.60    0      1    0   0x000EFC06   15.0   0.11   0.00   3000  0
 42.84  1      9.90   15.39    0      1    0   0x800F7806   15.0   0.11   0.00   3000  0
 42.86  1     10.22   15.68    0      1    0   0x000FF406   15.0   0.11   0.00   3000  0
 42.88  1     10.53   15.47    0      1    0   0x80107006   15.0   0.12   0.00   3000  0
 42.90  1     10.82   14.81    0      1    0   0x0010E806   15.0   0.12   0.00   3000  0
 42.92  1     11.10   13.80    0      1    0   0x00115406   15.0   0.12   0.00   3000  0
 42.94  1     11.35   12.59    0      1    0   0x0011BC06   15.0   0.13   0.00   3000  0
 42.96  1     11.58   11.37    0      1    0   0x80121406   15.0   0.13   0.00   3000  0
 42.98  1     11.78   10.28    0      1    0   0x00126806   15.0   0.13   0.00   3000  0
 43.00  1     11.97    9.48    0      1    0   0x8012B406   15.0   0.13   0.00   3000  0
 43.02  1     12.15    9.05    0      1    0   0x8012FC06   15.0   0.14   0.00   3000  0
 43.04  1     12.33    9.04    0      1    0   0x00134406   15.0   0.14   0.00   3000  0
 43.06  1     12.52    9.43    0      1    0   0x00139006   15.0   0.14   0.00   3000  0
 43.08  1     12.73   10.15    0      1    0   0x8013E006   15.0   0.14   0.00   3000  0
 43.10  1     12.95   11.09    0      1    0   0x00143806   15.0   0.15   0.00   3000  0
 43.12  1     13.19   12.11    0      1    0   0x80149C06   15.0   0.15   0.00   3000  0
 43.14  1     13.45   13.07    0      1    0   0x80150406   15.0   0.15   0.00   3000  0
 43.16  1     13.73   13.84    0      1    0   0x80157006   15.0   0.15   0.00   3000  0
 43.18  1     14.02   14.34    0      1    0   0x0015E406   15.0   0.16   0.00   3000  0
 43.20  1     14.31   14.50    0      1    0   0x80165806   15.0   0.16   0.00   3000  0
 43.22  1     14.59   14.32    0      1    0   0x0016CC06   15.0   0.16   0.00   3000  0
 43.24  1     14.87   13.84    0      1    0   0x00173806   15.0   0.17   0.00   3000  0
 43.26  1     15.13   13.14    0      1    0   0x0017A406   15.0   0.17   0.00   3000  0
 43.28  1     15.38   12.31    0      1    0   0x00180406   15.0   0.17   0.00   3000  0
 43.30  1     15.61   11.49    0      1    0   0x80186006   15.0   0.17   0.00   3000  0
 43.32  1     15.82   10.77    0      1    0   0x8018B806   15.0   0.18   0.00   3000  0
 43.34  1     16.03   10.25    0      1    0   0x80190806   15.0   0.18   0.00   3000  0
 43.36  1     16.23    9.99    0      1    0   0x80195806   15.0   0.18   0.00   3000  0
 43.38  1     16.43   10.01    0      1    0   0x8019A806   15.0   0.18   0.00   3000  0
 43.40  1     16.63   10.30    0      1    0   0x0019FC06   15.0   0.19   0.00   3000  0
 43.42  1     16.85   10.81    0      1    0   0x801A5406   15.0   0.19   0.00   3000  0
 43.44  1     17.08   11.46    0      1    0   0x001AAC06   15.0   0.19   0.00   3000  0
 43.46  1     17.32   12.15    0      1    0   0x001B1006   15.0   0.19   0.00   3000  0
 43.48  1     17.58   12.79    0      1    0   0x801B7406   15.0   0.20   0.00   3000  0
 43.50  1     17.84   13.30    0      1    0   0x001BE006   15.0   0.20   0.00   3000  0
 43.52  1     18.12   13.62    0      1    0   0x801C4C06   15.0   0.20   0.00   3000  0
 43.54  1     18.39   13.70    0      1    0   0x801CBC06   15.0   0.21   0.00   3000  0
 43.56  1     18.66   13.55    0      1    0   0x801D2806   15.0   0.21   0.00   3000  0
 43.58  1     18.93   13.21    0      1    0   0x801D9006   15.0   0.21   0.00   3000  0
 43.60  1     19.18   12.72    0      1    0   0x001DF806   15.0   0.21   0.00   3000  0
 43.62  1     19.42   12.16    0      1    0   0x001E5806   15.0   0.22   0.00   3000  0
 43.64  1     19.66   11.60    0      1    0   0x801EB406   15.0   0.22   0.00   3000  0
 43.66  1     19.88   11.12    0      1    0   0x001F0C06   15.0   0.22   0.00   3000  0
 43.68  1     20.09   10.79    0      1    0   0x801F6406   15.0   0.22   0.00   3000  0
 43.70  1     20.31   10.63    0      1    0   0x001FB806   15.0   0.23   0.00   3000  0
 43.72  1     20.52   10.67    0      1    0   0x00200C06   15.0   0.23   0.00   3000  0
 43.74  1     20.74   10.89    0      1    0   0x80206406   15.0   0.23   0.00   3000  0
 43.76  1     20.96   11.24    0      1    0   0x0020C006   15.0   0.23   0.00   3000  0
 43.78  1     21.20   11.69    0      1    0   0x00211C06   15.0   0.24   0.00   3000  0
 43.80  1     21.44   12.16    0      1    0   0x00217C06   15.0   0.24   0.00   3000  0
 43.82  1     21.69   12.58    0      1    0   0x8021E406   15.0   0.24   0.00   3000  0
 43.84  1     21.95   12.92    0      1    0   0x80224806   15.0   0.25   0.00   3000  0
 43.86  1     22.21   13.11    0      1    0   0x8022B406   15.0   0.25   0.00   3000  0
 43.88  1     22.47   13.15    0      1    0   0x80231C06   15.0   0.25   0.00   3000  0
 43.90  1     22.74   13.04    0      1    0   0x00238406   15.0   0.25   0.00   3000  0
 43.92  1     22.99   12.79    0      1    0   0x8023EC06   15.0   0.26   0.00   3000  0
 43.94  1     23.24   12.45    0      1    0   0x80245006   15.0   0.26   0.00   3000  0
 43.96  1     23.48   12.07    0      1    0   0x0024B006   15.0   0.26   0.00   3000  0
 43.98  1     23.72   11.69    0      1    0   0x00250C06   15.0   0.26   0.00   3000  0
 44.00  1     23.94   11.38    0      1    0   0x80256806   15.0   0.27   0.00   3000  0
 44.02  1     24.17   11.16    0      1    0   0x0025C006   15.0   0.27   0.00   3000  0
 44.04  1     24.39   11.07    0      1    0   0x00261806   15.0   0.27   0.00   3000  0
 44.06  1     24.61   11.11    0      1    0   0x80267006   15.0   0.27   0.00   3000  0
 44.08  1     24.84   11.27    0      1    0   0x0026CC06   15.0   0.28   0.00   3000  0
 44.10  1     25.07   11.52    0      1    0   0x80272806   15.0   0.28   0.00   3000  0
 44.12  1     25.30   11.83    0      1    0   0x80278806   15.0   0.28   0.00   3000  0
 44.14  1     25.55   12.14    0      1    0   0x8027E806   15.0   0.29   0.00   3000  0
 44.16  1     25.79   12.43    0      1    0   0x00284C06   15.0   0.29   0.00   3000  0
 44.18  1     26.05   12.65    0      1    0   0x0028B006   15.0   0.29   0.00   3000  0
 44.20  1     26.30   12.77    0      1    0   0x00291806   15.0   0.29   0.00   3000  0
 44.22  1     26.56   12.78    0      1    0   0x80297C06   15.0   0.30   0.00   3000  0
 44.24  1     26.81   12.69    0      1    0   0x0029E406   15.0   0.30   0.00   3000  0
 44.26  1     27.06   12.52    0      1    0   0x002A4806   15.0   0.30   0.00   3000  0
 44.28  1     27.31   12.28    0      1    0   0x802AA806   15.0   0.30   0.00   3000  0
 44.30  1     27.55   12.02    0      1    0   0x002B0806   15.0   0.31   0.00   3000  0
 44.32  1     27.78   11.77    0      1    0   0x002B6806   15.0   0.31   0.00   3000  0
 44.34  1     28.01   11.56    0      1    0   0x002BC406   15.0   0.31   0.00   3000  0
 44.36  1     28.24   11.43    0      1    0   0x802C2006   15.0   0.31   0.00   3000  0
 44.38  1     28.47   11.37    0      1    0   0x802C7C06   15.0   0.32   0.00   3000  0
 44.40  1     28.70   11.41    0      1    0   0x002CD406   15.0   0.32   0.00   3000  0
 44.42  1     28.93   11.53    0      1    0   0x802D3006   15.0   0.32   0.00   3000  0
 44.44  1     29.16   11.70    0      1    0   0x802D9006   15.0   0.33   0.00   3000  0
 44.46  1     29.40   11.91    0      1    0   0x802DF006   15.0   0.33   0.00   3000  0
 44.48  1     29.64   12.12    0      1    0   0x802E5006   15.0   0.33   0.00   3000  0
 44.50  1     29.89   12.31    0      1    0   0x802EB406   15.0   0.33   0.00   3000  0
 44.52  1     30.14   12.45    0      1    0   0x002F1406   15.0   0.34   0.00   3000  0
 44.54  1     30.39   12.53    0      1    0   0x802F7C06   15.0   0.34   0.00   3000  0
 44.56  1     30.64   12.53    0      1    0   0x802FE006   15.0   0.34   0.00   3000  0
 44.58  1     30.89   12.47    0      1    0   0x80304406   15.0   0.34   0.00   3000  0
 44.60  1     31.14   12.34    0      1    0   0x0030A406   15.0   0.35   0.00   3000  0
 44.62  1     31.38   12.18    0      1    0   0x80310806   15.0   0.35   0.00   3000  0
 44.64  1     31.62   12.00    0      1    0   0x80316806   15.0   0.35   0.00   3000  0
 44.66  1     31.86   11.83    0      1    0   0x8031C406   15.0   0.35   0.00   3000  0
 44.68  1     32.09   11.70    0      1    0   0x00322406   15.0   0.36   0.00   3000  0
 44.70  1     32.32   11.61    0      1    0   0x80328006   15.0   0.36   0.00   3000  0
 44.72  1     32.55   11.58    0      1    0   0x8032DC06   15.0   0.36   0.00   3000  0
 44.74  1     32.79   11.63    0      1    0   0x00333806   15.0   0.37   0.00   3000  0
 44.76  1     33.02   11.75    0      1    0   0x00339806   15.0   0.37   0.00   3000  0
 44.78  1     33.26   11.92    0      1    0   0x0033F806   15.0   0.37   0.00   3000  0
 44.80  1     33.50   12.09    0      1    0   0x80345806   15.0   0.37   0.00   3000  0
 44.82  1     33.75   12.25    0      1    0   0x0034B806   15.0   0.38   0.00   3000  0
 44.84  1     34.00   12.38    0      1    0   0x00351C06   15.0   0.38   0.00   3000  0
 44.86  1     34.24   12.45    0      1    0   0x00358006   15.0   0.38   0.00   3000  0
 44.88  1     34.49   12.45    0      1    0   0x8035E406   15.0   0.38   0.00   3000  0
 44.90  1     34.74   12.40    0      1    0   0x80364806   15.0   0.39   0.00   3000  0
 44.92  1     34.99   12.30    0      1    0   0x0036A806   15.0   0.39   0.00   3000  0
 44.94  1     35.23   12.16    0      1    0   0x00370C06   15.0   0.39   0.00   3000  0
 44.96  1     35.47   12.01    0      1    0   0x00376C06   15.0   0.39   0.00   3000  0
 44.98  1     35.71   11.87    0      1    0   0x8037C806   15.0   0.40   0.00   3000  0
 45.00  1     35.94   11.73    0      1    0   0x00382806   15.0   0.40   0.00   3000  0
 45.02  1     36.17   11.23    0      1    0   0x80388006   15.0   0.40   0.00   3000  0
 45.04  1     36.37   10.13    0      1    0   0x0038D406   15.0   0.40   0.00   3000  0
 45.06  1     36.54    8.38    0      1    0   0x80391406   15.1   0.40   0.00   3000  0
 45.08  1     36.66    6.16    0      1    0   0x80394806   15.1   0.40   0.00   3000  0
 45.10  1     36.74    3.74    0      1    0   0x00396406   15.1   0.40   0.00   3000  0
 45.12  1     36.76    1.42    0      1    0   0x00397006   15.1   0.40   0.00   3000  0
 45.14  1     36.75   -0.51    0      1    0   0x80396C06   15.1   0.41   0.00   3000  0
 45.16  1     36.72   -1.81    0      1    0   0x80395C06   15.2   0.41   0.00   3000  0
 45.18  1     36.67   -2.32    0      1    0   0x00394C06   15.2   0.41   0.00   3000  0
 45.20  1     36.63   -2.01    0      1    0   0x80393C06   15.2   0.41   0.00   3000  0
 45.22  1     36.61   -0.95    0      1    0   0x00393406   15.2   0.41   0.00   3000  0
 45.24  1     36.63    0.66    0      1    0   0x00393806   15.2   0.41   0.00   3000  0
 45.26  1     36.68    2.58    0      1    0   0x00394C06   15.3   0.41   0.00   3000  0
 45.28  1     36.77    4.56    0      1    0   0x00397006   15.3   0.41   0.00   3000  0
 45.30  1     36.90    6.33    0      1    0   0x0039A406   15.3   0.41   0.00   3000  0
 45.32  1     37.05    7.66    0      1    0   0x0039E006   15.3   0.41   0.00   3000  0
 45.34  1     37.22    8.38    0      1    0   0x803A2406   15.3   0.41   0.00   3000  0
 45.36  1     37.38    8.41    0      1    0   0x003A6806   15.4   0.41   0.00   3000  0
 45.38  1     37.54    7.80    0      1    0   0x003AA806   15.4   0.42   0.00   3000  0
 45.40  1     37.67    6.67    0      1    0   0x003ADC06   15.4   0.42   0.00   3000  0
 45.42  1     37.78    5.17    0      1    0   0x803B0406   15.4   0.42   0.00   3000  0
 45.44  1     37.85    3.53    0      1    0   0x803B2006   15.4   0.42   0.00   3000  0
 45.46  1     37.89    1.96    0      1    0   0x003B3006   15.5   0.42   0.00   3000  0
 45.48  1     37.90    0.69    0      1    0   0x803B3806   15.5   0.42   0.00   3000  0
 45.50  1     37.90   -0.13    0      1    0   0x803B3406   15.5   0.42   0.00   3000  0
 45.52  1     37.89   -0.41    0      1    0   0x003B3006   15.5   0.42   0.00   3000  0
 45.54  1     37.89   -0.14    0      1    0   0x003B3006   15.5   0.42   0.00   3000  0
 45.56  1     37.90    0.60    0      1    0   0x803B3406   15.6   0.42   0.00   3000  0
 45.58  1     37.93    1.73    0      1    0   0x003B4406   15.6   0.42   0.00   3000  0
 45.60  1     37.99    3.06    0      1    0   0x003B5C06   15.6   0.42   0.00   3000  0
 45.62  1     38.08    4.41    0      1    0   0x803B8006   15.6   0.42   0.00   3000  0
 45.64  1     38.19    5.58    0      1    0   0x003BAC06   15.6   0.43   0.00   3000  0
 45.66  1     38.32    6.42    0      1    0   0x803BE006   15.7   0.43   0.00   3000  0
 45.68  1     38.46    6.85    0      1    0   0x803C1406   15.7   0.43   0.00   3000  0
 45.70  1     38.60    6.84    0      1    0   0x003C4C06   15.7   0.43   0.00   3000  0
 45.72  1     38.72    6.40    0      1    0   0x003C8006   15.7   0.43   0.00   3000  0
 45.74  1     38.84    5.59    0      1    0   0x803CAC06   15.7   0.43   0.00   3000  0
 45.76  1     38.93    4.54    0      1    0   0x003CD006   15.8   0.43   0.00   3000  0
 45.78  1     39.00    3.42    0      1    0   0x003CEC06   15.8   0.43   0.00   3000  0
 45.80  1     39.04    2.39    0      1    0   0x003D0006   15.8   0.43   0.00   3000  0
 45.82  1     39.07    1.56    0      1    0   0x003D0C06   15.8   0.43   0.00   3000  0
 45.84  1     39.10    1.04    0      1    0   0x003D1406   15.8   0.43   0.00   3000  0
 45.86  1     39.11    0.87    0      1    0   0x803D1C06   15.9   0.43   0.00   3000  0
 45.88  1     39.13    1.09    0      1    0   0x003D2406   15.9   0.44   0.00   3000  0
 45.90  1     39.17    1.65    0      1    0   0x003D3006   15.9   0.44   0.00   3000  0
 45.92  1     39.22    2.44    0      1    0   0x003D4406   15.9   0.44   0.00   3000  0
 45.94  1     39.28    3.34    0      1    0   0x003D6006   15.9   0.44   0.00   3000  0
 45.96  1     39.37    4.23    0      1    0   0x803D8006   16.0   0.44   0.00   3000  0
 45.98  1     39.47    5.00    0      1    0   0x803DA806   16.0   0.44   0.00   3000  0
 46.00  1     39.58    5.56    0      1    0   0x003DD406   16.0   0.44   0.00   3000  0
 46.02  1     39.70    5.83    0      1    0   0x803E0406   16.0   0.44   0.00   3000  0
 46.04  1     39.81    5.79    0      1    0   0x803E3406   16.0   0.44   0.00   3000  0
 46.06  1     39.92    5.44    0      1    0   0x003E5C06   16.1   0.44   0.00   3000  0
 46.08  1     40.02    4.87    0      1    0   0x003E8406   16.1   0.44   0.00   3000  0
 46.10  1     40.10    4.16    0      1    0   0x803EA806   16.1   0.44   0.00   3000  0
 46.12  1     40.17    3.41    0      1    0   0x003EC006   16.1   0.44   0.00   3000  0
 46.14  1     40.22    2.71    0      1    0   0x003ED806   16.1   0.45   0.00   3000  0
 46.16  1     40.27    2.16    0      1    0   0x003EE806   16.2   0.45   0.00   3000  0
 46.18  1     40.30    1.83    0      1    0   0x803EF806   16.2   0.45   0.00   3000  0
 46.20  1     40.34    1.76    0      1    0   0x003F0406   16.2   0.45   0.00   3000  0
 46.22  1     40.38    1.94    0      1    0   0x803F1406   16.2   0.45   0.00   3000  0
 46.24  1     40.42    2.33    0      1    0   0x803F2806   16.2   0.45   0.00   3000  0
 46.26  1     40.48    2.86    0      1    0   0x003F4006   16.3   0.45   0.00   3000  0
 46.28  1     40.55    3.48    0      1    0   0x803F5C06   16.3   0.45   0.00   3000  0
 46.30  1     40.63    4.10    0      1    0   0x003F7C06   16.3   0.45   0.00   3000  0
 46.32  1     40.72    4.61    0      1    0   0x803FA006   16.3   0.45   0.00   3000  0
 46.34  1     40.82    4.97    0      1    0   0x003FC806   16.3   0.45   0.00   3000  0
 46.36  1     40.93    5.11    0      1    0   0x803FF006   16.4   0.45   0.00   3000  0
 46.38  1     41.03    5.06    0      1    0   0x00401806   16.4   0.46   0.00   3000  0
 46.40  1     41.12    4.82    0      1    0   0x80404006   16.4   0.46   0.00   3000  0
 46.42  1     41.21    4.42    0      1    0   0x80406406   16.4   0.46   0.00   3000  0
 46.44  1     41.29    3.93    0      1    0   0x00408406   16.4   0.46   0.00   3000  0
 46.46  1     41.36    3.41    0      1    0   0x00409C06   16.5   0.46   0.00   3000  0
 46.48  1     41.42    2.94    0      1    0   0x0040B406   16.5   0.46   0.00   3000  0
 46.50  1     41.47    2.59    0      1    0   0x8040C806   16.5   0.46   0.00   3000  0
 46.52  1     41.52    2.40    0      1    0   0x8040DC06   16.5   0.46   0.00   3000  0
 46.54  1     41.56    2.36    0      1    0   0x0040F006   16.5   0.46   0.00   3000  0
 46.56  1     41.61    2.49    0      1    0   0x00410406   16.6   0.46   0.00   3000  0
 46.58  1     41.67    2.77    0      1    0   0x80411806   16.6   0.46   0.00   3000  0
 46.60  1     41.73    3.15    0      1    0   0x00413406   16.6   0.46   0.00   3000  0
 46.62  1     41.80    3.58    0      1    0   0x80415006   16.6   0.46   0.00   3000  0
 46.64  1     41.88    3.98    0      1    0   0x00417006   16.6   0.47   0.00   3000  0
 46.66  1     41.97    4.31    0      1    0   0x80419006   16.7   0.47   0.00   3000  0
 46.68  1     42.06    4.54    0      1    0   0x8041B806   16.7   0.47   0.00   3000  0
 46.70  1     42.15    4.63    0      1    0   0x0041DC06   16.7   0.47   0.00   3000  0
 46.72  1     42.24    4.59    0      1    0   0x80420006   16.7   0.47   0.00   3000  0
 46.74  1     42.33    4.40    0      1    0   0x80422406   16.7   0.47   0.00   3000  0
 46.76  1     42.42    4.11    0      1    0   0x80424406   16.8   0.47   0.00   3000  0
 46.78  1     42.49    3.78    0      1    0   0x00426406   16.8   0.47   0.00   3000  0
 46.80  1     42.56    3.44    0      1    0   0x00427C06   16.8   0.47   0.00   3000  0
 46.82  1     42.62    3.13    0      1    0   0x00429806   16.8   0.47   0.00   3000  0
 46.84  1     42.68    2.90    0      1    0   0x0042B006   16.8   0.47   0.00   3000  0
 46.86  1     42.74    2.76    0      1    0   0x0042C406   16.9   0.47   0.00   3000  0
 46.88  1     42.79    2.76    0      1    0   0x0042DC06   16.9   0.48   0.00   3000  0
 46.90  1     42.85    2.87    0      1    0   0x8042F006   16.9   0.48   0.00   3000  0
 46.92  1     42.91    3.07    0      1    0   0x80430806   16.9   0.48   0.00   3000  0
 46.94  1     42.98    3.33    0      1    0   0x00432406   16.9   0.48   0.00   3000  0
 46.96  1     43.05    3.61    0      1    0   0x80434006   17.0   0.48   0.00   3000  0
 46.98  1     43.13    3.88    0      1    0   0x00436006   17.0   0.48   0.00   3000  0
 47.00  1     43.21    4.11    0      1    0   0x80438006   17.0   0.48   0.00   3000  0
 47.02  1     43.29    4.26    0      1    0   0x8043A406   17.0   0.48   0.00   3000  0
 47.04  1     43.38    4.31    0      1    0   0x8043C406   17.0   0.48   0.00   3000  0
 47.06  1     43.46    4.25    0      1    0   0x0043E806   17.1   0.48   0.00   3000  0
 47.08  1     43.55    4.12    0      1    0   0x00440806   17.1   0.48   0.00   3000  0
 47.10  1     43.63    3.93    0      1    0   0x80442806   17.1   0.48   0.00   3000  0
 47.12  1     43.70    3.71    0      1    0   0x80444406   17.1   0.48   0.00   3000  0
 47.14  1     43.77    3.47    0      1    0   0x80446006   17.1   0.49   0.00   3000  0
 47.16  1     43.83    3.25    0      1    0   0x00447C06   17.2   0.49   0.00   3000  0
 47.18  1     43.90    3.10    0      1    0   0x00449406   17.2   0.49   0.00   3000  0
 47.20  1     43.96    3.03    0      1    0   0x8044AC06   17.2   0.49   0.00   3000  0
 47.22  1     44.02    3.04    0      1    0   0x0044C406   17.2   0.49   0.00   3000  0
 47.24  1     44.08    3.12    0      1    0   0x0044DC06   17.2   0.49   0.00   3000  0
 47.26  1     44.14    3.25    0      1    0   0x0044F806   17.3   0.49   0.00   3000  0
 47.28  1     44.21    3.43    0      1    0   0x00451406   17.3   0.49   0.00   3000  0
 47.30  1     44.29    3.63    0      1    0   0x00453006   17.3   0.49   0.00   3000  0
 47.32  1     44.36    3.82    0      1    0   0x00455006   17.3   0.49   0.00   3000  0
 47.34  1     44.44    3.96    0      1    0   0x80457006   17.3   0.49   0.00   3000  0
 47.36  1     44.52    4.04    0      1    0   0x00459006   17.4   0.49   0.00   3000  0
 47.38  1     44.60    4.07    0      1    0   0x8045B006   17.4   0.50   0.00   3000  0
 47.40  1     44.68    4.04    0      1    0   0x8045D006   17.4   0.50   0.00   3000  0
 47.42  1     44.76    3.95    0      1    0   0x0045F006   17.4   0.50   0.00   3000  0
 47.44  1     44.84    3.81    0      1    0   0x00460C06   17.4   0.50   0.00   3000  0
 47.46  1     44.91    3.64    0      1    0   0x80462C06   17.5   0.50   0.00   3000  0
 47.48  1     44.98    3.49    0      1    0   0x00464806   17.5   0.50   0.00   3000  0
 47.50  1     45.05    3.36    0      1    0   0x00466006   17.5   0.50   0.00   3000  0
 47.52  1     45.11    3.27    0      1    0   0x80467C06   17.5   0.50   0.00   3000  0
 47.54  1     45.18    3.22    0      1    0   0x80469406   17.5   0.50   0.00   3000  0
 47.56  1     45.24    3.21    0      1    0   0x8046B006   17.6   0.50   0.00   3000  0
 47.58  1     45.31    3.27    0      1    0   0x8046C806   17.6   0.50   0.00   3000  0
 47.60  1     45.38    3.38    0      1    0   0x0046E406   17.6   0.50   0.00   3000  0
 47.62  1     45.45    3.51    0      1    0   0x80470006   17.6   0.50   0.00   3000  0
 47.64  1     45.52    3.64    0      1    0   0x00471C06   17.6   0.51   0.00   3000  0
 47.66  1     45.59    3.75    0      1    0   0x80473C06   17.7   0.51   0.00   3000  0
 47.68  1     45.67    3.84    0      1    0   0x80475C06   17.7   0.51   0.00   3000  0
 47.70  1     45.75    3.91    0      1    0   0x80477806   17.7   0.51   0.00   3000  0
 47.72  1     45.83    3.93    0      1    0   0x00479806   17.7   0.51   0.00   3000  0
 47.74  1     45.91    3.90    0      1    0   0x8047B806   17.7   0.51   0.00   3000  0
 47.76  1     45.98    3.82    0      1    0   0x8047D806   17.8   0.51   0.00   3000  0
 47.78  1     46.06    3.72    0      1    0   0x0047F406   17.8   0.51   0.00   3000  0
 47.80  1     46.13    3.62    0      1    0   0x00481006   17.8   0.51   0.00   3000  0
 47.82  1     46.20    3.52    0      1    0   0x80483006   17.8   0.51   0.00   3000  0
 47.84  1     46.27    3.43    0      1    0   0x80484806   17.8   0.51   0.00   3000  0
 47.86  1     46.34    3.36    0      1    0   0x00486406   17.9   0.51   0.00   3000  0
 47.88  1     46.40    3.33    0      1    0   0x00488006   17.9   0.52   0.00   3000  0
 47.90  1     46.47    3.35    0      1    0   0x00489806   17.9   0.52   0.00   3000  0
 47.92  1     46.54    3.40    0      1    0   0x8048B406   17.9   0.52   0.00   3000  0
 47.94  1     46.61    3.46    0      1    0   0x0048D006   17.9   0.52   0.00   3000  0
 47.96  1     46.68    3.54    0      1    0   0x0048EC06   18.0   0.52   0.00   3000  0
 47.98  1     46.75    3.63    0      1    0   0x80490806   18.0   0.52   0.00   3000  0
 48.00  1     46.82    3.72    0      1    0   0x00492806   18.0   0.52   0.00   3000  0
 48.02  1     46.90    3.78    0      1    0   0x00494406   18.0   0.52   0.00   3000  0
 48.04  1     46.98    3.82    0      1    0   0x80496406   18.0   0.52   0.00   3000  0
 48.06  1     47.05    3.81    0      1    0   0x00498406   18.1   0.52   0.00   3000  0
 48.08  1     47.13    3.79    0      1    0   0x0049A006   18.1   0.52   0.00   3000  0
 48.10  1     47.20    3.75    0      1    0   0x0049C006   18.1   0.52   0.00   3000  0
 48.12  1     47.28    3.69    0      1    0   0x8049DC06   18.1   0.52   0.00   3000  0
 48.14  1     47.35    3.61    0      1    0   0x8049F806   18.1   0.53   0.00   3000  0
 48.16  1     47.42    3.53    0      1    0   0x004A1406   18.2   0.53   0.00   3000  0
 48.18  1     47.49    3.47    0      1    0   0x004A3006   18.2   0.53   0.00   3000  0
 48.20  1     47.56    3.44    0      1    0   0x804A4C06   18.2   0.53   0.00   3000  0
 48.22  1     47.63    3.43    0      1    0   0x804A6806   18.2   0.53   0.00   3000  0
 48.24  1     47.70    3.44    0      1    0   0x004A8406   18.2   0.53   0.00   3000  0
 48.26  1     47.76    3.46    0      1    0   0x004AA006   18.3   0.53   0.00   3000  0
 48.28  1     47.83    3.50    0      1    0   0x804ABC06   18.3   0.53   0.00   3000  0
 48.30  1     47.91    3.57    0      1    0   0x004AD806   18.3   0.53   0.00   3000  0
 48.32  1     47.98    3.64    0      1    0   0x804AF406   18.3   0.53   0.00   3000  0
 48.34  1     48.05    3.69    0      1    0   0x804B1406   18.3   0.53   0.00   3000  0
 48.36  1     48.13    3.72    0      1    0   0x804B3006   18.4   0.53   0.00   3000  0
 48.38  1     48.20    3.74    0      1    0   0x804B5006   18.4   0.54   0.00   3000  0
 48.40  1     48.28    3.75    0      1    0   0x804B6C06   18.4   0.54   0.00   3000  0
 48.42  1     48.35    3.74    0      1    0   0x004B8C06   18.4   0.54   0.00   3000  0
 48.44  1     48.43    3.70    0      1    0   0x004BA806   18.4   0.54   0.00   3000  0
 48.46  1     48.50    3.64    0      1    0   0x004BC406   18.5   0.54   0.00   3000  0
 48.48  1     48.57    3.59    0      1    0   0x804BE406   18.5   0.54   0.00   3000  0
 48.50  1     48.64    3.55    0      1    0   0x004C0006   18.5   0.54   0.00   3000  0
 48.52  1     48.71    3.52    0      1    0   0x804C1C06   18.5   0.54   0.00   3000  0
 48.54  1     48.78    3.49    0      1    0   0x804C3806   18.5   0.54   0.00   3000  0
 48.56  1     48.85    3.47    0      1    0   0x804C5406   18.6   0.54   0.00   3000  0
 48.58  1     48.92    3.48    0      1    0   0x804C7006   18.6   0.54   0.00   3000  0
 48.60  1     48.99    3.51    0      1    0   0x804C8C06   18.6   0.54   0.00   3000  0
 48.62  1     49.06    3.55    0      1    0   0x804CA806   18.6   0.54   0.00   3000  0
 48.64  1     49.13    3.59    0      1    0   0x804CC406   18.6   0.55   0.00   3000  0
 48.66  1     49.21    3.62    0      1    0   0x804CE006   18.7   0.55   0.00   3000  0
 48.68  1     49.28    3.65    0      1    0   0x004CFC06   18.7   0.55   0.00   3000  0
 48.70  1     49.35    3.69    0      1    0   0x004D1C06   18.7   0.55   0.00   3000  0
 48.72  1     49.43    3.71    0      1    0   0x004D3806   18.7   0.55   0.00   3000  0
 48.74  1     49.50    3.71    0      1    0   0x004D5806   18.7   0.55   0.00   3000  0
 48.76  1     49.57    3.68    0      1    0   0x804D7406   18.8   0.55   0.00   3000  0
 48.78  1     49.65    3.66    0      1    0   0x804D9006   18.8   0.55   0.00   3000  0
 48.80  1     49.72    3.63    0      1    0   0x004DB006   18.8   0.55   0.00   3000  0
 48.82  1     49.79    3.60    0      1    0   0x804DCC06   18.8   0.55   0.00   3000  0
 48.84  1     49.86    3.57    0      1    0   0x804DE806   18.8   0.55   0.00   3000  0
 48.86  1     49.93    3.53    0      1    0   0x004E0406   18.9   0.55   0.00   3000  0
 48.88  1     50.00    3.52    0      1    0   0x004E2006   18.9   0.56   0.00   3000  0
 48.90  1     50.08    3.52    0      1    0   0x804E3C06   18.9   0.56   0.00   3000  0
 48.92  1     50.15    3.53    0      1    0   0x004E5806   18.9   0.56   0.00   3000  0
 48.94  1     50.22    3.55    0      1    0   0x804E7406   18.9   0.56   0.00   3000  0
 48.96  1     50.29    3.56    0      1    0   0x804E9006   19.0   0.56   0.00   3000  0
 48.98  1     50.36    3.59    0      1    0   0x804EAC06   19.0   0.56   0.00   3000  0
 49.00  1     50.43    3.62    0      1    0   0x804ECC06   19.0   0.56   0.00   3000  0
 49.02  1     50.51    3.65    0      1    0   0x804EE806   19.0   0.56   0.00   3000  0
 49.04  1     50.58    3.67    0      1    0   0x804F0406   19.0   0.56   0.00   3000  0
 49.06  1     50.65    3.66    0      1    0   0x004F2406   19.1   0.56   0.00   3000  0
 49.08  1     50.72    3.66    0      1    0   0x804F4006   19.1   0.56   0.00   3000  0
 49.10  1     50.80    3.66    0      1    0   0x004F5C06   19.1   0.56   0.00   3000  0
 49.12  1     50.87    3.65    0      1    0   0x804F7C06   19.1   0.56   0.00   3000  0
 49.14  1     50.94    3.62    0      1    0   0x804F9806   19.1   0.57   0.00   3000  0
 49.16  1     51.02    3.59    0      1    0   0x004FB406   19.2   0.57   0.00   3000  0
 49.18  1     51.09    3.57    0      1    0   0x804FD006   19.2   0.57   0.00   3000  0
 49.20  1     51.16    3.56    0      1    0   0x804FEC06   19.2   0.57   0.00   3000  0
 49.22  1     51.23    3.56    0      1    0   0x00500806   19.2   0.57   0.00   3000  0
 49.24  1     51.30    3.55    0      1    0   0x80502406   19.2   0.57   0.00   3000  0
 49.26  1     51.37    3.54    0      1    0   0x80504406   19.3   0.57   0.00   3000  0
 49.28  1     51.44    3.56    0      1    0   0x80506006   19.3   0.57   0.00   3000  0
 49.30  1     51.51    3.58    0      1    0   0x00507C06   19.3   0.57   0.00   3000  0
 49.32  1     51.59    3.60    0      1    0   0x00509806   19.3   0.57   0.00   3000  0
 49.34  1     51.66    3.62    0      1    0   0x8050B406   19.3   0.57   0.00   3000  0
 49.36  1     51.73    3.63    0      1    0   0x8050D406   19.4   0.57   0.00   3000  0
 49.38  1     51.80    3.64    0      1    0   0x8050F006   19.4   0.58   0.00   3000  0
 49.40  1     51.88    3.65    0      1    0   0x00510C06   19.4   0.58   0.00   3000  0
 49.42  1     51.95    3.65    0      1    0   0x00512806   19.4   0.58   0.00   3000  0
 49.44  1     52.02    3.64    0      1    0   0x00514806   19.4   0.58   0.00   3000  0
 49.46  1     52.09    3.62    0      1    0   0x80516406   19.5   0.58   0.00   3000  0
 49.48  1     52.17    3.60    0      1    0   0x80518006   19.5   0.58   0.00   3000  0
 49.50  1     52.24    3.60    0      1    0   0x00519C06   19.5   0.58   0.00   3000  0
 49.52  1     52.31    3.59    0      1    0   0x8051BC06   19.5   0.58   0.00   3000  0
 49.54  1     52.38    3.58    0      1    0   0x0051D806   19.5   0.58   0.00   3000  0
 49.56  1     52.45    3.56    0      1    0   0x8051F406   19.6   0.58   0.00   3000  0
 49.58  1     52.52    3.56    0      1    0   0x80521006   19.6   0.58   0.00   3000  0
 49.60  1     52.60    3.57    0      1    0   0x80522C06   19.6   0.58   0.00   3000  0
 49.62  1     52.67    3.58    0      1    0   0x00524806   19.6   0.58   0.00   3000  0
 49.64  1     52.74    3.59    0      1    0   0x80526406   19.6   0.59   0.00   3000  0
 49.66  1     52.81    3.59    0      1    0   0x00528406   19.7   0.59   0.00   3000  0
 49.68  1     52.88    3.61    0      1    0   0x0052A006   19.7   0.59   0.00   3000  0
 49.70  1     52.96    3.62    0      1    0   0x8052BC06   19.7   0.59   0.00   3000  0
 49.72  1     53.03    3.64    0      1    0   0x0052D806   19.7   0.59   0.00   3000  0
 49.74  1     53.10    3.64    0      1    0   0x8052F806   19.7   0.59   0.00   3000  0
 49.76  1     53.17    3.62    0      1    0   0x80531406   19.8   0.59   0.00   3000  0
 49.78  1     53.25    3.62    0      1    0   0x80533006   19.8   0.59   0.00   3000  0
 49.80  1     53.32    3.62    0      1    0   0x00534C06   19.8   0.59   0.00   3000  0
 49.82  1     53.39    3.61    0      1    0   0x80536C06   19.8   0.59   0.00   3000  0
 49.84  1     53.46    3.60    0      1    0   0x80538806   19.8   0.59   0.00   3000  0
 49.86  1     53.53    3.58    0      1    0   0x0053A406   19.9   0.59   0.00   3000  0
 49.88  1     53.61    3.57    0      1    0   0x8053C006   19.9   0.60   0.00   3000  0
 49.90  1     53.68    3.58    0      1    0   0x0053DC06   19.9   0.60   0.00   3000  0
 49.92  1     53.75    3.58    0      1    0   0x0053F806   19.9   0.60   0.00   3000  0
 49.94  1     53.82    3.58    0      1    0   0x00541806   19.9   0.60   0.00   3000  0
 49.96  1     53.89    3.58    0      1    0   0x80543406   20.0   0.60   0.00   3000  0
 49.98  1     53.96    3.59    0      1    0   0x00545006   20.0   0.60   0.00   3000  0
 50.00  1     54.04    3.60    0      1    0   0x00546C06   20.0   0.60   0.00   3000  0
 50.02  1     54.11    3.62    0      1    0   0x00548806   20.0   0.60   0.00   3000  0
 50.04  1     54.18    3.62    0      1    0   0x8054A806   20.0   0.60   0.00   3000  0
 50.06  1     54.25    3.61    0      1    0   0x8054C406   20.0   0.60   0.00   3000  0
 50.08  1     54.33    3.62    0      1    0   0x8054E006   20.0   0.60   0.00   3000  0
 50.10  1     54.40    3.62    0      1    0   0x0054FC06   20.0   0.60   0.00   3000  0
 50.12  1     54.47    3.62    0      1    0   0x00551C06   20.0   0.60   0.00   3000  0
 50.14  1     54.54    3.62    0      1    0   0x00553806   20.0   0.61   0.00   3000  0
 50.16  1     54.61    3.60    0      1    0   0x00555406   20.0   0.61   0.00   3000  0
 50.18  1     54.69    3.59    0      1    0   0x00557006   20.0   0.61   0.00   3000  0
 50.20  1     54.76    3.59    0      1    0   0x00558C06   20.0   0.61   0.00   3000  0
 50.22  1     54.83    3.59    0      1    0   0x8055AC06   20.0   0.61   0.00   3000  0
 50.24  1     54.90    3.59    0      1    0   0x0055C806   20.0   0.61   0.00   3000  0
 50.26  1     54.97    3.58    0      1    0   0x8055E406   20.0   0.61   0.00   3000  0
 50.28  1     55.04    3.58    0      1    0   0x80560006   20.0   0.61   0.00   3000  0
 50.30  1     55.12    3.59    0      1    0   0x00561C06   20.0   0.61   0.00   3000  0
 50.32  1     55.19    3.60    0      1    0   0x00563806   20.0   0.61   0.00   3000  0
 50.34  1     55.26    3.61    0      1    0   0x00565806   20.0   0.61   0.00   3000  0
 50.36  1     55.33    3.60    0      1    0   0x80567406   20.0   0.61   0.00   3000  0
 50.38  1     55.41    3.61    0      1    0   0x80569006   20.0   0.62   0.00   3000  0
 50.40  1     55.48    3.62    0      1    0   0x8056AC06   20.0   0.62   0.00   3000  0
 50.42  1     55.55    3.62    0      1    0   0x0056C806   20.0   0.62   0.00   3000  0
 50.44  1     55.62    3.62    0      1    0   0x8056E806   20.0   0.62   0.00   3000  0
 50.46  1     55.69    3.61    0      1    0   0x80570406   20.0   0.62   0.00   3000  0
 50.48  1     55.77    3.60    0      1    0   0x80572006   20.0   0.62   0.00   3000  0
 50.50  1     55.84    3.60    0      1    0   0x00573C06   20.0   0.62   0.00   3000  0
 50.52  1     55.91    3.61    0      1    0   0x00575C06   20.0   0.62   0.00   3000  0
 50.54  1     55.98    3.60    0      1    0   0x00577806   20.0   0.62   0.00   3000  0
 50.56  1     56.05    3.58    0      1    0   0x80579406   20.0   0.62   0.00   3000  0
 50.58  1     56.13    3.58    0      1    0   0x8057B006   20.0   0.62   0.00   3000  0
 50.60  1     56.20    3.59    0      1    0   0x0057CC06   20.0   0.62   0.00   3000  0
 50.62  1     56.27    3.60    0      1    0   0x0057E806   20.0   0.62   0.00   3000  0
 50.64  1     56.34    3.60    0      1    0   0x80580806   20.0   0.63   0.00   3000  0
 50.66  1     56.41    3.59    0      1    0   0x00582406   20.0   0.63   0.00   3000  0
 50.68  1     56.49    3.60    0      1    0   0x80584006   20.0   0.63   0.00   3000  0
 50.70  1     56.56    3.61    0      1    0   0x00585C06   20.0   0.63   0.00   3000  0
 50.72  1     56.63    3.62    0      1    0   0x00587806   20.0   0.63   0.00   3000  0
 50.74  1     56.70    3.62    0      1    0   0x80589806   20.0   0.63   0.00   3000  0
 50.76  1     56.77    3.60    0      1    0   0x0058B406   20.0   0.63   0.00   3000  0
 50.78  1     56.85    3.60    0      1    0   0x8058D006   20.0   0.63   0.00   3000  0
 50.80  1     56.92    3.61    0      1    0   0x8058EC06   20.0   0.63   0.00   3000  0
 50.82  1     56.99    3.61    0      1    0   0x80590C06   20.0   0.63   0.00   3000  0
 50.84  1     57.06    3.61    0      1    0   0x80592806   20.0   0.63   0.00   3000  0
 50.86  1     57.13    3.59    0      1    0   0x80594406   20.0   0.63   0.00   3000  0
 50.88  1     57.21    3.59    0      1    0   0x80596006   20.0   0.64   0.00   3000  0
 50.90  1     57.28    3.59    0      1    0   0x00597C06   20.0   0.64   0.00   3000  0
 50.92  1     57.35    3.60    0      1    0   0x80599C06   20.0   0.64   0.00   3000  0
 50.94  1     57.42    3.60    0      1    0   0x8059B806   20.0   0.64   0.00   3000  0
 50.96  1     57.49    3.59    0      1    0   0x8059D406   20.0   0.64   0.00   3000  0
 50.98  1     57.57    3.59    0      1    0   0x8059F006   20.0   0.64   0.00   3000  0
 51.00  1     57.64    3.60    0      1    0   0x805A0C06   20.0   0.64   0.00   3000  0
 51.02  1     57.71    3.61    0      1    0   0x005A2C06   20.0   0.64   0.00   3000  0
 51.04  1     57.78    3.61    0      1    0   0x805A4806   20.0   0.64   0.00   3000  0
 51.06  1     57.85    3.60    0      1    0   0x005A6406   20.0   0.64   0.00   3000  0
 51.08  1     57.93    3.60    0      1    0   0x005A8006   20.0   0.64   0.00   3000  0
 51.10  1     58.00    3.61    0      1    0   0x805A9C06   20.0   0.64   0.00   3000  0
 51.12  1     58.07    3.61    0      1    0   0x005ABC06   20.0   0.64   0.00   3000  0
 51.14  1     58.14    3.61    0      1    0   0x805AD806   20.0   0.65   0.00   3000  0
 51.16  1     58.22    3.60    0      1    0   0x005AF406   20.0   0.65   0.00   3000  0
 51.18  1     58.29    3.59    0      1    0   0x805B1006   20.0   0.65   0.00   3000  0
 51.20  1     58.36    3.60    0      1    0   0x805B2C06   20.0   0.65   0.00   3000  0
 51.22  1     58.43    3.60    0      1    0   0x805B4C06   20.0   0.65   0.00   3000  0
 51.24  1     58.50    3.60    0      1    0   0x805B6806   20.0   0.65   0.00   3000  0
 51.26  1     58.57    3.59    0      1    0   0x005B8406   20.0   0.65   0.00   3000  0
 51.28  1     58.65    3.59    0      1    0   0x005BA006   20.0   0.65   0.00   3000  0
 51.30  1     58.72    3.60    0      1    0   0x805BBC06   20.0   0.65   0.00   3000  0
 51.32  1     58.79    3.61    0      1    0   0x805BDC06   20.0   0.65   0.00   3000  0
 51.34  1     58.86    3.61    0      1    0   0x805BF806   20.0   0.65   0.00   3000  0
 51.36  1     58.93    3.60    0      1    0   0x805C1406   20.0   0.65   0.00   3000  0
 51.38  1     59.01    3.60    0      1    0   0x805C3006   20.0   0.66   0.00   3000  0
 51.40  1     59.08    3.61    0      1    0   0x005C4C06   20.0   0.66   0.00   3000  0
 51.42  1     59.15    3.61    0      1    0   0x805C6C06   20.0   0.66   0.00   3000  0
 51.44  1     59.22    3.61    0      1    0   0x805C8806   20.0   0.66   0.00   3000  0
 51.46  1     59.30    3.60    0      1    0   0x005CA406   20.0   0.66   0.00   3000  0
 51.48  1     59.37    3.60    0      1    0   0x805CC006   20.0   0.66   0.00   3000  0
 51.50  1     59.44    3.60    0      1    0   0x005CDC06   20.0   0.66   0.00   3000  0
 51.52  1     59.51    3.61    0      1    0   0x805CFC06   20.0   0.66   0.00   3000  0
 51.54  1     59.58    3.61    0      1    0   0x005D1806   20.0   0.66   0.00   3000  0
 51.56  1     59.66    3.59    0      1    0   0x805D3406   20.0   0.66   0.00   3000  0
 51.58  1     59.73    3.59    0      1    0   0x005D5006   20.0   0.66   0.00   3000  0
 51.60  1     59.80    3.60    0      1    0   0x005D6C06   20.0   0.66   0.00   3000  0
 51.62  1     59.87    3.60    0      1    0   0x805D8C06   20.0   0.66   0.00   3000  0
 51.64  1     59.94    3.60    0      1    0   0x805DA806   20.0   0.67   0.00   3000  0
 51.66  1     60.02    3.59    0      1    0   0x805DC406   20.0   0.67   0.00   3000  0
 51.68  1     60.09    3.59    0      1    0   0x805DE006   20.0   0.67   0.00   3000  0
 51.70  1     60.16    3.60    0      1    0   0x005DFC06   20.0   0.67   0.00   3000  0
 51.72  1     60.23    3.61    0      1    0   0x805E1C06   20.0   0.67   0.00   3000  0
 51.74  1     60.30    3.61    0      1    0   0x805E3806   20.0   0.67   0.00   3000  0
 51.76  1     60.38    3.60    0      1    0   0x805E5406   20.0   0.67   0.00   3000  0
 51.78  1     60.45    3.60    0      1    0   0x805E7006   20.0   0.67   0.00   3000  0
 51.80  1     60.52    3.60    0      1    0   0x805E8C06   20.0   0.67   0.00   3000  0
 51.82  1     60.59    3.61    0      1    0   0x005EAC06   20.0   0.67   0.00   3000  0
 51.84  1     60.66    3.61    0      1    0   0x805EC806   20.0   0.67   0.00   3000  0
 51.86  1     60.74    3.59    0      1    0   0x005EE406   20.0   0.67   0.00   3000  0
 51.88  1     60.81    3.59    0      1    0   0x805F0006   20.0   0.68   0.00   3000  0
 51.90  1     60.88    3.60    0      1    0   0x005F1C06   20.0   0.68   0.00   3000  0
 51.92  1     60.95    3.61    0      1    0   0x805F3C06   20.0   0.68   0.00   3000  0
 51.94  1     61.02    3.60    0      1    0   0x005F5806   20.0   0.68   0.00   3000  0
 51.96  1     61.10    3.59    0      1    0   0x805F7406   20.0   0.68   0.00   3000  0
 51.98  1     61.17    3.59    0      1    0   0x805F9006   20.0   0.68   0.00   3000  0
 52.00  1     61.24    3.60    0      1    0   0x805FAC06   20.0   0.68   0.00   3000  0
 52.02  1     61.31    3.61    0      1    0   0x805FCC06   20.0   0.68   0.00   3000  0
 52.04  1     61.38    3.61    0      1    0   0x805FE806   20.0   0.68   0.00   3000  0
 52.06  1     61.46    3.60    0      1    0   0x00600406   20.0   0.68   0.00   3000  0
 52.08  1     61.53    3.60    0      1    0   0x00602006   20.0   0.68   0.00   3000  0
 52.10  1     61.60    3.60    0      1    0   0x80603C06   20.0   0.68   0.00   3000  0
 52.12  1     61.67    3.61    0      1    0   0x80605C06   20.0   0.68   0.00   3000  0
 52.14  1     61.74    3.61    0      1    0   0x80607806   20.0   0.69   0.00   3000  0
 52.16  1     61.82    3.60    0      1    0   0x00609406   20.0   0.69   0.00   3000  0
 52.18  1     61.89    3.59    0      1    0   0x0060B006   20.0   0.69   0.00   3000  0
 52.20  1     61.96    3.60    0      1    0   0x0060D006   20.0   0.69   0.00   3000  0
 52.22  1     62.03    3.61    0      1    0   0x0060EC06   20.0   0.69   0.00   3000  0
 52.24  1     62.10    3.61    0      1    0   0x80610806   20.0   0.69   0.00   3000  0
 52.26  1     62.18    3.59    0      1    0   0x00612406   20.0   0.69   0.00   3000  0
 52.28  1     62.25    3.59    0      1    0   0x80614006   20.0   0.69   0.00   3000  0
 52.30  1     62.32    3.60    0      1    0   0x00616006   20.0   0.69   0.00   3000  0
 52.32  1     62.39    3.61    0      1    0   0x80617C06   20.0   0.69   0.00   3000  0
 52.34  1     62.46    3.61    0      1    0   0x80619806   20.0   0.69   0.00   3000  0
 52.36  1     62.54    3.59    0      1    0   0x0061B406   20.0   0.69   0.00   3000  0
 52.38  1     62.61    3.59    0      1    0   0x8061D006   20.0   0.70   0.00   3000  0
 52.40  1     62.68    3.60    0      1    0   0x0061F006   20.0   0.70   0.00   3000  0
 52.42  1     62.75    3.61    0      1    0   0x00620C06   20.0   0.70   0.00   3000  0
 52.44  1     62.82    3.61    0      1    0   0x00622806   20.0   0.70   0.00   3000  0
 52.46  1     62.90    3.60    0      1    0   0x00624406   20.0   0.70   0.00   3000  0
 52.48  1     62.97    3.60    0      1    0   0x00626006   20.0   0.70   0.00   3000  0
 52.50  1     63.04    3.60    0      1    0   0x80628006   20.0   0.70   0.00   3000  0
 52.52  1     63.11    3.61    0      1    0   0x00629C06   20.0   0.70   0.00   3000  0
 52.54  1     63.18    3.61    0      1    0   0x0062B806   20.0   0.70   0.00   3000  0
 52.56  1     63.26    3.59    0      1    0   0x0062D406   20.0   0.70   0.00   3000  0
 52.58  1     63.33    3.59    0      1    0   0x0062F006   20.0   0.70   0.00   3000  0
 52.60  1     63.40    3.60    0      1    0   0x00631006   20.0   0.70   0.00   3000  0
 52.62  1     63.47    3.61    0      1    0   0x00632C06   20.0   0.70   0.00   3000  0
 52.64  1     63.54    3.61    0      1    0   0x80634806   20.0   0.71   0.00   3000  0
 52.66  1     63.62    3.59    0      1    0   0x00636406   20.0   0.71   0.00   3000  0
 52.68  1     63.69    3.59    0      1    0   0x00638006   20.0   0.71   0.00   3000  0
 52.70  1     63.76    3.60    0      1    0   0x8063A006   20.0   0.71   0.00   3000  0
 52.72  1     63.83    3.61    0      1    0   0x0063BC06   20.0   0.71   0.00   3000  0
 52.74  1     63.90    3.61    0      1    0   0x8063D806   20.0   0.71   0.00   3000  0
 52.76  1     63.98    3.60    0      1    0   0x0063F406   20.0   0.71   0.00   3000  0
 52.78  1     64.05    3.60    0      1    0   0x80641006   20.0   0.71   0.00   3000  0
 52.80  1     64.12    3.60    0      1    0   0x00643006   20.0   0.71   0.00   3000  0
 52.82  1     64.19    3.61    0      1    0   0x80644C06   20.0   0.71   0.00   3000  0
 52.84  1     64.27    3.61    0      1    0   0x80646806   20.0   0.71   0.00   3000  0
 52.86  1     64.34    3.59    0      1    0   0x00648406   20.0   0.71   0.00   3000  0
 52.88  1     64.41    3.59    0      1    0   0x0064A006   20.0   0.72   0.00   3000  0
 52.90  1     64.48    3.60    0      1    0   0x0064C006   20.0   0.72   0.00   3000  0
 52.92  1     64.55    3.61    0      1    0   0x8064DC06   20.0   0.72   0.00   3000  0
 52.94  1     64.63    3.61    0      1    0   0x8064F806   20.0   0.72   0.00   3000  0
 52.96  1     64.70    3.59    0      1    0   0x80651406   20.0   0.72   0.00   3000  0
 52.98  1     64.77    3.59    0      1    0   0x80653006   20.0   0.72   0.00   3000  0
 53.00  1     64.84    3.60    0      1    0   0x80655006   20.0   0.72   0.00   3000  0
 53.02  1     64.91    3.61    0      1    0   0x80656C06   20.0   0.72   0.00   3000  0
 53.04  1     64.99    3.61    0      1    0   0x80658806   20.0   0.72   0.00   3000  0
 53.06  1     65.06    3.60    0      1    0   0x0065A406   20.0   0.72   0.00   3000  0
 53.08  1     65.13    3.59    0      1    0   0x8065C006   20.0   0.72   0.00   3000  0
 53.10  1     65.20    3.60    0      1    0   0x0065E006   20.0   0.72   0.00   3000  0
 53.12  1     65.27    3.61    0      1    0   0x8065FC06   20.0   0.72   0.00   3000  0
 53.14  1     65.35    3.61    0      1    0   0x80661806   20.0   0.73   0.00   3000  0
 53.16  1     65.42    3.60    0      1    0   0x00663406   20.0   0.73   0.00   3000  0
 53.18  1     65.49    3.59    0      1    0   0x80665006   20.0   0.73   0.00   3000  0
 53.20  1     65.56    3.60    0      1    0   0x00667006   20.0   0.73   0.00   3000  0
 53.22  1     65.63    3.61    0      1    0   0x00668C06   20.0   0.73   0.00   3000  0
 53.24  1     65.71    3.61    0      1    0   0x0066A806   20.0   0.73   0.00   3000  0
 53.26  1     65.78    3.59    0      1    0   0x0066C406   20.0   0.73   0.00   3000  0
 53.28  1     65.85    3.59    0      1    0   0x0066E006   20.0   0.73   0.00   3000  0
 53.30  1     65.92    3.60    0      1    0   0x00670006   20.0   0.73   0.00   3000  0
 53.32  1     65.99    3.61    0      1    0   0x80671C06   20.0   0.73   0.00   3000  0
 53.34  1     66.07    3.61    0      1    0   0x80673806   20.0   0.73   0.00   3000  0
 53.36  1     66.14    3.59    0      1    0   0x80675406   20.0   0.73   0.00   3000  0
 53.38  1     66.21    3.59    0      1    0   0x80677006   20.0   0.74   0.00   3000  0
 53.40  1     66.28    3.60    0      1    0   0x00679006   20.0   0.74   0.00   3000  0
 53.42  1     66.35    3.61    0      1    0   0x0067AC06   20.0   0.74   0.00   3000  0
 53.44  1     66.43    3.61    0      1    0   0x8067C806   20.0   0.74   0.00   3000  0
 53.46  1     66.50    3.60    0      1    0   0x0067E406   20.0   0.74   0.00   3000  0
 53.48  1     66.57    3.59    0      1    0   0x00680006   20.0   0.74   0.00   3000  0
 53.50  1     66.64    3.60    0      1    0   0x80682006   20.0   0.74   0.00   3000  0
 53.52  1     66.71    3.61    0      1    0   0x00683C06   20.0   0.74   0.00   3000  0
 53.54  1     66.79    3.61    0      1    0   0x80685806   20.0   0.74   0.00   3000  0
 53.56  1     66.86    3.59    0      1    0   0x00687406   20.0   0.74   0.00   3000  0
 53.58  1     66.93    3.59    0      1    0   0x00689006   20.0   0.74   0.00   3000  0
 53.60  1     67.00    3.60    0      1    0   0x8068B006   20.0   0.74   0.00   3000  0
 53.62  1     67.07    3.61    0      1    0   0x0068CC06   20.0   0.74   0.00   3000  0
 53.64  1     67.15    3.61    0      1    0   0x0068E806   20.0   0.75   0.00   3000  0
 53.66  1     67.22    3.59    0      1    0   0x00690406   20.0   0.75   0.00   3000  0
 53.68  1     67.29    3.59    0      1    0   0x00692006   20.0   0.75   0.00   3000  0
 53.70  1     67.36    3.60    0      1    0   0x00694006   20.0   0.75   0.00   3000  0
 53.72  1     67.43    3.61    0      1    0   0x80695C06   20.0   0.75   0.00   3000  0
 53.74  1     67.51    3.61    0      1    0   0x80697806   20.0   0.75   0.00   3000  0
 53.76  1     67.58    3.60    0      1    0   0x00699406   20.0   0.75   0.00   3000  0
 53.78  1     67.65    3.59    0      1    0   0x0069B006   20.0   0.75   0.00   3000  0
 53.80  1     67.72    3.60    0      1    0   0x0069D006   20.0   0.75   0.00   3000  0
 53.82  1     67.79    3.61    0      1    0   0x0069EC06   20.0   0.75   0.00   3000  0
 53.84  1     67.87    3.61    0      1    0   0x006A0806   20.0   0.75   0.00   3000  0
 53.86  1     67.94    3.59    0      1    0   0x806A2406   20.0   0.75   0.00   3000  0
 53.88  1     68.01    3.59    0      1    0   0x806A4406   20.0   0.76   0.00   3000  0
 53.90  1     68.08    3.60    0      1    0   0x806A6006   20.0   0.76   0.00   3000  0
 53.92  1     68.15    3.61    0      1    0   0x006A7C06   20.0   0.76   0.00   3000  0
 53.94  1     68.23    3.61    0      1    0   0x006A9806   20.0   0.76   0.00   3000  0
 53.96  1     68.30    3.59    0      1    0   0x806AB406   20.0   0.76   0.00   3000  0
 53.98  1     68.37    3.59    0      1    0   0x806AD406   20.0   0.76   0.00   3000  0
 54.00  1     68.44    3.60    0      1    0   0x806AF006   20.0   0.76   0.00   3000  0
 54.02  1     68.51    3.61    0      1    0   0x006B0C06   20.0   0.76   0.00   3000  0
 54.04  1     68.59    3.61    0      1    0   0x006B2806   20.0   0.76   0.00   3000  0
 54.06  1     68.66    3.59    0      1    0   0x006B4406   20.0   0.76   0.00   3000  0
 54.08  1     68.73    3.59    0      1    0   0x806B6406   20.0   0.76   0.00   3000  0
 54.10  1     68.80    3.60    0      1    0   0x806B8006   20.0   0.76   0.00   3000  0
 54.12  1     68.87    3.61    0      1    0   0x006B9C06   20.0   0.76   0.00   3000  0
 54.14  1     68.95    3.61    0      1    0   0x006BB806   20.0   0.77   0.00   3000  0
 54.16  1     69.02    3.59    0      1    0   0x006BD406   20.0   0.77   0.00   3000  0
 54.18  1     69.09    3.59    0      1    0   0x806BF406   20.0   0.77   0.00   3000  0
 54.20  1     69.16    3.60    0      1    0   0x006C1006   20.0   0.77   0.00   3000  0
 54.22  1     69.23    3.61    0      1    0   0x006C2C06   20.0   0.77   0.00   3000  0
 54.24  1     69.31    3.61    0      1    0   0x806C4806   20.0   0.77   0.00   3000  0
 54.26  1     69.38    3.59    0      1    0   0x006C6406   20.0   0.77   0.00   3000  0
 54.28  1     69.45    3.59    0      1    0   0x806C8406   20.0   0.77   0.00   3000  0
 54.30  1     69.52    3.60    0      1    0   0x806CA006   20.0   0.77   0.00   3000  0
 54.32  1     69.59    3.61    0      1    0   0x006CBC06   20.0   0.77   0.00   3000  0
 54.34  1     69.67    3.61    0      1    0   0x806CD806   20.0   0.77   0.00   3000  0
 54.36  1     69.74    3.59    0      1    0   0x006CF406   20.0   0.77   0.00   3000  0
 54.38  1     69.81    3.59    0      1    0   0x006D1406   20.0   0.78   0.00   3000  0
 54.40  1     69.88    3.60    0      1    0   0x006D3006   20.0   0.78   0.00   3000  0
 54.42  1     69.95    3.61    0      1    0   0x806D4C06   20.0   0.78   0.00   3000  0
 54.44  1     70.03    3.61    0      1    0   0x806D6806   20.0   0.78   0.00   3000  0
 54.46  1     70.10    3.59    0      1    0   0x006D8406   20.0   0.78   0.00   3000  0
 54.48  1     70.17    3.59    0      1    0   0x806DA406   20.0   0.78   0.00   3000  0
 54.50  1     70.24    3.60    0      1    0   0x006DC006   20.0   0.78   0.00   3000  0
 54.52  1     70.31    3.61    0      1    0   0x806DDC06   20.0   0.78   0.00   3000  0
 54.54  1     70.39    3.61    0      1    0   0x806DF806   20.0   0.78   0.00   3000  0
 54.56  1     70.46    3.59    0      1    0   0x006E1406   20.0   0.78   0.00   3000  0
 54.58  1     70.53    3.59    0      1    0   0x806E3406   20.0   0.78   0.00   3000  0
 54.60  1     70.60    3.60    0      1    0   0x006E5006   20.0   0.78   0.00   3000  0
 54.62  1     70.68    3.61    0      1    0   0x006E6C06   20.0   0.78   0.00   3000  0
 54.64  1     70.75    3.61    0      1    0   0x006E8806   20.0   0.79   0.00   3000  0
 54.66  1     70.82    3.59    0      1    0   0x806EA406   20.0   0.79   0.00   3000  0
 54.68  1     70.89    3.59    0      1    0   0x806EC406   20.0   0.79   0.00   3000  0
 54.70  1     70.96    3.60    0      1    0   0x806EE006   20.0   0.79   0.00   3000  0
 54.72  1     71.04    3.61    0      1    0   0x006EFC06   20.0   0.79   0.00   3000  0
 54.74  1     71.11    3.61    0      1    0   0x806F1806   20.0   0.79   0.00   3000  0
 54.76  1     71.18    3.59    0      1    0   0x006F3406   20.0   0.79   0.00   3000  0
 54.78  1     71.25    3.59    0      1    0   0x006F5406   20.0   0.79   0.00   3000  0
 54.80  1     71.32    3.60    0      1    0   0x006F7006   20.0   0.79   0.00   3000  0
 54.82  1     71.40    3.61    0      1    0   0x006F8C06   20.0   0.79   0.00   3000  0
 54.84  1     71.47    3.61    0      1    0   0x006FA806   20.0   0.79   0.00   3000  0
 54.86  1     71.54    3.59    0      1    0   0x006FC406   20.0   0.79   0.00   3000  0
 54.88  1     71.61    3.59    0      1    0   0x806FE406   20.0   0.80   0.00   3000  0
 54.90  1     71.68    3.60    0      1    0   0x00700006   20.0   0.80   0.00   3000  0
 54.92  1     71.76    3.61    0      1    0   0x80701C06   20.0   0.80   0.00   3000  0
 54.94  1     71.83    3.61    0      1    0   0x80703806   20.0   0.80   0.00   3000  0
 54.96  1     71.90    3.59    0      1    0   0x80705406   20.0   0.80   0.00   3000  0
 54.98  1     71.97    3.59    0      1    0   0x00707406   20.0   0.80   0.00   3000  0
 55.00  1     72.04    3.60    0      1    0   0x00709006   20.0   0.80   0.00   3000  0
 55.02  1     72.11    3.45    0      1    0   0x0070AC06   20.0   0.80   0.00   3000  0
 55.04  1     72.17    3.02    0      1    0   0x8070C406   20.0   0.80   0.00   3000  0
 55.06  1     72.22    2.30    0      1    0   0x0070D406   20.0   0.80   0.00   3000  0
 55.08  1     72.24    1.31    0      1    0   0x8070E006   20.0   0.80   0.00   3000  0
 55.10  1     72.25    0.21    0      1    0   0x8070E006   20.0   0.80   0.00   3000  0
 55.12  1     72.23   -0.86    0      1    0   0x8070DC06   20.0   0.80   0.00   3000  0
 55.14  1     72.20   -1.79    0      1    0   0x0070CC06   20.0   0.80   0.00   3000  0
 55.16  1     72.15   -2.42    0      1    0   0x0070B806   20.0   0.80   0.00   3000  0
 55.18  1     72.09   -2.70    0      1    0   0x8070A406   20.0   0.80   0.00   3000  0
 55.20  1     72.04   -2.59    0      1    0   0x00709006   20.0   0.80   0.00   3000  0
 55.22  1     72.00   -2.14    0      1    0   0x80707C06   20.0   0.80   0.00   3000  0
 55.24  1     71.97   -1.42    0      1    0   0x00707406   20.0   0.80   0.00   3000  0
 55.26  1     71.96   -0.54    0      1    0   0x00706C06   20.0   0.80   0.00   3000  0
 55.28  1     71.97    0.37    0      1    0   0x80707006   20.0   0.80   0.00   3000  0
 55.30  1     71.99    1.19    0      1    0   0x80707C06   20.0   0.80   0.00   3000  0
 55.32  1     72.03    1.81    0      1    0   0x00708806   20.0   0.80   0.00   3000  0
 55.34  1     72.07    2.16    0      1    0   0x00709C06   20.0   0.80   0.00   3000  0
 55.36  1     72.11    2.21    0      1    0   0x0070AC06   20.0   0.80   0.00   3000  0
 55.38  1     72.15    1.93    0      1    0   0x8070BC06   20.0   0.80   0.00   3000  0
 55.40  1     72.18    1.41    0      1    0   0x8070C806   20.0   0.80   0.00   3000  0
 55.42  1     72.20    0.73    0      1    0   0x0070CC06   20.0   0.80   0.00   3000  0
 55.44  1     72.20   -0.01    0      1    0   0x0070CC06   20.0   0.80   0.00   3000  0
 55.46  1     72.18   -0.72    0      1    0   0x8070C806   20.0   0.80   0.00   3000  0
 55.48  1     72.16   -1.29    0      1    0   0x8070BC06   20.0   0.80   0.00   3000  0
 55.50  1     72.12   -1.67    0      1    0   0x8070B006   20.0   0.80   0.00   3000  0
 55.52  1     72.09   -1.80    0      1    0   0x0070A006   20.0   0.80   0.00   3000  0
 55.54  1     72.05   -1.69    0      1    0   0x80709406   20.0   0.80   0.00   3000  0
 55.56  1     72.03   -1.36    0      1    0   0x00708806   20.0   0.80   0.00   3000  0
 55.58  1     72.01   -0.88    0      1    0   0x80708006   20.0   0.80   0.00   3000  0
 55.60  1     72.00   -0.30    0      1    0   0x80708006   20.0   0.80   0.00   3000  0
 55.62  1     72.01    0.30    0      1    0   0x80708006   20.0   0.80   0.00   3000  0
 55.64  1     72.02    0.81    0      1    0   0x00708806   20.0   0.80   0.00   3000  0
 55.66  1     72.05    1.20    0      1    0   0x00709006   20.0   0.80   0.00   3000  0
 55.68  1     72.08    1.42    0      1    0   0x00709C06   20.0   0.80   0.00   3000  0
 55.70  1     72.11    1.44    0      1    0   0x8070A806   20.0   0.80   0.00   3000  0
 55.72  1     72.13    1.27    0      1    0   0x0070B406   20.0   0.80   0.00   3000  0
 55.74  1     72.15    0.95    0      1    0   0x0070B806   20.0   0.80   0.00   3000  0
 55.76  1     72.16    0.51    0      1    0   0x8070BC06   20.0   0.80   0.00   3000  0
 55.78  1     72.16    0.02    0      1    0   0x8070BC06   20.0   0.80   0.00   3000  0
 55.80  1     72.15   -0.45    0      1    0   0x8070BC06   20.0   0.80   0.00   3000  0
 55.82  1     72.13   -0.84    0      1    0   0x0070B406   20.0   0.80   0.00   3000  0
 55.84  1     72.11   -1.10    0      1    0   0x0070AC06   20.0   0.80   0.00   3000  0
 55.86  1     72.09   -1.20    0      1    0   0x0070A006   20.0   0.80   0.00   3000  0
 55.88  1     72.07   -1.16    0      1    0   0x80709806   20.0   0.80   0.00   3000  0
 55.90  1     72.05   -0.96    0      1    0   0x00709006   20.0   0.80   0.00   3000  0
 55.92  1     72.03   -0.63    0      1    0   0x80708C06   20.0   0.80   0.00   3000  0
 55.94  1     72.03   -0.23    0      1    0   0x00708806   20.0   0.80   0.00   3000  0
 55.96  1     72.03    0.18    0      1    0   0x80708C06   20.0   0.80   0.00   3000  0
 55.98  1     72.04    0.56    0      1    0   0x00709006   20.0   0.80   0.00   3000  0
 56.00  1     72.06    0.84    0      1    0   0x80709806   20.0   0.80   0.00   3000  0
 56.02  1     72.08    1.00    0      1    0   0x0070A006   20.0   0.80   0.00   3000  0
 56.04  1     72.10    1.01    0      1    0   0x8070A806   20.0   0.80   0.00   3000  0
 56.06  1     72.12    0.89    0      1    0   0x0070AC06   20.0   0.80   0.00   3000  0
 56.08  1     72.13    0.64    0      1    0   0x0070B406   20.0   0.80   0.00   3000  0
 56.10  1     72.14    0.30    0      1    0   0x0070B406   20.0   0.80   0.00   3000  0
 56.12  1     72.14   -0.04    0      1    0   0x0070B406   20.0   0.80   0.00   3000  0
 56.14  1     72.13   -0.39    0      1    0   0x8070B006   20.0   0.80   0.00   3000  0
 56.16  1     72.12   -0.66    0      1    0   0x0070AC06   20.0   0.80   0.00   3000  0
 56.18  1     72.10   -0.82    0      1    0   0x8070A406   20.0   0.80   0.00   3000  0
 56.20  1     72.08   -0.86    0      1    0   0x0070A006   20.0   0.80   0.00   3000  0
 56.22  1     72.07   -0.78    0      1    0   0x80709806   20.0   0.80   0.00   3000  0
 56.24  1     72.05   -0.59    0      1    0   0x80709406   20.0   0.80   0.00   3000  0
 56.26  1     72.05   -0.34    0      1    0   0x00709006   20.0   0.80   0.00   3000  0
 56.28  1     72.05   -0.05    0      1    0   0x00709006   20.0   0.80   0.00   3000  0
 56.30  1     72.05    0.24    0      1    0   0x80709406   20.0   0.80   0.00   3000  0
 56.32  1     72.06    0.47    0      1    0   0x80709806   20.0   0.80   0.00   3000  0
 56.34  1     72.07    0.64    0      1    0   0x00709C06   20.0   0.80   0.00   3000  0
 56.36  1     72.09    0.71    0      1    0   0x0070A006   20.0   0.80   0.00   3000  0
 56.38  1     72.10    0.66    0      1    0   0x8070A806   20.0   0.80   0.00   3000  0
 56.40  1     72.11    0.52    0      1    0   0x0070AC06   20.0   0.80   0.00   3000  0
 56.42  1     72.12    0.33    0      1    0   0x0070AC06   20.0   0.80   0.00   3000  0
 56.44  1     72.12    0.11    0      1    0   0x0070AC06   20.0   0.80   0.00   3000  0
 56.46  1     72.12   -0.12    0      1    0   0x0070AC06   20.0   0.80   0.00   3000  0
 56.48  1     72.11   -0.31    0      1    0   0x0070AC06   20.0   0.80   0.00   3000  0
 56.50  1     72.10   -0.46    0      1    0   0x8070A806   20.0   0.80   0.00   3000  0
 56.52  1     72.09   -0.54    0      1    0   0x8070A406   20.0   0.80   0.00   3000  0
 56.54  1     72.08   -0.54    0      1    0   0x0070A006   20.0   0.80   0.00   3000  0
 56.56  1     72.07   -0.47    0      1    0   0x00709C06   20.0   0.80   0.00   3000  0
 56.58  1     72.06   -0.36    0      1    0   0x80709806   20.0   0.80   0.00   3000  0
 56.60  1     72.06   -0.21    0      1    0   0x80709406   20.0   0.80   0.00   3000  0
 56.62  1     72.06   -0.03    0      1    0   0x80709406   20.0   0.80   0.00   3000  0
 56.64  1     72.06    0.13    0      1    0   0x80709806   20.0   0.80   0.00   3000  0
 56.66  1     72.07    0.25    0      1    0   0x80709806   20.0   0.80   0.00   3000  0
 56.68  1     72.07    0.34    0      1    0   0x00709C06   20.0   0.80   0.00   3000  0
 56.70  1     72.08    0.39    0      1    0   0x0070A006   20.0   0.80   0.00   3000  0
 56.72  1     72.09    0.40    0      1    0   0x0070A006   20.0   0.80   0.00   3000  0
 56.74  1     72.10    0.36    0      1    0   0x8070A406   20.0   0.80   0.00   3000  0
 56.76  1     72.10    0.28    0      1    0   0x8070A806   20.0   0.80   0.00   3000  0
 56.78  1     72.10    0.14    0      1    0   0x8070A806   20.0   0.80   0.00   3000  0
 56.80  1     72.10   -0.01    0      1    0   0x8070A806   20.0   0.80   0.00   3000  0
 56.82  1     72.10   -0.15    0      1    0   0x8070A806   20.0   0.80   0.00   3000  0
 56.84  1     72.10   -0.25    0      1    0   0x8070A406   20.0   0.80   0.00   3000  0
 56.86  1     72.09   -0.31    0      1    0   0x8070A406   20.0   0.80   0.00   3000  0
 56.88  1     72.08   -0.33    0      1    0   0x0070A006   20.0   0.80   0.00   3000  0
 56.90  1     72.08   -0.30    0      1    0   0x00709C06   20.0   0.80   0.00   3000  0
 56.92  1     72.07   -0.23    0      1    0   0x00709C06   20.0   0.80   0.00   3000  0
 56.94  1     72.07   -0.13    0      1    0   0x00709C06   20.0   0.80   0.00   3000  0
 56.96  1     72.07   -0.03    0      1    0   0x00709C06   20.0   0.80   0.00   3000  0
 56.98  1     72.07    0.06    0      1    0   0x00709C06   20.0   0.80   0.00   3000  0
 57.00  1     72.07    0.13    0      1    0   0x00709C06   20.0   0.80   0.00   3000  0
 57.02  1     72.08    0.19    0      1    0   0x00709C06   20.0   0.80   0.00   3000  0
 57.04  1     72.08    0.23    0      1    0   0x0070A006   20.0   0.80   0.00   3000  0
 57.06  1     72.09    0.24    0      1    0   0x0070A006   20.0   0.80   0.00   3000  0
 57.08  1     72.09    0.19    0      1    0   0x8070A406   20.0   0.80   0.00   3000  0
 57.10  1     72.09    0.13    0      1    0   0x8070A406   20.0   0.80   0.00   3000  0
 57.12  1     72.09    0.05    0      1    0   0x8070A406   20.0   0.80   0.00   3000  0
 57.14  1     72.09   -0.02    0      1    0   0x8070A406   20.0   0.80   0.00   3000  0
 57.16  1     72.09   -0.08    0      1    0   0x8070A406   20.0   0.80   0.00   3000  0
 57.18  1     72.09   -0.15    0      1    0   0x0070A006   20.0   0.80   0.00   3000  0
 57.20  1     72.09   -0.19    0      1    0   0x0070A006   20.0   0.80   0.00   3000  0
 57.22  1     72.08   -0.20    0      1    0   0x0070A006   20.0   0.80   0.00   3000  0
 57.24  1     72.08   -0.18    0      1    0   0x00709C06   20.0   0.80   0.00   3000  0
 57.26  1     72.08   -0.13    0      1    0   0x00709C06   20.0   0.80   0.00   3000  0
 57.28  1     72.07   -0.08    0      1    0   0x00709C06   20.0   0.80   0.00   3000  0
 57.30  1     72.07   -0.03    0      1    0   0x00709C06   20.0   0.80   0.00   3000  0
 57.32  1     72.07    0.04    0      1    0   0x00709C06   20.0   0.80   0.00   3000  0
 57.34  1     72.08    0.10    0      1    0   0x00709C06   20.0   0.80   0.00   3000  0
 57.36  1     72.08    0.15    0      1    0   0x00709C06   20.0   0.80   0.00   3000  0
 57.38  1     72.08    0.18    0      1    0   0x0070A006   20.0   0.80   0.00   3000  0
 57.40  1     72.09    0.18    0      1    0   0x0070A006   20.0   0.80   0.00   3000  0
 57.42  1     72.09    0.16    0      1    0   0x0070A006   20.0   0.80   0.00   3000  0
 57.44  1     72.09    0.12    0      1    0   0x8070A406   20.0   0.80   0.00   3000  0
 57.46  1     72.09    0.06    0      1    0   0x8070A406   20.0   0.80   0.00   3000  0
 57.48  1     72.09   -0.02    0      1    0   0x8070A406   20.0   0.80   0.00   3000  0
 57.50  1     72.09   -0.10    0      1    0   0x8070A406   20.0   0.80   0.00   3000  0
 57.52  1     72.09   -0.15    0      1    0   0x0070A006   20.0   0.80   0.00   3000  0
 57.54  1     72.08   -0.18    0      1    0   0x0070A006   20.0   0.80   0.00   3000  0
 57.56  1     72.08   -0.17    0      1    0   0x0070A006   20.0   0.80   0.00   3000  0
 57.58  1     72.08   -0.14    0      1    0   0x00709C06   20.0   0.80   0.00   3000  0
 57.60  1     72.08   -0.10    0      1    0   0x00709C06   20.0   0.80   0.00   3000  0
 57.62  1     72.07   -0.04    0      1    0   0x00709C06   20.0   0.80   0.00   3000  0
 57.64  1     72.08    0.02    0      1    0   0x00709C06   20.0   0.80   0.00   3000  0
 57.66  1     72.08    0.07    0      1    0   0x00709C06   20.0   0.80   0.00   3000  0
 57.68  1     72.08    0.12    0      1    0   0x00709C06   20.0   0.80   0.00   3000  0
 57.70  1     72.08    0.14    0      1    0   0x0070A006   20.0   0.80   0.00   3000  0
 57.72  1     72.08    0.14    0      1    0   0x0070A006   20.0   0.80   0.00   3000  0
 57.74  1     72.09    0.13    0      1    0   0x0070A006   20.0   0.80   0.00   3000  0
 57.76  1     72.09    0.09    0      1    0   0x0070A006   20.0   0.80   0.00   3000  0
 57.78  1     72.09    0.05    0      1    0   0x0070A006   20.0   0.80   0.00   3000  0
 57.80  1     72.09   -0.00    0      1    0   0x0070A006   20.0   0.80   0.00   3000  0
 57.82  1     72.09   -0.05    0      1    0   0x0070A006   20.0   0.80   0.00   3000  0
 57.84  1     72.09   -0.09    0      1    0   0x0070A006   20.0   0.80   0.00   3000  0
 57.86  1     72.08   -0.11    0      1    0   0x0070A006   20.0   0.80   0.00   3000  0
 57.88  1     72.08   -0.12    0      1    0   0x0070A006   20.0   0.80   0.00   3000  0
 57.90  1     72.08   -0.12    0      1    0   0x0070A006   20.0   0.80   0.00   3000  0
 57.92  1     72.08   -0.10    0      1    0   0x00709C06   20.0   0.80   0.00   3000  0
 57.94  1     72.08   -0.06    0      1    0   0x00709C06   20.0   0.80   0.00   3000  0
 57.96  1     72.08   -0.02    0      1    0   0x00709C06   20.0   0.80   0.00   3000  0
 57.98  1     72.08    0.02    0      1    0   0x00709C06   20.0   0.80   0.00   3000  0
 58.00  1     72.08    0.05    0      1    0   0x00709C06   20.0   0.80   0.00   3000  0
 58.02  1     72.08    0.08    0      1    0   0x00709C06   20.0   0.80   0.00   3000  0
 58.04  1     72.08    0.09    0      1    0   0x0070A006   20.0   0.80   0.00   3000  0
 58.06  1     72.08    0.10    0      1    0   0x0070A006   20.0   0.80   0.00   3000  0
 58.08  1     72.08    0.08    0      1    0   0x0070A006   20.0   0.80   0.00   3000  0
 58.10  1     72.09    0.06    0      1    0   0x0070A006   20.0   0.80   0.00   3000  0
 58.12  1     72.09    0.03    0      1    0   0x0070A006   20.0   0.80   0.00   3000  0
 58.14  1     72.09   -0.01    0      1    0   0x0070A006   20.0   0.80   0.00   3000  0
 58.16  1     72.09   -0.04    0      1    0   0x0070A006   20.0   0.80   0.00   3000  0
 58.18  1     72.08   -0.06    0      1    0   0x0070A006   20.0   0.80   0.00   3000  0
 58.20  1     72.08   -0.08    0      1    0   0x0070A006   20.0   0.80   0.00   3000  0
 58.22  1     72.08   -0.09    0      1    0   0x0070A006   20.0   0.80   0.00   3000  0
 58.24  1     72.08   -0.10    0      1    0   0x00709C06   20.0   0.80   0.00   3000  0
 58.26  1     72.08   -0.13    0      1    0   0x00709C06   20.0   0.80   0.00   3000  0
 58.28  1     72.07   -0.12    0      1    0   0x00709C06   20.0   0.80   0.00   3000  0
 58.30  1     72.07   -0.09    0      1    0   0x00709C06   20.0   0.80   0.00   3000  0
 58.32  1     72.07   -0.04    0      1    0   0x00709C06   20.0   0.80   0.00   3000  0
 58.34  1     72.07    0.02    0      1    0   0x00709C06   20.0   0.80   0.00   3000  0
 58.36  1     72.07    0.08    0      1    0   0x00709C06   20.0   0.80   0.00   3000  0
 58.38  1     72.08    0.12    0      1    0   0x00709C06   20.0   0.80   0.00   3000  0
 58.40  1     72.08    0.15    0      1    0   0x00709C06   20.0   0.80   0.00   3000  0
 58.42  1     72.08    0.15    0      1    0   0x0070A006   20.0   0.80   0.00   3000  0
 58.44  1     72.09    0.14    0      1    0   0x0070A006   20.0   0.80   0.00   3000  0
 58.46  1     72.09    0.10    0      1    0   0x0070A006   20.0   0.80   0.00   3000  0
 58.48  1     72.09    0.05    0      1    0   0x0070A006   20.0   0.80   0.00   3000  0
 58.50  1     72.09   -0.00    0      1    0   0x0070A006   20.0   0.80   0.00   3000  0
 58.52  1     72.09   -0.05    0      1    0   0x0070A006   20.0   0.80   0.00   3000  0
 58.54  1     72.09   -0.09    0      1    0   0x0070A006   20.0   0.80   0.00   3000  0
 58.56  1     72.08   -0.12    0      1    0   0x0070A006   20.0   0.80   0.00   3000  0
 58.58  1     72.08   -0.13    0      1    0   0x0070A006   20.0   0.80   0.00   3000  0
 58.60  1     72.08   -0.13    0      1    0   0x00709C06   20.0   0.80   0.00   3000  0
 58.62  1     72.08   -0.10    0      1    0   0x00709C06   20.0   0.80   0.00   3000  0
 58.64  1     72.07   -0.07    0      1    0   0x00709C06   20.0   0.80   0.00   3000  0
 58.66  1     72.07   -0.03    0      1    0   0x00709C06   20.0   0.80   0.00   3000  0
 58.68  1     72.07    0.02    0      1    0   0x00709C06   20.0   0.80   0.00   3000  0
 58.70  1     72.08    0.06    0      1    0   0x00709C06   20.0   0.80   0.00   3000  0
 58.72  1     72.08    0.09    0      1    0   0x00709C06   20.0   0.80   0.00   3000  0
 58.74  1     72.08    0.10    0      1    0   0x00709C06   20.0   0.80   0.00   3000  0
 58.76  1     72.08    0.10    0      1    0   0x0070A006   20.0   0.80   0.00   3000  0
 58.78  1     72.08    0.09    0      1    0   0x0070A006   20.0   0.80   0.00   3000  0
 58.80  1     72.08    0.06    0      1    0   0x0070A006   20.0   0.80   0.00   3000  0
 58.82  1     72.08    0.03    0      1    0   0x0070A006   20.0   0.80   0.00   3000  0
 58.84  1     72.08   -0.01    0      1    0   0x0070A006   20.0   0.80   0.00   3000  0
 58.86  1     72.08   -0.04    0      1    0   0x0070A006   20.0   0.80   0.00   3000  0
 58.88  1     72.08   -0.07    0      1    0   0x0070A006   20.0   0.80   0.00   3000  0
 58.90  1     72.08   -0.09    0      1    0   0x0070A006   20.0   0.80   0.00   3000  0
 58.92  1     72.08   -0.09    0      1    0   0x00709C06   20.0   0.80   0.00   3000  0
 58.94  1     72.08   -0.09    0      1    0   0x00709C06   20.0   0.80   0.00   3000  0
 58.96  1     72.08   -0.07    0      1    0   0x00709C06   20.0   0.80   0.00   3000  0
 58.98  1     72.07   -0.04    0      1    0   0x00709C06   20.0   0.80   0.00   3000  0
 59.00  1     72.07   -0.02    0      1    0   0x00709C06   20.0   0.80   0.00   3000  0
 59.02  1     72.07    0.01    0      1    0   0x00709C06   20.0   0.80   0.00   3000  0
 59.04  1     72.08    0.04    0      1    0   0x00709C06   20.0   0.80   0.00   3000  0
 59.06  1     72.08    0.06    0      1    0   0x00709C06   20.0   0.80   0.00   3000  0
 59.08  1     72.08    0.07    0      1    0   0x00709C06   20.0   0.80   0.00   3000  0
 59.10  1     72.08    0.07    0      1    0   0x00709C06   20.0   0.80   0.00   3000  0
 59.12  1     72.08    0.06    0      1    0   0x0070A006   20.0   0.80   0.00   3000  0
 59.14  1     72.08    0.04    0      1    0   0x0070A006   20.0   0.80   0.00   3000  0
 59.16  1     72.08    0.02    0      1    0   0x0070A006   20.0   0.80   0.00   3000  0
 59.18  1     72.08   -0.01    0      1    0   0x0070A006   20.0   0.80   0.00   3000  0
 59.20  1     72.08   -0.03    0      1    0   0x0070A006   20.0   0.80   0.00   3000  0
 59.22  1     72.08   -0.05    0      1    0   0x0070A006   20.0   0.80   0.00   3000  0
 59.24  1     72.08   -0.06    0      1    0   0x00709C06   20.0   0.80   0.00   3000  0
 59.26  1     72.08   -0.06    0      1    0   0x00709C06   20.0   0.80   0.00   3000  0
 59.28  1     72.08   -0.06    0      1    0   0x00709C06   20.0   0.80   0.00   3000  0
 59.30  1     72.08   -0.05    0      1    0   0x00709C06   20.0   0.80   0.00   3000  0
 59.32  1     72.07   -0.03    0      1    0   0x00709C06   20.0   0.80   0.00   3000  0
 59.34  1     72.07   -0.01    0      1    0   0x00709C06   20.0   0.80   0.00   3000  0
 59.36  1     72.08    0.01    0      1    0   0x00709C06   20.0   0.80   0.00   3000  0
 59.38  1     72.08    0.03    0      1    0   0x00709C06   20.0   0.80   0.00   3000  0
 59.40  1     72.08    0.04    0      1    0   0x00709C06   20.0   0.80   0.00   3000  0
 59.42  1     72.08    0.05    0      1    0   0x00709C06   20.0   0.80   0.00   3000  0
 59.44  1     72.08    0.04    0      1    0   0x00709C06   20.0   0.80   0.00   3000  0
 59.46  1     72.08    0.04    0      1    0   0x00709C06   20.0   0.80   0.00   3000  0
 59.48  1     72.08    0.02    0      1    0   0x00709C06   20.0   0.80   0.00   3000  0
 59.50  1     72.08    0.01    0      1    0   0x00709C06   20.0   0.80   0.00   3000  0
 59.52  1     72.08   -0.01    0      1    0   0x00709C06   20.0   0.80   0.00   3000  0
 59.54  1     72.08   -0.02    0      1    0   0x00709C06   20.0   0.80   0.00   3000  0
 59.56  1     72.08   -0.03    0      1    0   0x00709C06   20.0   0.80   0.00   3000  0
 59.58  1     72.08   -0.04    0      1    0   0x00709C06   20.0   0.80   0.00   3000  0
 59.60  1     72.08   -0.04    0      1    0   0x00709C06   20.0   0.80   0.00   3000  0
 59.62  1     72.08   -0.04    0      1    0   0x00709C06   20.0   0.80   0.00   3000  0
 59.64  1     72.08   -0.03    0      1    0   0x00709C06   20.0   0.80   0.00   3000  0
 59.66  1     72.07   -0.02    0      1    0   0x00709C06   20.0   0.80   0.00   3000  0
 59.68  1     72.07   -0.01    0      1    0   0x00709C06   20.0   0.80   0.00   3000  0
 59.70  1     72.07    0.01    0      1    0   0x00709C06   20.0   0.80   0.00   3000  0
 59.72  1     72.08    0.02    0      1    0   0x00709C06   20.0   0.80   0.00   3000  0
 59.74  1     72.08    0.03    0      1    0   0x00709C06   20.0   0.80   0.00   3000  0
 59.76  1     72.08    0.03    0      1    0   0x00709C06   20.0   0.80   0.00   3000  0
 59.78  1     72.08    0.03    0      1    0   0x00709C06   20.0   0.80   0.00   3000  0
 59.80  1     72.08    0.02    0      1    0   0x00709C06   20.0   0.80   0.00   3000  0
 59.82  1     72.08    0.01    0      1    0   0x00709C06   20.0   0.80   0.00   3000  0
 59.84  1     72.08    0.00    0      1    0   0x00709C06   20.0   0.80   0.00   3000  0
 59.86  1     72.08   -0.01    0      1    0   0x00709C06   20.0   0.80   0.00   3000  0
 59.88  1     72.08   -0.02    0      1    0   0x00709C06   20.0   0.80   0.00   3000  0
 59.90  1     72.08   -0.03    0      1    0   0x00709C06   20.0   0.80   0.00   3000  0
 59.92  1     72.08   -0.03    0      1    0   0x00709C06   20.0   0.80   0.00   3000  0
 59.94  1     72.08   -0.03    0      1    0   0x00709C06   20.0   0.80   0.00   3000  0
 59.96  1     72.07   -0.03    0      1    0   0x00709C06   20.0   0.80   0.00   3000  0
 59.98  1     72.07   -0.02    0      1    0   0x00709C06   20.0   0.80   0.00   3000  0
 60.00  1     72.07   -0.01    0      1    0   0x00709C06   20.0   0.80   0.00   3000  0
 60.02  1     72.07   -0.00    0      1    0   0x00709C06   20.0   0.80   0.00   3000  0
 60.04  1     72.07    0.01    0      1    0   0x00709C06   20.0   0.80   0.00   3000  0
 60.06  1     72.07    0.01    0      1    0   0x00709C06   20.0   0.80   0.00   3000  0
 60.08  1     72.07    0.02    0      1    0   0x00709C06   20.0   0.80   0.00   3000  0
 60.10  1     72.08    0.02    0      1    0   0x00709C06   20.0   0.80   0.00   3000  0
 60.12  1     72.08    0.02    0      1    0   0x00709C06   20.0   0.80   0.00   3000  0
 60.14  1     72.08    0.01    0      1    0   0x00709C06   20.0   0.80   0.00   3000  0
 60.16  1     72.08    0.01    0      1    0   0x00709C06   20.0   0.80   0.00   3000  0
 60.18  1     72.08   -0.02    0      1    0   0x00709C06   20.0   0.80   0.00   3000  0
 60.20  1     72.07   -0.05    0      1    0   0x00709C06   20.0   0.80   0.00   3000  0
 60.22  1     72.07   -0.05    0      1    0   0x00709C06   20.0   0.80   0.00   3000  0
 60.24  1     72.07   -0.05    0      1    0   0x00709C06   20.0   0.80   0.00   3000  0
 60.26  1     72.07   -0.04    0      1    0   0x00709C06   20.0   0.80   0.00   3000  0
 60.28  1     72.07   -0.02    0      1    0   0x00709C06   20.0   0.80   0.00   3000  0
 60.30  1     72.07    0.00    0      1    0   0x00709C06   20.0   0.80   0.00   3000  0
 60.32  1     72.07    0.02    0      1    0   0x00709C06   20.0   0.80   0.00   3000  0
 60.34  1     72.07    0.04    0      1    0   0x00709C06   20.0   0.80   0.00   3000  0
 60.36  1     72.07    0.05    0      1    0   0x00709C06   20.0   0.80   0.00   3000  0
 60.38  1     72.07    0.03    0      1    0   0x00709C06   20.0   0.80   0.00   3000  0
 60.40  1     72.07    0.01    0      1    0   0x00709C06   20.0   0.80   0.00   3000  0
 60.42  1     72.07   -0.01    0      1    0   0x00709C06   20.0   0.80   0.00   3000  0
 60.44  1     72.07   -0.04    0      1    0   0x00709C06   20.0   0.80   0.00   3000  0
 60.46  1     72.07   -0.05    0      1    0   0x00709C06   20.0   0.80   0.00   3000  0
 60.48  1     72.07   -0.06    0      1    0   0x00709C06   20.0   0.80   0.00   3000  0
 60.50  1     72.07   -0.04    0      1    0   0x00709C06   20.0   0.80   0.00   3000  0
 60.52  1     72.07   -0.02    0      1    0   0x00709C06   20.0   0.80   0.00   3000  0
 60.54  1     72.07    0.00    0      1    0   0x00709C06   20.0   0.80   0.00   3000  0
 60.56  1     72.07    0.03    0      1    0   0x00709C06   20.0   0.80   0.00   3000  0
 60.58  1     72.07    0.05    0      1    0   0x00709C06   20.0   0.80   0.00   3000  0
 60.60  1     72.07    0.06    0      1    0   0x00709C06   20.0   0.80   0.00   3000  0
 60.62  1     72.07    0.06    0      1    0   0x00709C06   20.0   0.80   0.00   3000  0
 60.64  1     72.08    0.06    0      1    0   0x00709C06   20.0   0.80   0.00   3000  0
 60.66  1     72.08    0.04    0      1    0   0x00709C06   20.0   0.80   0.00   3000  0
 60.68  1     72.08    0.00    0      1    0   0x00709C06   20.0   0.80   0.00   3000  0
 60.70  1     72.08   -0.04    0      1    0   0x00709C06   20.0   0.80   0.00   3000  0
 60.72  1     72.07   -0.06    0      1    0   0x00709C06   20.0   0.80   0.00   3000  0
 60.74  1     72.07   -0.07    0      1    0   0x00709C06   20.0   0.80   0.00   3000  0
 60.76  1     72.07   -0.07    0      1    0   0x00709C06   20.0   0.80   0.00   3000  0
 60.78  1     72.07   -0.05    0      1    0   0x00709C06   20.0   0.80   0.00   3000  0
 60.80  1     72.07   -0.03    0      1    0   0x80709806   20.0   0.80   0.00   3000  0
 60.82  1     72.07   -0.01    0      1    0   0x80709806   20.0   0.80   0.00   3000  0
 60.84  1     72.07    0.02    0      1    0   0x80709806   20.0   0.80   0.00   3000  0
 60.86  1     72.07    0.04    0      1    0   0x00709C06   20.0   0.80   0.00   3000  0
 60.88  1     72.07    0.03    0      1    0   0x00709C06   20.0   0.80   0.00   3000  0
 60.90  1     72.07    0.02    0      1    0   0x00709C06   20.0   0.80   0.00   3000  0
 60.92  1     72.07    0.01    0      1    0   0x00709C06   20.0   0.80   0.00   3000  0
 60.94  1     72.07   -0.01    0      1    0   0x00709C06   20.0   0.80   0.00   3000  0
 60.96  1     72.07   -0.03    0      1    0   0x00709C06   20.0   0.80   0.00   3000  0
 60.98  1     72.07   -0.03    0      1    0   0x00709C06   20.0   0.80   0.00   3000  0
 61.00  1     72.07   -0.02    0      1    0   0x00709C06   20.0   0.80   0.00   3000  0
 61.02  1     72.07   -0.01    0      1    0   0x80709806   20.0   0.80   0.00   3000  0
 61.04  1     72.07    0.01    0      1    0   0x00709C06   20.0   0.80   0.00   3000  0
 61.06  1     72.07    0.02    0      1    0   0x00709C06   20.0   0.80   0.00   3000  0
 61.08  1     72.07    0.03    0      1    0   0x00709C06   20.0   0.80   0.00   3000  0
 61.10  1     72.07    0.04    0      1    0   0x00709C06   20.0   0.80   0.00   3000  0
 61.12  1     72.07    0.04    0      1    0   0x00709C06   20.0   0.80   0.00   3000  0
 61.14  1     72.07    0.03    0      1    0   0x00709C06   20.0   0.80   0.00   3000  0
 61.16  1     72.07    0.02    0      1    0   0x00709C06   20.0   0.80   0.00   3000  0
 61.18  1     72.07   -0.01    0      1    0   0x00709C06   20.0   0.80   0.00   3000  0
 61.20  1     72.07   -0.04    0      1    0   0x00709C06   20.0   0.80   0.00   3000  0
 61.22  1     72.07   -0.06    0      1    0   0x00709C06   20.0   0.80   0.00   3000  0
 61.24  1     72.07   -0.06    0      1    0   0x00709C06   20.0   0.80   0.00   3000  0
 61.26  1     72.07   -0.05    0      1    0   0x80709806   20.0   0.80   0.00   3000  0
 61.28  1     72.07   -0.03    0      1    0   0x80709806   20.0   0.80   0.00   3000  0
 61.30  1     72.07   -0.01    0      1    0   0x80709806   20.0   0.80   0.00   3000  0
 61.32  1     72.07    0.01    0      1    0   0x80709806   20.0   0.80   0.00   3000  0
 61.34  1     72.07    0.03    0      1    0   0x80709806   20.0   0.80   0.00   3000  0
 61.36  1     72.07    0.05    0      1    0   0x00709C06   20.0   0.80   0.00   3000  0
 61.38  1     72.07    0.03    0      1    0   0x00709C06   20.0   0.80   0.00   3000  0
 61.40  1     72.07    0.01    0      1    0   0x00709C06   20.0   0.80   0.00   3000  0
 61.42  1     72.07    0.00    0      1    0   0x00709C06   20.0   0.80   0.00   3000  0
 61.44  1     72.07   -0.00    0      1    0   0x00709C06   20.0   0.80   0.00   3000  0
 61.46  1     72.07   -0.00    0      1    0   0x00709C06   20.0   0.80   0.00   3000  0
 61.48  1     72.07   -0.00    0      1    0   0x00709C06   20.0   0.80   0.00   3000  0
 61.50  1     72.07   -0.00    0      1    0   0x00709C06   20.0   0.80   0.00   3000  0
 61.52  1     72.07    0.00    0      1    0   0x00709C06   20.0   0.80   0.00   3000  0
 61.54  1     72.07    0.00    0      1    0   0x00709C06   20.0   0.80   0.00   3000  0
 61.56  1     72.07    0.00    0      1    0   0x00709C06   20.0   0.80   0.00   3000  0
 61.58  1     72.07   -0.02    0      1    0   0x00709C06   20.0   0.80   0.00   3000  0
 61.60  1     72.07   -0.04    0      1    0   0x80709806   20.0   0.80   0.00   3000  0
 61.62  1     72.07   -0.04    0      1    0   0x80709806   20.0   0.80   0.00   3000  0
 61.64  1     72.07   -0.03    0      1    0   0x80709806   20.0   0.80   0.00   3000  0
 61.66  1     72.07   -0.02    0      1    0   0x80709806   20.0   0.80   0.00   3000  0
 61.68  1     72.07   -0.02    0      1    0   0x80709806   20.0   0.80   0.00   3000  0
 61.70  1     72.07   -0.04    0      1    0   0x80709806   20.0   0.80   0.00   3000  0
 61.72  1     72.07   -0.05    0      1    0   0x80709806   20.0   0.80   0.00   3000  0
 61.74  1     72.06   -0.03    0      1    0   0x80709806   20.0   0.80   0.00   3000  0
 61.76  1     72.06   -0.00    0      1    0   0x80709806   20.0   0.80   0.00   3000  0
 61.78  1     72.07    0.03    0      1    0   0x80709806   20.0   0.80   0.00   3000  0
 61.80  1     72.07    0.06    0      1    0   0x80709806   20.0   0.80   0.00   3000  0
 61.82  1     72.07    0.08    0      1    0   0x80709806   20.0   0.80   0.00   3000  0
 61.84  1     72.07    0.09    0      1    0   0x80709806   20.0   0.80   0.00   3000  0
 61.86  1     72.07    0.09    0      1    0   0x00709C06   20.0   0.80   0.00   3000  0
 61.88  1     72.07    0.05    0      1    0   0x00709C06   20.0   0.80   0.00   3000  0
 61.90  1     72.07    0.01    0      1    0   0x00709C06   20.0   0.80   0.00   3000  0
 61.92  1     72.07   -0.02    0      1    0   0x00709C06   20.0   0.80   0.00   3000  0
 61.94  1     72.07   -0.05    0      1    0   0x00709C06   20.0   0.80   0.00   3000  0
 61.96  1     72.07   -0.06    0      1    0   0x00709C06   20.0   0.80   0.00   3000  0
 61.98  1     72.07   -0.08    0      1    0   0x80709806   20.0   0.80   0.00   3000  0
 62.00  1     72.07   -0.09    0      1    0   0x80709806   20.0   0.80   0.00   3000  0
 62.02  1     72.07   -0.08    0      1    0   0x80709806   20.0   0.80   0.00   3000  0
 62.04  1     72.06   -0.06    0      1    0   0x80709806   20.0   0.80   0.00   3000  0
 62.06  1     72.06   -0.02    0      1    0   0x80709806   20.0   0.80   0.00   3000  0
 62.08  1     72.06   -0.00    0      1    0   0x80709806   20.0   0.80   0.00   3000  0
 62.10  1     72.06    0.02    0      1    0   0x80709806   20.0   0.80   0.00   3000  0
 62.12  1     72.06    0.04    0      1    0   0x80709806   20.0   0.80   0.00   3000  0
 62.14  1     72.07    0.06    0      1    0   0x80709806   20.0   0.80   0.00   3000  0
 62.16  1     72.07    0.08    0      1    0   0x80709806   20.0   0.80   0.00   3000  0
 62.18  1     72.07    0.08    0      1    0   0x80709806   20.0   0.80   0.00   3000  0
 62.20  1     72.07    0.08    0      1    0   0x00709C06   20.0   0.80   0.00   3000  0
 62.22  1     72.07    0.07    0      1    0   0x00709C06   20.0   0.80   0.00   3000  0
 62.24  1     72.07    0.04    0      1    0   0x00709C06   20.0   0.80   0.00   3000  0
 62.26  1     72.07    0.01    0      1    0   0x00709C06   20.0   0.80   0.00   3000  0
 62.28  1     72.07   -0.04    0      1    0   0x00709C06   20.0   0.80   0.00   3000  0
 62.30  1     72.07   -0.08    0      1    0   0x00709C06   20.0   0.80   0.00   3000  0
 62.32  1     72.07   -0.10    0      1    0   0x80709806   20.0   0.80   0.00   3000  0
 62.34  1     72.07   -0.11    0      1    0   0x80709806   20.0   0.80   0.00   3000  0
 62.36  1     72.06   -0.09    0      1    0   0x80709806   20.0   0.80   0.00   3000  0
 62.38  1     72.06   -0.08    0      1    0   0x80709806   20.0   0.80   0.00   3000  0
 62.40  1     72.06   -0.07    0      1    0   0x80709806   20.0   0.80   0.00   3000  0
 62.42  1     72.06   -0.03    0      1    0   0x80709806   20.0   0.80   0.00   3000  0
 62.44  1     72.06    0.01    0      1    0   0x80709806   20.0   0.80   0.00   3000  0
 62.46  1     72.06    0.05    0      1    0   0x80709806   20.0   0.80   0.00   3000  0
 62.48  1     72.06    0.07    0      1    0   0x80709806   20.0   0.80   0.00   3000  0
 62.50  1     72.07    0.07    0      1    0   0x80709806   20.0   0.80   0.00   3000  0
 62.52  1     72.07    0.08    0      1    0   0x80709806   20.0   0.80   0.00   3000  0
 62.54  1     72.07    0.07    0      1    0   0x80709806   20.0   0.80   0.00   3000  0
 62.56  1     72.07    0.07    0      1    0   0x80709806   20.0   0.80   0.00   3000  0
 62.58  1     72.07    0.05    0      1    0   0x00709C06   20.0   0.80   0.00   3000  0
 62.60  1     72.07    0.03    0      1    0   0x00709C06   20.0   0.80   0.00   3000  0
 62.62  1     72.07    0.01    0      1    0   0x00709C06   20.0   0.80   0.00   3000  0
 62.64  1     72.07   -0.02    0      1    0   0x00709C06   20.0   0.80   0.00   3000  0
 62.66  1     72.07   -0.04    0      1    0   0x00709C06   20.0   0.80   0.00   3000  0
 62.68  1     72.07   -0.05    0      1    0   0x80709806   20.0   0.80   0.00   3000  0
 62.70  1     72.07   -0.06    0      1    0   0x80709806   20.0   0.80   0.00   3000  0
 62.72  1     72.07   -0.06    0      1    0   0x80709806   20.0   0.80   0.00   3000  0
 62.74  1     72.07   -0.05    0      1    0   0x80709806   20.0   0.80   0.00   3000  0
 62.76  1     72.06   -0.04    0      1    0   0x80709806   20.0   0.80   0.00   3000  0
 62.78  1     72.06   -0.02    0      1    0   0x80709806   20.0   0.80   0.00   3000  0
 62.80  1     72.06    0.00    0      1    0   0x80709806   20.0   0.80   0.00   3000  0
 62.82  1     72.06    0.02    0      1    0   0x80709806   20.0   0.80   0.00   3000  0
 62.84  1     72.07    0.03    0      1    0   0x80709806   20.0   0.80   0.00   3000  0
 62.86  1     72.07    0.04    0      1    0   0x80709806   20.0   0.80   0.00   3000  0
 62.88  1     72.07    0.05    0      1    0   0x80709806   20.0   0.80   0.00   3000  0
 62.90  1     72.07    0.04    0      1    0   0x80709806   20.0   0.80   0.00   3000  0
 62.92  1     72.07    0.03    0      1    0   0x80709806   20.0   0.80   0.00   3000  0
 62.94  1     72.07    0.02    0      1    0   0x80709806   20.0   0.80   0.00   3000  0
 62.96  1     72.07    0.00    0      1    0   0x80709806   20.0   0.80   0.00   3000  0
 62.98  1     72.07   -0.01    0      1    0   0x80709806   20.0   0.80   0.00   3000  0
 63.00  1     72.07   -0.03    0      1    0   0x80709806   20.0   0.80   0.00   3000  0
 63.02  1     72.07   -0.04    0      1    0   0x80709806   20.0   0.80   0.00   3000  0
 63.04  1     72.07   -0.04    0      1    0   0x80709806   20.0   0.80   0.00   3000  0
 63.06  1     72.07   -0.04    0      1    0   0x80709806   20.0   0.80   0.00   3000  0
 63.08  1     72.07   -0.04    0      1    0   0x80709806   20.0   0.80   0.00   3000  0
 63.10  1     72.06   -0.02    0      1    0   0x80709806   20.0   0.80   0.00   3000  0
 63.12  1     72.06   -0.01    0      1    0   0x80709806   20.0   0.80   0.00   3000  0
 63.14  1     72.06    0.00    0      1    0   0x80709806   20.0   0.80   0.00   3000  0
 63.16  1     72.06    0.01    0      1    0   0x80709806   20.0   0.80   0.00   3000  0
 63.18  1     72.07    0.02    0      1    0   0x80709806   20.0   0.80   0.00   3000  0
 63.20  1     72.07    0.03    0      1    0   0x80709806   20.0   0.80   0.00   3000  0
 63.22  1     72.07    0.03    0      1    0   0x80709806   20.0   0.80   0.00   3000  0
 63.24  1     72.07    0.03    0      1    0   0x80709806   20.0   0.80   0.00   3000  0
 63.26  1     72.07    0.02    0      1    0   0x80709806   20.0   0.80   0.00   3000  0
 63.28  1     72.07   -0.01    0      1    0   0x80709806   20.0   0.80   0.00   3000  0
 63.30  1     72.07   -0.06    0      1    0   0x80709806   20.0   0.80   0.00   3000  0
 63.32  1     72.06   -0.11    0      1    0   0x80709806   20.0   0.80   0.00   3000  0
 63.34  1     72.06   -0.13    0      1    0   0x80709806   20.0   0.80   0.00   3000  0
 63.36  1     72.06   -0.12    0      1    0   0x80709406   20.0   0.80   0.00   3000  0
 63.38  1     72.06   -0.08    0      1    0   0x80709406   20.0   0.80   0.00   3000  0
 63.40  1     72.06   -0.02    0      1    0   0x80709406   20.0   0.80   0.00   3000  0
 63.42  1     72.06    0.04    0      1    0   0x80709406   20.0   0.80   0.00   3000  0
 63.44  1     72.06    0.09    0      1    0   0x80709406   20.0   0.80   0.00   3000  0
 63.46  1     72.06    0.13    0      1    0   0x80709806   20.0   0.80   0.00   3000  0
 63.48  1     72.06    0.15    0      1    0   0x80709806   20.0   0.80   0.00   3000  0
 63.50  1     72.07    0.14    0      1    0   0x80709806   20.0   0.80   0.00   3000  0
 63.52  1     72.07    0.12    0      1    0   0x00709C06   20.0   0.80   0.00   3000  0
 63.54  1     72.07    0.08    0      1    0   0x00709C06   20.0   0.80   0.00   3000  0
 63.56  1     72.07    0.04    0      1    0   0x00709C06   20.0   0.80   0.00   3000  0
 63.58  1     72.07   -0.02    0      1    0   0x00709C06   20.0   0.80   0.00   3000  0
 63.60  1     72.07   -0.06    0      1    0   0x00709C06   20.0   0.80   0.00   3000  0
 63.62  1     72.07   -0.10    0      1    0   0x80709806   20.0   0.80   0.00   3000  0
 63.64  1     72.07   -0.12    0      1    0   0x80709806   20.0   0.80   0.00   3000  0
 63.66  1     72.06   -0.13    0      1    0   0x80709806   20.0   0.80   0.00   3000  0
 63.68  1     72.06   -0.12    0      1    0   0x80709806   20.0   0.80   0.00   3000  0
 63.70  1     72.06   -0.09    0      1    0   0x80709406   20.0   0.80   0.00   3000  0
 63.72  1     72.06   -0.05    0      1    0   0x80709406   20.0   0.80   0.00   3000  0
 63.74  1     72.06   -0.01    0      1    0   0x80709406   20.0   0.80   0.00   3000  0
 63.76  1     72.06    0.03    0      1    0   0x80709406   20.0   0.80   0.00   3000  0
 63.78  1     72.06    0.06    0      1    0   0x80709806   20.0   0.80   0.00   3000  0
 63.80  1     72.06    0.09    0      1    0   0x80709806   20.0   0.80   0.00   3000  0
 63.82  1     72.06    0.10    0      1    0   0x80709806   20.0   0.80   0.00   3000  0
 63.84  1     72.07    0.10    0      1    0   0x80709806   20.0   0.80   0.00   3000  0
 63.86  1     72.07    0.08    0      1    0   0x80709806   20.0   0.80   0.00   3000  0
 63.88  1     72.07    0.05    0      1    0   0x80709806   20.0   0.80   0.00   3000  0
 63.90  1     72.07    0.02    0      1    0   0x80709806   20.0   0.80   0.00   3000  0
 63.92  1     72.07   -0.01    0      1    0   0x80709806   20.0   0.80   0.00   3000  0
 63.94  1     72.07   -0.05    0      1    0   0x80709806   20.0   0.80   0.00   3000  0
 63.96  1     72.07   -0.07    0      1    0   0x80709806   20.0   0.80   0.00   3000  0
 63.98  1     72.06   -0.08    0      1    0   0x80709806   20.0   0.80   0.00   3000  0
 64.00  1     72.06   -0.09    0      1    0   0x80709806   20.0   0.80   0.00   3000  0
 64.02  1     72.06   -0.08    0      1    0   0x80709806   20.0   0.80   0.00   3000  0
 64.04  1     72.06   -0.06    0      1    0   0x80709806   20.0   0.80   0.00   3000  0
 64.06  1     72.06   -0.03    0      1    0   0x80709406   20.0   0.80   0.00   3000  0
 64.08  1     72.06   -0.01    0      1    0   0x80709406   20.0   0.80   0.00   3000  0
 64.10  1     72.06    0.02    0      1    0   0x80709806   20.0   0.80   0.00   3000  0
 64.12  1     72.06    0.04    0      1    0   0x80709806   20.0   0.80   0.00   3000  0
 64.14  1     72.06    0.06    0      1    0   0x80709806   20.0   0.80   0.00   3000  0
 64.16  1     72.06    0.07    0      1    0   0x80709806   20.0   0.80   0.00   3000  0
 64.18  1     72.06    0.06    0      1    0   0x80709806   20.0   0.80   0.00   3000  0
 64.20  1     72.07    0.05    0      1    0   0x80709806   20.0   0.80   0.00   3000  0
 64.22  1     72.07    0.03    0      1    0   0x80709806   20.0   0.80   0.00   3000  0
 64.24  1     72.07    0.01    0      1    0   0x80709806   20.0   0.80   0.00   3000  0
 64.26  1     72.07   -0.01    0      1    0   0x80709806   20.0   0.80   0.00   3000  0
 64.28  1     72.07   -0.03    0      1    0   0x80709806   20.0   0.80   0.00   3000  0
 64.30  1     72.06   -0.05    0      1    0   0x80709806   20.0   0.80   0.00   3000  0
 64.32  1     72.06   -0.06    0      1    0   0x80709806   20.0   0.80   0.00   3000  0
 64.34  1     72.06   -0.06    0      1    0   0x80709806   20.0   0.80   0.00   3000  0
 64.36  1     72.06   -0.05    0      1    0   0x80709806   20.0   0.80   0.00   3000  0
 64.38  1     72.06   -0.04    0      1    0   0x80709806   20.0   0.80   0.00   3000  0
 64.40  1     72.06   -0.02    0      1    0   0x80709806   20.0   0.80   0.00   3000  0
 64.42  1     72.06   -0.00    0      1    0   0x80709806   20.0   0.80   0.00   3000  0
 64.44  1     72.06    0.02    0      1    0   0x80709806   20.0   0.80   0.00   3000  0
 64.46  1     72.06    0.03    0      1    0   0x80709806   20.0   0.80   0.00   3000  0
 64.48  1     72.06    0.04    0      1    0   0x80709806   20.0   0.80   0.00   3000  0
 64.50  1     72.06    0.04    0      1    0   0x80709806   20.0   0.80   0.00   3000  0
 64.52  1     72.06    0.04    0      1    0   0x80709806   20.0   0.80   0.00   3000  0
 64.54  1     72.06    0.03    0      1    0   0x80709806   20.0   0.80   0.00   3000  0
 64.56  1     72.06    0.02    0      1    0   0x80709806   20.0   0.80   0.00   3000  0
 64.58  1     72.06    0.00    0      1    0   0x80709806   20.0   0.80   0.00   3000  0
 64.60  1     72.06   -0.01    0      1    0   0x80709806   20.0   0.80   0.00   3000  0
 64.62  1     72.06   -0.03    0      1    0   0x80709806   20.0   0.80   0.00   3000  0
 64.64  1     72.06   -0.04    0      1    0   0x80709806   20.0   0.80   0.00   3000  0
 64.66  1     72.06   -0.04    0      1    0   0x80709806   20.0   0.80   0.00   3000  0
 64.68  1     72.06   -0.04    0      1    0   0x80709806   20.0   0.80   0.00   3000  0
 64.70  1     72.06   -0.04    0      1    0   0x80709806   20.0   0.80   0.00   3000  0
 64.72  1     72.06   -0.03    0      1    0   0x80709806   20.0   0.80   0.00   3000  0
 64.74  1     72.06   -0.01    0      1    0   0x80709806   20.0   0.80   0.00   3000  0
 64.76  1     72.06   -0.00    0      1    0   0x80709806   20.0   0.80   0.00   3000  0
 64.78  1     72.06    0.01    0      1    0   0x80709806   20.0   0.80   0.00   3000  0
 64.80  1     72.06    0.02    0      1    0   0x80709806   20.0   0.80   0.00   3000  0
 64.82  1     72.06    0.03    0      1    0   0x80709806   20.0   0.80   0.00   3000  0
 64.84  1     72.06    0.03    0      1    0   0x80709806   20.0   0.80   0.00   3000  0
 64.86  1     72.06    0.03    0      1    0   0x80709806   20.0   0.80   0.00   3000  0
 64.88  1     72.06    0.02    0      1    0   0x80709806   20.0   0.80   0.00   3000  0
 64.90  1     72.06    0.01    0      1    0   0x80709806   20.0   0.80   0.00   3000  0
 64.92  1     72.06    0.00    0      1    0   0x80709806   20.0   0.80   0.00   3000  0
 64.94  1     72.06   -0.01    0      1    0   0x80709806   20.0   0.80   0.00   3000  0
 64.96  1     72.06   -0.02    0      1    0   0x80709806   20.0   0.80   0.00   3000  0
 64.98  1     72.06   -0.03    0      1    0   0x80709806   20.0   0.80   0.00   3000  0
 65.00  1     72.06   -0.07    0      1    0   0x80709806   20.0   0.80   0.00   3000  0
 65.02  1     72.04   -0.80    0      1    0   0x00709006   20.1   0.80   0.00   3000  0
 65.04  1     71.99   -2.65    0      1    0   0x80707C06   20.2   0.79   0.00   3000  0
 65.06  1     71.88   -5.65    0      1    0   0x80704C06   20.2   0.79   0.00   3000  0
 65.08  1     71.69   -9.18    0      1    0   0x80700406   20.3   0.79   0.00   3000  0
 65.10  1     71.44  -12.66    0      1    0   0x806FA006   20.4   0.78   0.00   3000  0
 65.12  1     71.13  -15.71    0      1    0   0x006F2006   20.5   0.78   0.00   3000  0
 65.14  1     70.76  -18.19    0      1    0   0x006E9006   20.6   0.78   0.00   3000  0
 65.16  1     70.36  -20.11    0      1    0   0x006DF006   20.6   0.77   0.00   3000  0
 65.18  1     69.93  -21.54    0      1    0   0x006D4406   20.7   0.77   0.00   3000  0
 65.20  1     69.48  -22.45    0      1    0   0x806C9006   20.8   0.77   0.00   3000  0
 65.22  1     69.03  -22.61    0      1    0   0x006BD806   20.9   0.76   0.00   3000  0
 65.24  1     68.59  -21.88    0      1    0   0x806B2C06   21.0   0.76   0.00   3000  0
 65.26  1     68.19  -20.28    0      1    0   0x806A8806   21.0   0.76   0.01   3000  0
 65.28  1     67.83  -18.01    0      1    0   0x0069F806   21.1   0.76   0.01   3000  0
 65.30  1     67.52  -15.38    0      1    0   0x00697C06   21.2   0.75   0.01   3000  0
 65.32  1     67.26  -12.75    0      1    0   0x80691806   21.3   0.75   0.01   3000  0
 65.34  1     67.05  -10.47    0      1    0   0x8068C406   21.4   0.75   0.01   3000  0
 65.36  1     66.88   -8.82    0      1    0   0x80687C06   21.4   0.74   0.01   3000  0
 65.38  1     66.72   -7.98    0      1    0   0x00683C06   21.5   0.74   0.01   3000  0
 65.40  1     66.56   -8.05    0      1    0   0x0067FC06   21.6   0.74   0.01   3000  0
 65.42  1     66.38   -8.98    0      1    0   0x0067B406   21.7   0.73   0.01   3000  0
 65.44  1     66.17  -10.60    0      1    0   0x00676006   21.8   0.73   0.01   3000  0
 65.46  1     65.91  -12.65    0      1    0   0x8066FC06   21.8   0.73   0.01   3000  0
 65.48  1     65.62  -14.85    0      1    0   0x80668406   21.9   0.72   0.01   3000  0
 65.50  1     65.28  -16.88    0      1    0   0x8065FC06   22.0   0.72   0.01   3000  0
 65.52  1     64.91  -18.50    0      1    0   0x00656806   22.1   0.72   0.01   3000  0
 65.54  1     64.52  -19.52    0      1    0   0x0064CC06   22.2   0.71   0.01   3000  0
 65.56  1     64.12  -19.79    0      1    0   0x00643006   22.2   0.71   0.01   3000  0
 65.58  1     63.74  -19.32    0      1    0   0x00639406   22.3   0.71   0.01   3000  0
 65.60  1     63.37  -18.22    0      1    0   0x00630406   22.4   0.70   0.01   3000  0
 65.62  1     63.04  -16.66    0      1    0   0x80627C06   22.5   0.70   0.01   3000  0
 65.64  1     62.74  -14.88    0      1    0   0x80620806   22.6   0.70   0.01   3000  0
 65.66  1     62.48  -13.12    0      1    0   0x00619C06   22.6   0.69   0.01   3000  0
 65.68  1     62.25  -11.59    0      1    0   0x80614006   22.7   0.69   0.01   3000  0
 65.70  1     62.04  -10.52    0      1    0   0x0060EC06   22.8   0.69   0.01   3000  0
 65.72  1     61.84  -10.03    0      1    0   0x80609C06   22.9   0.68   0.01   3000  0
 65.74  1     61.63  -10.15    0      1    0   0x00604C06   23.0   0.68   0.01   3000  0
 65.76  1     61.42  -10.84    0      1    0   0x005FF406   23.0   0.68   0.02   3000  0
 65.78  1     61.18  -11.96    0      1    0   0x005F9406   23.1   0.68   0.02   3000  0
 65.80  1     60.91  -13.37    0      1    0   0x805F2806   23.2   0.67   0.02   3000  0
 65.82  1     60.61  -14.86    0      1    0   0x005EB406   23.3   0.67   0.02   3000  0
 65.84  1     60.29  -16.22    0      1    0   0x005E3006   23.4   0.67   0.02   3000  0
 65.86  1     59.94  -17.26    0      1    0   0x805DA806   23.4   0.66   0.02   3000  0
 65.88  1     59.58  -17.88    0      1    0   0x005D1806   23.5   0.66   0.02   3000  0
 65.90  1     59.22  -18.01    0      1    0   0x805C8806   23.6   0.66   0.02   3000  0
 65.92  1     58.87  -17.66    0      1    0   0x005BFC06   23.7   0.65   0.02   3000  0
 65.94  1     58.53  -16.89    0      1    0   0x005B7406   23.8   0.65   0.02   3000  0
 65.96  1     58.22  -15.81    0      1    0   0x005AF406   23.8   0.65   0.02   3000  0
 65.98  1     57.93  -14.59    0      1    0   0x005A8006   23.9   0.64   0.02   3000  0
 66.00  1     57.66  -13.42    0      1    0   0x805A1406   24.0   0.64   0.02   3000  0
 66.02  1     57.41  -12.44    0      1    0   0x0059B006   24.1   0.64   0.02   3000  0
 66.04  1     57.17  -11.76    0      1    0   0x00595406   24.2   0.63   0.02   3000  0
 66.06  1     56.94  -11.46    0      1    0   0x8058F806   24.2   0.63   0.02   3000  0
 66.08  1     56.71  -11.57    0      1    0   0x00589C06   24.3   0.63   0.02   3000  0
 66.10  1     56.47  -12.07    0      1    0   0x00583C06   24.4   0.62   0.02   3000  0
 66.12  1     56.21  -12.87    0      1    0   0x0057D406   24.5   0.62   0.02   3000  0
 66.14  1     55.94  -13.83    0      1    0   0x80576406   24.6   0.62   0.02   3000  0
 66.16  1     55.64  -14.82    0      1    0   0x8056F006   24.6   0.61   0.02   3000  0
 66.18  1     55.33  -15.72    0      1    0   0x00567006   24.7   0.61   0.02   3000  0
 66.20  1     55.00  -16.40    0      1    0   0x0055EC06   24.8   0.61   0.02   3000  0
 66.22  1     54.66  -16.80    0      1    0   0x00556806   24.9   0.60   0.02   3000  0
 66.24  1     54.32  -16.85    0      1    0   0x8054E006   25.0   0.60   0.02   3000  0
 66.26  1     53.99  -16.57    0      1    0   0x00545C06   25.0   0.60   0.03   3000  0
 66.28  1     53.67  -16.01    0      1    0   0x0053DC06   25.1   0.60   0.03   3000  0
 66.30  1     53.37  -15.27    0      1    0   0x80536006   25.2   0.59   0.03   3000  0
 66.32  1     53.08  -14.46    0      1    0   0x8052EC06   25.3   0.59   0.03   3000  0
 66.34  1     52.81  -13.67    0      1    0   0x80528006   25.4   0.59   0.03   3000  0
 66.36  1     52.55  -13.01    0      1    0   0x00521806   25.4   0.58   0.03   3000  0
 66.38  1     52.29  -12.57    0      1    0   0x0051B406   25.5   0.58   0.03   3000  0
 66.40  1     52.05  -12.40    0      1    0   0x00515006   25.6   0.58   0.03   3000  0
 66.42  1     51.80  -12.53    0      1    0   0x0050EC06   25.7   0.57   0.03   3000  0
 66.44  1     51.54  -12.89    0      1    0   0x80508406   25.8   0.57   0.03   3000  0
 66.46  1     51.27  -13.43    0      1    0   0x80501806   25.8   0.57   0.03   3000  0
 66.48  1     50.99  -14.08    0      1    0   0x804FA806   25.9   0.56   0.03   3000  0
 66.50  1     50.69  -14.76    0      1    0   0x804F3406   26.0   0.56   0.03   3000  0
 66.52  1     50.38  -15.37    0      1    0   0x804EB806   26.1   0.56   0.03   3000  0
 66.54  1     50.07  -15.81    0      1    0   0x004E3806   26.2   0.55   0.03   3000  0
 66.56  1     49.75  -16.05    0      1    0   0x804DB806   26.2   0.55   0.03   3000  0
 66.58  1     49.43  -16.05    0      1    0   0x004D3806   26.3   0.55   0.03   3000  0
 66.60  1     49.11  -15.84    0      1    0   0x004CB806   26.4   0.54   0.03   3000  0
 66.62  1     48.80  -15.46    0      1    0   0x804C4006   26.5   0.54   0.03   3000  0
 66.64  1     48.50  -14.95    0      1    0   0x004BC806   26.6   0.54   0.03   3000  0
 66.66  1     48.21  -14.38    0      1    0   0x004B5406   26.6   0.53   0.03   3000  0
 66.68  1     47.94  -13.84    0      1    0   0x004AE406   26.7   0.53   0.03   3000  0
 66.70  1     47.67  -13.42    0      1    0   0x004A7806   26.8   0.53   0.03   3000  0
 66.72  1     47.41  -13.13    0      1    0   0x804A1006   26.9   0.52   0.03   3000  0
 66.74  1     47.15  -13.02    0      1    0   0x8049A806   27.0   0.52   0.03   3000  0
 66.76  1     46.88  -13.11    0      1    0   0x80494006   27.0   0.52   0.04   3000  0
 66.78  1     46.62  -13.37    0      1    0   0x8048D406   27.1   0.52   0.04   3000  0
 66.80  1     46.34  -13.77    0      1    0   0x00486806   27.2   0.51   0.04   3000  0
 66.82  1     46.06  -14.24    0      1    0   0x0047F406   27.3   0.51   0.04   3000  0
 66.84  1     45.76  -14.69    0      1    0   0x00478006   27.4   0.51   0.04   3000  0
 66.86  1     45.46  -15.10    0      1    0   0x00470406   27.4   0.50   0.04   3000  0
 66.88  1     45.15  -15.39    0      1    0   0x80468C06   27.5   0.50   0.04   3000  0
 66.90  1     44.84  -15.56    0      1    0   0x80461006   27.6   0.50   0.04   3000  0
 66.92  1     44.53  -15.56    0      1    0   0x00459006   27.7   0.49   0.04   3000  0
 66.94  1     44.22  -15.39    0      1    0   0x00451806   27.8   0.49   0.04   3000  0
 66.96  1     43.92  -15.11    0      1    0   0x80449C06   27.8   0.49   0.04   3000  0
 66.98  1     43.62  -14.75    0      1    0   0x80442806   27.9   0.48   0.04   3000  0
 67.00  1     43.34  -14.37    0      1    0   0x0043B406   28.0   0.48   0.04   3000  0
 67.02  1     43.06  -14.01    0      1    0   0x00434406   28.1   0.48   0.04   3000  0
 67.04  1     42.78  -13.71    0      1    0   0x8042D806   28.2   0.47   0.04   3000  0
 67.06  1     42.51  -13.52    0      1    0   0x80426C06   28.2   0.47   0.04   3000  0
 67.08  1     42.24  -13.47    0      1    0   0x80420006   28.3   0.47   0.04   3000  0
 67.10  1     41.97  -13.56    0      1    0   0x00419406   28.4   0.46   0.04   3000  0
 67.12  1     41.70  -13.74    0      1    0   0x80412406   28.5   0.46   0.04   3000  0
 67.14  1     41.42  -14.01    0      1    0   0x0040B406   28.6   0.46   0.04   3000  0
 67.16  1     41.13  -14.32    0      1    0   0x00404406   28.6   0.45   0.04   3000  0
 67.18  1     40.84  -14.63    0      1    0   0x803FCC06   28.7   0.45   0.04   3000  0
 67.20  1     40.54  -14.92    0      1    0   0x003F5406   28.8   0.45   0.04   3000  0
 67.22  1     40.24  -15.11    0      1    0   0x803EDC06   28.9   0.44   0.04   3000  0
 67.24  1     39.93  -15.19    0      1    0   0x803E6406   29.0   0.44   0.04   3000  0
 67.26  1     39.63  -15.17    0      1    0   0x803DEC06   29.0   0.44   0.05   3000  0
 67.28  1     39.33  -15.06    0      1    0   0x803D7006   29.1   0.44   0.05   3000  0
 67.30  1     39.03  -14.87    0      1    0   0x803CFC06   29.2   0.43   0.05   3000  0
 67.32  1     38.74  -14.62    0      1    0   0x803C8406   29.3   0.43   0.05   3000  0
 67.34  1     38.45  -14.35    0      1    0   0x803C1406   29.4   0.43   0.05   3000  0
 67.36  1     38.17  -14.10    0      1    0   0x803BA406   29.4   0.42   0.05   3000  0
 67.38  1     37.89  -13.92    0      1    0   0x803B3406   29.5   0.42   0.05   3000  0
 67.40  1     37.62  -13.81    0      1    0   0x003AC406   29.6   0.42   0.05   3000  0
 67.42  1     37.34  -13.79    0      1    0   0x003A5406   29.7   0.41   0.05   3000  0
 67.44  1     37.06  -13.84    0      1    0   0x8039E806   29.8   0.41   0.05   3000  0
 67.46  1     36.78  -13.97    0      1    0   0x80397806   29.8   0.41   0.05   3000  0
 67.48  1     36.50  -14.16    0      1    0   0x00390806   29.9   0.40   0.05   3000  0
 67.50  1     36.21  -14.36    0      1    0   0x80389406   30.0   0.40   0.05   3000  0
 67.52  1     35.92  -14.56    0      1    0   0x80382006   30.1   0.40   0.05   3000  0
 67.54  1     35.63  -14.73    0      1    0   0x8037A806   30.2   0.39   0.05   3000  0
 67.56  1     35.33  -14.85    0      1    0   0x80373406   30.2   0.39   0.05   3000  0
 67.58  1     35.03  -14.93    0      1    0   0x0036BC06   30.3   0.39   0.05   3000  0
 67.60  1     34.73  -14.92    0      1    0   0x80364406   30.4   0.38   0.05   3000  0
 67.62  1     34.44  -14.83    0      1    0   0x8035CC06   30.5   0.38   0.05   3000  0
 67.64  1     34.14  -14.70    0      1    0   0x00355806   30.6   0.38   0.05   3000  0
 67.66  1     33.85  -14.54    0      1    0   0x0034E406   30.6   0.37   0.05   3000  0
 67.68  1     33.56  -14.38    0      1    0   0x80347006   30.7   0.37   0.05   3000  0
 67.70  1     33.28  -14.23    0      1    0   0x8033FC06   30.8   0.37   0.05   3000  0
 67.72  1     33.00  -14.10    0      1    0   0x00338C06   30.9   0.36   0.05   3000  0
 67.74  1     32.72  -14.02    0      1    0   0x00331C06   31.0   0.36   0.05   3000  0
 67.76  1     32.44  -14.00    0      1    0   0x0032AC06   31.0   0.36   0.06   3000  0
 67.78  1     32.16  -14.05    0      1    0   0x00323C06   31.1   0.36   0.06   3000  0
 67.80  1     31.87  -14.14    0      1    0   0x0031CC06   31.2   0.35   0.06   3000  0
 67.82  1     31.59  -14.25    0      1    0   0x80315806   31.3   0.35   0.06   3000  0
 67.84  1     31.30  -14.39    0      1    0   0x8030E806   31.4   0.35   0.06   3000  0
 67.86  1     31.01  -14.52    0      1    0   0x80307406   31.4   0.34   0.06   3000  0
 67.88  1     30.72  -14.65    0      1    0   0x002FFC06   31.5   0.34   0.06   3000  0
 67.90  1     30.42  -14.73    0      1    0   0x002F8806   31.6   0.34   0.06   3000  0
 67.92  1     30.13  -14.76    0      1    0   0x802F1006   31.7   0.33   0.06   3000  0
 67.94  1     29.83  -14.74    0      1    0   0x802E9C06   31.8   0.33   0.06   3000  0
 67.96  1     29.54  -14.69    0      1    0   0x802E2406   31.8   0.33   0.06   3000  0
 67.98  1     29.25  -14.61    0      1    0   0x002DB006   31.9   0.32   0.06   3000  0
 68.00  1     28.96  -14.50    0      1    0   0x802D3C06   32.0   0.32   0.06   3000  0
 68.02  1     28.67  -14.38    0      1    0   0x802CC806   32.1   0.32   0.06   3000  0
 68.04  1     28.38  -14.27    0      1    0   0x802C5806   32.2   0.31   0.06   3000  0
 68.06  1     28.10  -14.19    0      1    0   0x802BE806   32.2   0.31   0.06   3000  0
 68.08  1     27.82  -14.15    0      1    0   0x802B7406   32.3   0.31   0.06   3000  0
 68.10  1     27.53  -14.15    0      1    0   0x002B0406   32.4   0.30   0.06   3000  0
 68.12  1     27.25  -14.17    0      1    0   0x802A9406   32.5   0.30   0.06   3000  0
 68.14  1     26.97  -14.23    0      1    0   0x802A2006   32.6   0.30   0.06   3000  0
 68.16  1     26.68  -14.31    0      1    0   0x8029B006   32.6   0.29   0.06   3000  0
 68.18  1     26.39  -14.42    0      1    0   0x00293C06   32.7   0.29   0.06   3000  0
 68.20  1     26.10  -14.51    0      1    0   0x0028C806   32.8   0.29   0.06   3000  0
 68.22  1     25.81  -14.58    0      1    0   0x00285406   32.9   0.28   0.06   3000  0
 68.24  1     25.52  -14.62    0      1    0   0x0027DC06   33.0   0.28   0.06   3000  0
 68.26  1     25.22  -14.65    0      1    0   0x00276806   33.0   0.28   0.07   3000  0
 68.28  1     24.93  -14.62    0      1    0   0x8026F406   33.1   0.28   0.07   3000  0
 68.30  1     24.64  -14.57    0      1    0   0x80268006   33.2   0.27   0.07   3000  0
 68.32  1     24.35  -14.50    0      1    0   0x00260C06   33.3   0.27   0.07   3000  0
 68.34  1     24.06  -14.42    0      1    0   0x80259806   33.4   0.27   0.07   3000  0
 68.36  1     23.78  -14.36    0      1    0   0x00252406   33.4   0.26   0.07   3000  0
 68.38  1     23.49  -14.30    0      1    0   0x0024B006   33.5   0.26   0.07   3000  0
 68.40  1     23.20  -14.25    0      1    0   0x00244006   33.6   0.26   0.07   3000  0
 68.42  1     22.92  -14.23    0      1    0   0x0023CC06   33.7   0.25   0.07   3000  0
 68.44  1     22.63  -14.24    0      1    0   0x00235C06   33.8   0.25   0.07   3000  0
 68.46  1     22.35  -14.28    0      1    0   0x8022E806   33.8   0.25   0.07   3000  0
 68.48  1     22.06  -14.33    0      1    0   0x80227806   33.9   0.24   0.07   3000  0
 68.50  1     21.77  -14.38    0      1    0   0x00220406   34.0   0.24   0.07   3000  0
 68.52  1     21.49  -14.44    0      1    0   0x80219006   34.1   0.24   0.07   3000  0
 68.54  1     21.20  -14.50    0      1    0   0x00211C06   34.2   0.23   0.07   3000  0
 68.56  1     20.91  -14.55    0      1    0   0x8020A806   34.2   0.23   0.07   3000  0
 68.58  1     20.61  -14.57    0      1    0   0x80203406   34.3   0.23   0.07   3000  0
 68.60  1     20.32  -14.57    0      1    0   0x001FC006   34.4   0.22   0.07   3000  0
 68.62  1     20.03  -14.54    0      1    0   0x801F4C06   34.5   0.22   0.07   3000  0
 68.64  1     19.74  -14.51    0      1    0   0x801ED806   34.6   0.22   0.07   3000  0
 68.66  1     19.45  -14.48    0      1    0   0x001E6406   34.6   0.21   0.07   3000  0
 68.68  1     19.16  -14.43    0      1    0   0x801DF006   34.7   0.21   0.07   3000  0
 68.70  1     18.88  -14.37    0      1    0   0x001D7C06   34.8   0.21   0.07   3000  0
 68.72  1     18.59  -14.32    0      1    0   0x001D0806   34.9   0.20   0.07   3000  0
 68.74  1     18.30  -14.30    0      1    0   0x801C9806   35.0   0.20   0.07   3000  0
 68.76  1     18.02  -14.30    0      1    0   0x001C2406   35.0   0.20   0.08   3000  0
 68.78  1     17.73  -14.31    0      1    0   0x801BB406   35.1   0.20   0.08   3000  0
 68.80  1     17.44  -14.32    0      1    0   0x001B4006   35.2   0.19   0.08   3000  0
 68.82  1     17.16  -14.35    0      1    0   0x001ACC06   35.3   0.19   0.08   3000  0
 68.84  1     16.87  -14.39    0      1    0   0x801A5806   35.4   0.19   0.08   3000  0
 68.86  1     16.58  -14.45    0      1    0   0x0019E806   35.4   0.18   0.08   3000  0
 68.88  1     16.29  -14.49    0      1    0   0x00197406   35.5   0.18   0.08   3000  0
 68.90  1     16.00  -14.50    0      1    0   0x00190006   35.6   0.18   0.08   3000  0
 68.92  1     15.71  -14.51    0      1    0   0x00188C06   35.7   0.17   0.08   3000  0
 68.94  1     15.42  -14.51    0      1    0   0x80181806   35.8   0.17   0.08   3000  0
 68.96  1     15.13  -14.51    0      1    0   0x0017A406   35.8   0.17   0.08   3000  0
 68.98  1     14.84  -14.49    0      1    0   0x80173006   35.9   0.16   0.08   3000  0
 69.00  1     14.55  -14.45    0      1    0   0x8016BC06   36.0   0.16   0.08   3000  0
 69.02  1     14.26  -14.41    0      1    0   0x00164806   36.1   0.16   0.08   3000  0
 69.04  1     13.98  -14.38    0      1    0   0x0015D406   36.2   0.15   0.08   3000  0
 69.06  1     13.69  -14.36    0      1    0   0x00156006   36.2   0.15   0.08   3000  0
 69.08  1     13.40  -14.35    0      1    0   0x8014F006   36.3   0.15   0.08   3000  0
 69.10  1     13.11  -14.33    0      1    0   0x00147C06   36.4   0.14   0.08   3000  0
 69.12  1     12.83  -14.33    0      1    0   0x00140806   36.5   0.14   0.08   3000  0
 69.14  1     12.54  -14.35    0      1    0   0x80139806   36.6   0.14   0.08   3000  0
 69.16  1     12.25  -14.37    0      1    0   0x00132406   36.6   0.13   0.08   3000  0
 69.18  1     11.97  -14.38    0      1    0   0x0012B006   36.7   0.13   0.08   3000  0
 69.20  1     11.68  -14.40    0      1    0   0x80123C06   36.8   0.13   0.08   3000  0
 69.22  1     11.39  -14.42    0      1    0   0x0011C806   36.9   0.12   0.08   3000  0
 69.24  1     11.10  -14.46    0      1    0   0x00115806   37.0   0.12   0.08   3000  0
 69.26  1     10.81  -14.47    0      1    0   0x0010E406   37.0   0.12   0.09   3000  0
 69.28  1     10.52  -14.48    0      1    0   0x80107006   37.1   0.12   0.09   3000  0
 69.30  1     10.23  -14.47    0      1    0   0x800FFC06   37.2   0.11   0.09   3000  0
 69.32  1      9.94  -14.47    0      1    0   0x800F8806   37.3   0.11   0.09   3000  0
 69.34  1      9.65  -14.47    0      1    0   0x800F1406   37.4   0.11   0.09   3000  0
 69.36  1      9.36  -14.45    0      1    0   0x000EA006   37.4   0.10   0.09   3000  0
 69.38  1      9.08  -14.42    0      1    0   0x800E2C06   37.5   0.10   0.09   3000  0
 69.40  1      8.79  -14.39    0      1    0   0x000DB806   37.6   0.10   0.09   3000  0
 69.42  1      8.50  -14.38    0      1    0   0x000D4806   37.7   0.09   0.09   3000  0
 69.44  1      8.21  -14.38    0      1    0   0x800CD406   37.8   0.09   0.09   3000  0
 69.46  1      7.93  -14.38    0      1    0   0x800C6006   37.8   0.09   0.09   3000  0
 69.48  1      7.64  -14.37    0      1    0   0x800BEC06   37.9   0.08   0.09   3000  0
 69.50  1      7.35  -14.37    0      1    0   0x800B7C06   38.0   0.08   0.09   3000  0
 69.52  1      7.06  -14.39    0      1    0   0x800B0806   38.1   0.08   0.09   3000  0
 69.54  1      6.77  -14.42    0      1    0   0x000A9406   38.2   0.07   0.09   3000  0
 69.56  1      6.49  -14.43    0      1    0   0x000A2006   38.2   0.07   0.09   3000  0
 69.58  1      6.20  -14.44    0      1    0   0x8009AC06   38.3   0.07   0.09   3000  0
 69.60  1      5.91  -14.45    0      1    0   0x00093806   38.4   0.06   0.09   3000  0
 69.62  1      5.62  -14.45    0      1    0   0x8008C406   38.5   0.06   0.09   3000  0
 69.64  1      5.33  -14.47    0      1    0   0x00085006   38.6   0.06   0.09   3000  0
 69.66  1      5.04  -14.46    0      1    0   0x8007E006   38.6   0.05   0.09   3000  0
 69.68  1      4.75  -14.44    0      1    0   0x00076C06   38.7   0.05   0.09   3000  0
 69.70  1      4.46  -14.43    0      1    0   0x0006F806   38.8   0.05   0.09   3000  0
 69.72  1      4.17  -14.41    0      1    0   0x80068406   38.9   0.04   0.09   3000  0
 69.74  1      3.89  -14.41    0      1    0   0x00061006   39.0   0.04   0.09   3000  0
 69.76  1      3.60  -14.40    0      1    0   0x80059C06   39.0   0.04   0.10   3000  0
 69.78  1      3.31  -14.39    0      1    0   0x00052C06   39.1   0.04   0.10   3000  0
 69.80  1      3.02  -14.38    0      1    0   0x0004B806   39.2   0.03   0.10   3000  0
 69.82  1      2.74  -14.38    0      1    0   0x00044406   39.3   0.03   0.10   3000  0
 69.84  1      2.45  -14.40    0      1    0   0x0003D006   39.4   0.03   0.10   3000  0
 69.86  1      2.16  -14.41    0      1    0   0x80035C06   39.4   0.02   0.10   3000  0
 69.88  1      1.87  -14.41    1      1    0   0x8002EC06   39.5   0.02   0.10   3000  0
 69.90  1      1.58  -14.42    1      1    0   0x00027806   39.6   0.02   0.10   3000  0
 69.92  1      1.29  -14.43    1      1    0   0x80020406   39.7   0.01   0.10   3000  0
 69.94  1      1.01  -14.43    1      1    0   0x00019006   39.8   0.01   0.10   3000  0
 69.96  1      0.72  -14.41    1      1    0   0x80011C06   39.8   0.01   0.10   3000  0
 69.98  1      0.43  -14.40    1      1    0   0x0000A806   39.9   0.00   0.10   3000  0
 70.00  1      0.14  -14.38    1      1    0   0x00003806   40.0   0.00   0.10   3000  0
 70.02  1     -0.13  -13.70    1      1    0   0x80003506   40.2   0.00   0.10   3000  0
 70.04  1     -0.37  -11.91    1      1    0   0x80009506   40.4   0.00   0.10   3000  0
 70.06  1     -0.55   -8.95    1      1    0   0x0000D906   40.6   0.00   0.10   3000  0
 70.08  1     -0.65   -5.07    1      1    0   0x00010506   40.8   0.00   0.10   3000  0
 70.10  1     -0.67   -0.74    1      1    0   0x00010906   41.0   0.00   0.11   3000  0
 70.12  1     -0.60    3.48    1      1    0   0x8000ED06   41.2   0.00   0.11   3000  0
 70.14  1     -0.46    7.04    1      1    0   0x0000B506   41.4   0.00   0.11   3000  0
 70.16  1     -0.27    9.50    1      1    0   0x80006906   41.6   0.00   0.11   3000  0
 70.18  1     -0.05   10.57    1      1    0   0x00001506   41.8   0.00   0.11   3000  0
 70.20  1      0.15   10.18    1      1    0   0x80003C06   42.0   0.00   0.11   3000  0
 70.22  1      0.32    8.44    1      1    0   0x00007C06   42.2   0.00   0.11   3000  0
 70.24  1      0.43    5.65    1      1    0   0x8000AC06   42.4   0.00   0.11   3000  0
 70.26  1      0.48    2.22    1      1    0   0x0000BC06   42.6   0.00   0.11   3000  0
 70.28  1      0.45   -1.35    1      1    0   0x0000B006   42.8   0.00   0.11   3000  0
 70.30  1      0.36   -4.58    1      1    0   0x00008C06   43.0   0.00   0.12   3000  0
 70.32  1      0.22   -7.05    1      1    0   0x00005406   43.2   0.00   0.12   3000  0
 70.34  1      0.05   -8.46    1      1    0   0x00001006   43.4   0.00   0.12   3000  0
 70.36  1     -0.13   -8.67    1      1    0   0x00003106   43.6   0.00   0.12   3000  0
 70.38  1     -0.28   -7.71    1      1    0   0x00006D06   43.8   0.00   0.12   3000  0
 70.40  1     -0.39   -5.76    1      1    0   0x00009D06   44.0   0.00   0.12   3000  0
 70.42  1     -0.46   -3.13    1      1    0   0x0000B506   44.2   0.00   0.12   3000  0
 70.44  1     -0.46   -0.19    1      1    0   0x0000B906   44.4   0.00   0.12   3000  0
 70.46  1     -0.41    2.64    1      1    0   0x0000A106   44.6   0.00   0.12   3000  0
 70.48  1     -0.31    4.99    1      1    0   0x00007906   44.8   0.00   0.12   3000  0
 70.50  1     -0.18    6.57    1      1    0   0x00004506   45.0   0.00   0.13   3000  0
 70.52  1     -0.03    7.19    1      1    0   0x00000D06   45.2   0.00   0.13   3000  0
 70.54  1      0.10    6.82    1      1    0   0x80002806   45.4   0.00   0.13   3000  0
 70.56  1      0.21    5.55    1      1    0   0x00005406   45.6   0.00   0.13   3000  0
 70.58  1      0.29    3.60    1      1    0   0x00007006   45.8   0.00   0.13   3000  0
 70.60  1      0.31    1.24    1      1    0   0x00007C06   46.0   0.00   0.13   3000  0
 70.62  1      0.29   -1.17    1      1    0   0x00007006   46.2   0.00   0.13   3000  0
 70.64  1      0.22   -3.31    1      1    0   0x00005806   46.4   0.00   0.13   3000  0
 70.66  1      0.12   -4.92    1      1    0   0x80003006   46.6   0.00   0.13   3000  0
 70.68  1      0.01   -5.79    1      1    0   0x80000006   46.8   0.00   0.13   3000  0
 70.70  1     -0.11   -5.85    1      1    0   0x00002906   47.0   0.00   0.14   3000  0
 70.72  1     -0.21   -5.12    1      1    0   0x80005506   47.2   0.00   0.14   3000  0
 70.74  1     -0.29   -3.73    1      1    0   0x80007106   47.4   0.00   0.14   3000  0
 70.76  1     -0.33   -1.91    1      1    0   0x80008106   47.6   0.00   0.14   3000  0
 70.78  1     -0.32    0.09    1      1    0   0x80008106   47.8   0.00   0.14   3000  0
 70.80  1     -0.28    1.99    1      1    0   0x80007106   48.0   0.00   0.14   3000  0
 70.82  1     -0.21    3.53    1      1    0   0x80005506   48.2   0.00   0.14   3000  0
 70.84  1     -0.12    4.54    1      1    0   0x00003106   48.4   0.00   0.14   3000  0
 70.86  1     -0.02    4.88    1      1    0   0x80000906   48.6   0.00   0.14   3000  0
 70.88  1      0.07    4.56    1      1    0   0x80001806   48.8   0.00   0.14   3000  0
 70.90  1      0.14    3.64    1      1    0   0x00003406   49.0   0.00   0.15   3000  0
 70.92  1      0.19    2.27    1      1    0   0x80004806   49.2   0.00   0.15   3000  0
 70.94  1      0.20    0.66    1      1    0   0x00004C06   49.4   0.00   0.15   3000  0
 70.96  1      0.18   -0.96    1      1    0   0x80004406   49.6   0.00   0.15   3000  0
 70.98  1      0.13   -2.39    1      1    0   0x00003406   49.8   0.00   0.15   3000  0
 71.00  2      0.10   -1.75    1      1    0   0x80002406   50.0   0.00   0.15   3000  0
 71.02  2      0.11    0.55    1      1    0   0x80002806   50.2   0.00   0.15   3000  0
 71.04  2      0.18    3.61    1      1    0   0x80004406   50.4   0.00   0.15   3000  0
 71.06  2      0.31    6.63    1      1    0   0x00007C06   50.6   0.00   0.15   3000  0
 71.08  2      0.49    9.03    1      1    0   0x0000C406   50.8   0.00   0.15   3000  0
 71.10  2      0.70   10.49    1      1    0   0x00011806   51.0   0.00   0.16   3000  0
 71.12  2      0.92   10.91    1      1    0   0x80017006   51.2   0.00   0.16   3000  0
 71.14  2      1.13   10.30    1      1    0   0x0001C006   51.4   0.00   0.16   3000  0
 71.16  2      1.30    8.81    1      1    0   0x80020806   51.6   0.00   0.16   3000  0
 71.18  2      1.44    6.69    1      1    0   0x00023C06   51.8   0.00   0.16   3000  0
 71.20  2      1.52    4.21    1      1    0   0x00026006   52.0   0.00   0.16   3000  0
 71.22  2      1.55    1.61    1      1    0   0x00026C06   52.2   0.00   0.16   3000  0
 71.24  2      1.54   -0.84    1      1    0   0x80026406   52.4   0.00   0.16   3000  0
 71.26  2      1.48   -2.91    1      1    0   0x80024C06   52.6   0.00   0.16   3000  0
 71.28  2      1.39   -4.48    1      1    0   0x00022806   52.8   0.00   0.16   3000  0
 71.30  2      1.28   -5.42    1      1    0   0x0001FC06   53.0   0.00   0.17   3000  0
 71.32  2      1.17   -5.73    1      1    0   0x8001D006   53.2   0.00   0.17   3000  0
 71.34  2      1.06   -5.44    1      1    0   0x8001A406   53.4   0.00   0.17   3000  0
 71.36  2      0.96   -4.65    1      1    0   0x80018006   53.6   0.00   0.17   3000  0
 71.38  2      0.89   -3.47    1      1    0   0x80016406   53.8   0.00   0.17   3000  0
 71.40  2      0.85   -2.04    1      1    0   0x80015406   54.0   0.00   0.17   3000  0
 71.42  2      0.84   -0.55    1      1    0   0x00015006   54.2   0.00   0.17   3000  0
 71.44  2      0.86    0.87    1      1    0   0x80015406   54.4   0.00   0.17   3000  0
 71.46  2      0.90    2.09    1      1    0   0x80016806   54.6   0.00   0.17   3000  0
 71.48  2      0.96    3.02    1      1    0   0x80018006   54.8   0.00   0.17   3000  0
 71.50  2      1.03    3.61    1      1    0   0x00019C06   55.0   0.00   0.18   3000  0
 71.52  2      1.11    3.83    1      1    0   0x8001BC06   55.2   0.00   0.18   3000  0
 71.54  2      1.18    3.70    1      1    0   0x0001D806   55.4   0.00   0.18   3000  0
 71.56  2      1.25    3.28    1      1    0   0x8001F406   55.6   0.00   0.18   3000  0
 71.58  2      1.30    2.63    1      1    0   0x80020806   55.8   0.00   0.18   3000  0
 71.60  2      1.34    1.83    1      1    0   0x00021406   56.0   0.00   0.18   3000  0
 71.62  2      1.36    0.99    1      1    0   0x80021C06   56.2   0.00   0.18   3000  0
 71.64  2      1.36    0.17    1      1    0   0x80022006   56.4   0.00   0.18   3000  0
 71.66  2      1.35   -0.53    1      1    0   0x80021C06   56.6   0.00   0.18   3000  0
 71.68  2      1.33   -1.08    1      1    0   0x00021406   56.8   0.00   0.18   3000  0
 71.70  2      1.30   -1.44    1      1    0   0x80020806   57.0   0.00   0.18   3000  0
 71.72  2      1.27   -1.59    1      1    0   0x8001F806   57.2   0.00   0.19   3000  0
 71.74  2      1.24   -1.55    1      1    0   0x8001EC06   57.4   0.00   0.19   3000  0
 71.76  2      1.21   -1.35    1      1    0   0x0001E406   57.6   0.00   0.19   3000  0
 71.78  2      1.19   -1.01    1      1    0   0x8001DC06   57.8   0.00   0.19   3000  0
 71.80  2      1.18   -0.58    1      1    0   0x0001D806   58.0   0.00   0.19   3000  0
 71.82  2      1.18   -0.12    1      1    0   0x0001D406   58.2   0.00   0.19   3000  0
 71.84  2      1.18    0.34    1      1    0   0x0001D806   58.4   0.00   0.19   3000  0
 71.86  2      1.20    0.76    1      1    0   0x8001DC06   58.6   0.00   0.19   3000  0
 71.88  2      1.22    1.09    1      1    0   0x0001E806   58.8   0.00   0.19   3000  0
 71.90  2      1.25    1.32    1      1    0   0x0001F006   59.0   0.00   0.19   3000  0
 71.92  2      1.28    1.44    1      1    0   0x0001FC06   59.2   0.00   0.20   3000  0
 71.94  2      1.31    1.45    1      1    0   0x80020806   59.4   0.00   0.20   3000  0
 71.96  2      1.33    1.35    1      1    0   0x00021406   59.6   0.00   0.20   3000  0
 71.98  2      1.36    1.17    1      1    0   0x80021C06   59.8   0.00   0.20   3000  0
 72.00  2      1.37    0.94    1      1    0   0x00022406   60.0   0.00   0.20   3000  0
 72.02  2      1.39    0.69    1      1    0   0x00022806   60.2   0.00   0.20   3000  0
 72.04  2      1.40    0.45    1      1    0   0x80022C06   60.4   0.00   0.20   3000  0
 72.06  2      1.40    0.26    1      1    0   0x00023006   60.6   0.00   0.21   3000  0
 72.08  2      1.41    0.13    1      1    0   0x00023006   60.8   0.00   0.21   3000  0
 72.10  2      1.41    0.06    1      1    0   0x00023006   61.0   0.00   0.21   3000  0
 72.12  2      1.41    0.05    1      1    0   0x00023006   61.2   0.00   0.21   3000  0
 72.14  2      1.41    0.11    1      1    0   0x00023006   61.4   0.00   0.21   3000  0
 72.16  2      1.41    0.21    1      1    0   0x80023406   61.6   0.00   0.22   3000  0
 72.18  2      1.42    0.35    1      1    0   0x80023806   61.8   0.00   0.22   3000  0
 72.20  2      1.43    0.50    1      1    0   0x00023C06   62.0   0.00   0.22   3000  0
 72.22  2      1.44    0.65    1      1    0   0x80024006   62.2   0.00   0.22   3000  0
 72.24  2      1.46    0.79    1      1    0   0x00024406   62.4   0.00   0.22   3000  0
 72.26  2      1.48    0.91    1      1    0   0x80024C06   62.6   0.00   0.23   3000  0
 72.28  2      1.50    1.00    1      1    0   0x80025406   62.8   0.00   0.23   3000  0
 72.30  2      1.52    1.05    1      1    0   0x00025C06   63.0   0.00   0.23   3000  0
 72.32  2      1.54    1.06    1      1    0   0x80026806   63.2   0.00   0.23   3000  0
 72.34  2      1.56    1.04    1      1    0   0x80027006   63.4   0.00   0.23   3000  0
 72.36  2      1.58    0.99    1      1    0   0x00027806   63.6   0.00   0.24   3000  0
 72.38  2      1.60    0.93    1      1    0   0x80027C06   63.8   0.00   0.24   3000  0
 72.40  2      1.62    0.85    1      1    0   0x00028406   64.0   0.00   0.24   3000  0
 72.42  2      1.63    0.76    1      1    0   0x80028C06   64.2   0.00   0.24   3000  0
 72.44  2      1.65    0.68    1      1    0   0x00029006   64.4   0.00   0.24   3000  0
 72.46  2      1.66    0.61    1      1    0   0x80029406   64.6   0.00   0.25   3000  0
 72.48  2      1.67    0.56    1      1    0   0x80029806   64.8   0.00   0.25   3000  0
 72.50  2      1.68    0.52    1      1    0   0x00029C06   65.0   0.00   0.25   3000  0
 72.52  2      1.69    0.51    1      1    0   0x0002A006   65.2   0.00   0.25   3000  0
 72.54  2      1.70    0.51    1      1    0   0x8002A406   65.4   0.00   0.25   3000  0
 72.56  2      1.71    0.53    1      1    0   0x0002AC06   65.6   0.00   0.26   3000  0
 72.58  2      1.72    0.57    1      1    0   0x8002B006   65.8   0.00   0.26   3000  0
 72.60  2      1.73    0.61    1      1    0   0x0002B406   66.0   0.00   0.26   3000  0
 72.62  2      1.75    0.65    1      1    0   0x0002B806   66.2   0.00   0.26   3000  0
 72.64  2      1.76    0.69    1      1    0   0x0002C006   66.4   0.00   0.26   3000  0
 72.66  2      1.78    0.74    1      1    0   0x8002C406   66.6   0.00   0.27   3000  0
 72.68  2      1.79    0.77    1      1    0   0x0002CC06   66.8   0.00   0.27   3000  0
 72.70  2      1.81    0.79    1      1    0   0x8002D006   67.0   0.00   0.27   3000  0
 72.72  2      1.82    0.80    1      1    0   0x0002D806   67.2   0.00   0.27   3000  0
 72.74  2      1.84    0.80    1      1    0   0x8002DC06   67.4   0.00   0.27   3000  0
 72.76  2      1.86    0.80    1      1    0   0x0002E406   67.6   0.00   0.28   3000  0
 72.78  2      1.87    0.79    1      1    0   0x8002EC06   67.8   0.00   0.28   3000  0
 72.80  2      1.89    0.77    1      1    0   0x0002F006   68.0   0.00   0.28   3000  0
 72.82  2      1.90    0.74    1      1    0   0x8002F806   68.2   0.00   0.28   3000  0
 72.84  2      1.92    0.71    1      1    0   0x0002FC06   68.4   0.00   0.28   3000  0
 72.86  2      1.93    0.70    1      1    0   0x80030006   68.6   0.00   0.29   3000  0
 72.88  2      1.94    0.68    1      1    0   0x00030806   68.8   0.00   0.29   3000  0
 72.90  2      1.96    0.66    1      1    0   0x80030C06   69.0   0.00   0.29   3000  0
 72.92  2      1.97    0.65    1      1    0   0x00031006   69.2   0.00   0.29   3000  0
 72.94  2      1.98    0.64    1      1    0   0x80031806   69.4   0.00   0.29   3000  0
 72.96  2      1.99    0.65    1      1    0   0x00031C06   69.6   0.00   0.30   3000  0
 72.98  2      2.01    0.66    0      1    0   0x00032006   69.8   0.00   0.30   3000  0
 73.00  2      2.02    0.67    0      1    0   0x80032806   70.0   0.00   0.30   3000  0
 73.02  2      2.03    0.68    0      1    0   0x00032C06   70.2   0.00   0.30   3000  0
 73.04  2      2.05    0.69    0      1    0   0x80033006   70.4   0.00   0.30   3000  0
 73.06  2      2.06    0.70    0      1    0   0x00033806   70.6   0.00   0.31   3000  0
 73.08  2      2.08    0.72    0      1    0   0x80033C06   70.8   0.00   0.31   3000  0
 73.10  2      2.09    0.72    0      1    0   0x80034406   71.0   0.00   0.31   3000  0
 73.12  2      2.11    0.73    0      1    0   0x80034806   71.2   0.00   0.31   3000  0
 73.14  2      2.12    0.73    0      1    0   0x80035006   71.4   0.00   0.31   3000  0
 73.16  2      2.14    0.73    0      1    0   0x00035406   71.6   0.00   0.32   3000  0
 73.18  2      2.15    0.73    0      1    0   0x00035806   71.8   0.00   0.32   3000  0
 73.20  2      2.16    0.73    0      1    0   0x80036006   72.0   0.00   0.32   3000  0
 73.22  2      2.18    0.72    0      1    0   0x00036406   72.2   0.00   0.32   3000  0
 73.24  2      2.19    0.71    0      1    0   0x80036C06   72.4   0.00   0.32   3000  0
 73.26  2      2.21    0.71    0      1    0   0x00037006   72.6   0.00   0.33   3000  0
 73.28  2      2.22    0.71    0      1    0   0x80037806   72.8   0.00   0.33   3000  0
 73.30  2      2.24    0.70    0      1    0   0x00037C06   73.0   0.00   0.33   3000  0
 73.32  2      2.25    0.69    0      1    0   0x00038006   73.2   0.00   0.33   3000  0
 73.34  2      2.26    0.69    0      1    0   0x80038806   73.4   0.00   0.33   3000  0
 73.36  2      2.28    0.69    0      1    0   0x00038C06   73.6   0.00   0.34   3000  0
 73.38  2      2.29    0.69    0      1    0   0x00039406   73.8   0.00   0.34   3000  0
 73.40  2      2.30    0.69    0      1    0   0x00039806   74.0   0.00   0.34   3000  0
 73.42  2      2.32    0.69    0      1    0   0x80039C06   74.2   0.00   0.34   3000  0
 73.44  2      2.33    0.69    0      1    0   0x0003A406   74.4   0.00   0.34   3000  0
 73.46  2      2.35    0.70    0      1    0   0x0003A806   74.6   0.00   0.35   3000  0
 73.48  2      2.36    0.71    0      1    0   0x8003AC06   74.8   0.00   0.35   3000  0
 73.50  2      2.37    0.70    0      1    0   0x8003B406   75.0   0.00   0.35   3000  0
 73.52  2      2.39    0.71    0      1    0   0x8003B806   75.2   0.00   0.35   3000  0
 73.54  2      2.40    0.71    0      1    0   0x8003C006   75.4   0.00   0.35   3000  0
 73.56  2      2.42    0.71    0      1    0   0x0003C406   75.6   0.00   0.36   3000  0
 73.58  2      2.43    0.71    0      1    0   0x8003CC06   75.8   0.00   0.36   3000  0
 73.60  2      2.44    0.71    0      1    0   0x0003D006   76.0   0.00   0.36   3000  0
 73.62  2      2.46    0.71    0      1    0   0x8003D406   76.2   0.00   0.36   3000  0
 73.64  2      2.47    0.70    0      1    0   0x0003DC06   76.4   0.00   0.36   3000  0
 73.66  2      2.49    0.71    0      1    0   0x0003E006   76.6   0.00   0.37   3000  0
 73.68  2      2.50    0.71    0      1    0   0x8003E806   76.8   0.00   0.37   3000  0
 73.70  2      2.52    0.70    0      1    0   0x0003EC06   77.0   0.00   0.37   3000  0
 73.72  2      2.53    0.70    0      1    0   0x8003F006   77.2   0.00   0.37   3000  0
 73.74  2      2.54    0.70    0      1    0   0x0003F806   77.4   0.00   0.37   3000  0
 73.76  2      2.56    0.70    0      1    0   0x8003FC06   77.6   0.00   0.38   3000  0
 73.78  2      2.57    0.70    0      1    0   0x80040406   77.8   0.00   0.38   3000  0
 73.80  2      2.59    0.70    0      1    0   0x80040806   78.0   0.00   0.38   3000  0
 73.82  2      2.60    0.70    0      1    0   0x00040C06   78.2   0.00   0.38   3000  0
 73.84  2      2.61    0.70    0      1    0   0x00041406   78.4   0.00   0.38   3000  0
 73.86  2      2.63    0.70    0      1    0   0x00041806   78.6   0.00   0.39   3000  0
 73.88  2      2.64    0.70    0      1    0   0x80042006   78.8   0.00   0.39   3000  0
 73.90  2      2.66    0.70    0      1    0   0x00042406   79.0   0.00   0.39   3000  0
 73.92  2      2.67    0.70    0      1    0   0x00042806   79.2   0.00   0.39   3000  0
 73.94  2      2.68    0.70    0      1    0   0x00043006   79.4   0.00   0.39   3000  0
 73.96  2      2.70    0.70    0      1    0   0x80043406   79.6   0.00   0.40   3000  0
 73.98  2      2.71    0.71    0      1    0   0x00043C06   79.8   0.00   0.40   3000  0
 74.00  2      2.73    0.70    0      1    0   0x80044006   80.0   0.00   0.40   3000  0
 74.02  2      2.74    0.69    0      1    0   0x00044406   80.2   0.00   0.40   3000  0
 74.04  2      2.75    0.67    0      1    0   0x80044C06   80.4   0.00   0.40   3000  0
 74.06  2      2.77    0.63    0      1    0   0x00045006   80.6   0.00   0.40   3000  0
 74.08  2      2.78    0.58    0      1    0   0x80045406   80.8   0.00   0.40   3000  0
 74.10  2      2.79    0.52    0      1    0   0x80045806   81.0   0.00   0.40   3000  0
 74.12  2      2.80    0.45    0      1    0   0x00045C06   81.2   0.00   0.41   3000  0
 74.14  2      2.80    0.38    0      1    0   0x00046006   81.4   0.00   0.41   3000  0
 74.16  2      2.81    0.31    0      1    0   0x80046406   81.6   0.00   0.41   3000  0
 74.18  2      2.82    0.26    0      1    0   0x80046406   81.8   0.00   0.41   3000  0
 74.20  2      2.82    0.22    0      1    0   0x80046806   82.0   0.00   0.41   3000  0
 74.22  2      2.82    0.19    0      1    0   0x80046806   82.2   0.00   0.41   3000  0
 74.24  2      2.83    0.18    0      1    0   0x80046806   82.4   0.00   0.41   3000  0
 74.26  2      2.83    0.20    0      1    0   0x00046C06   82.6   0.00   0.41   3000  0
 74.28  2      2.84    0.22    0      1    0   0x00046C06   82.8   0.00   0.41   3000  0
 74.30  2      2.84    0.25    0      1    0   0x80047006   83.0   0.00   0.41   3000  0
 74.32  2      2.85    0.28    0      1    0   0x80047006   83.2   0.00   0.42   3000  0
 74.34  2      2.85    0.32    0      1    0   0x00047406   83.4   0.00   0.42   3000  0
 74.36  2      2.86    0.35    0      1    0   0x00047806   83.6   0.00   0.42   3000  0
 74.38  2      2.87    0.38    0      1    0   0x00047806   83.8   0.00   0.42   3000  0
 74.40  2      2.88    0.40    0      1    0   0x80047C06   84.0   0.00   0.42   3000  0
 74.42  2      2.88    0.41    0      1    0   0x80048006   84.2   0.00   0.42   3000  0
 74.44  2      2.89    0.42    0      1    0   0x00048406   84.4   0.00   0.42   3000  0
 74.46  2      2.90    0.43    0      1    0   0x00048806   84.6   0.00   0.42   3000  0
 74.48  2      2.91    0.43    0      1    0   0x00048806   84.8   0.00   0.42   3000  0
 74.50  2      2.92    0.42    0      1    0   0x80048C06   85.0   0.00   0.42   3000  0
 74.52  2      2.93    0.41    0      1    0   0x00049006   85.2   0.00   0.43   3000  0
 74.54  2      2.93    0.39    0      1    0   0x80049406   85.4   0.00   0.43   3000  0
 74.56  2      2.94    0.38    0      1    0   0x80049806   85.6   0.00   0.43   3000  0
 74.58  2      2.95    0.36    0      1    0   0x80049806   85.8   0.00   0.43   3000  0
 74.60  2      2.96    0.34    0      1    0   0x00049C06   86.0   0.00   0.43   3000  0
 74.62  2      2.96    0.32    0      1    0   0x0004A006   86.2   0.00   0.43   3000  0
 74.64  2      2.97    0.31    0      1    0   0x0004A006   86.4   0.00   0.43   3000  0
 74.66  2      2.97    0.31    0      1    0   0x8004A406   86.6   0.00   0.43   3000  0
 74.68  2      2.98    0.32    0      1    0   0x8004A806   86.8   0.00   0.43   3000  0
 74.70  2      2.99    0.32    0      1    0   0x8004A806   87.0   0.00   0.43   3000  0
 74.72  2      2.99    0.33    0      1    0   0x0004AC06   87.2   0.00   0.44   3000  0
 74.74  2      3.00    0.33    0      1    0   0x0004AC06   87.4   0.00   0.44   3000  0
 74.76  2      3.01    0.34    0      1    0   0x8004B006   87.6   0.00   0.44   3000  0
 74.78  2      3.01    0.35    0      1    0   0x0004B406   87.8   0.00   0.44   3000  0
 74.80  2      3.02    0.35    0      1    0   0x0004B806   88.0   0.00   0.44   3000  0
 74.82  2      3.03    0.35    0      1    0   0x0004B806   88.2   0.00   0.44   3000  0
 74.84  2      3.03    0.35    0      1    0   0x8004BC06   88.4   0.00   0.44   3000  0
 74.86  2      3.04    0.36    0      1    0   0x0004C006   88.6   0.00   0.44   3000  0
 74.88  2      3.05    0.37    0      1    0   0x0004C006   88.8   0.00   0.44   3000  0
 74.90  2      3.06    0.37    0      1    0   0x8004C406   89.0   0.00   0.44   3000  0
 74.92  2      3.06    0.38    0      1    0   0x8004C806   89.2   0.00   0.45   3000  0
 74.94  2      3.07    0.37    0      1    0   0x0004CC06   89.4   0.00   0.45   3000  0
 74.96  2      3.08    0.37    0      1    0   0x0004CC06   89.6   0.00   0.45   3000  0
 74.98  2      3.09    0.36    0      1    0   0x8004D006   89.8   0.00   0.45   3000  0
 75.00  2      3.09    0.36    0      1    0   0x0004D406   90.0   0.00   0.45   3000  0
 75.02  2      3.10    0.35    0      1    0   0x0004D806   90.2   0.00   0.45   3000  0
 75.04  2      3.11    0.34    0      1    0   0x0004D806   90.4   0.00   0.45   3000  0
 75.06  2      3.11    0.34    0      1    0   0x8004DC06   90.6   0.00   0.45   3000  0
 75.08  2      3.12    0.35    0      1    0   0x8004E006   90.8   0.00   0.45   3000  0
 75.10  2      3.13    0.35    0      1    0   0x8004E006   91.0   0.00   0.45   3000  0
 75.12  2      3.14    0.35    0      1    0   0x0004E406   91.2   0.00   0.46   3000  0
 75.14  2      3.14    0.35    0      1    0   0x0004E806   91.4   0.00   0.46   3000  0
 75.16  2      3.15    0.35    0      1    0   0x0004E806   91.6   0.00   0.46   3000  0
 75.18  2      3.16    0.35    0      1    0   0x8004EC06   91.8   0.00   0.46   3000  0
 75.20  2      3.16    0.35    0      1    0   0x0004F006   92.0   0.00   0.46   3000  0
 75.22  2      3.17    0.34    0      1    0   0x0004F006   92.2   0.00   0.46   3000  0
 75.24  2      3.18    0.34    0      1    0   0x8004F406   92.4   0.00   0.46   3000  0
 75.26  2      3.18    0.35    0      1    0   0x8004F806   92.6   0.00   0.46   3000  0
 75.28  2      3.19    0.35    0      1    0   0x0004FC06   92.8   0.00   0.46   3000  0
 75.30  2      3.20    0.36    0      1    0   0x0004FC06   93.0   0.00   0.46   3000  0
 75.32  2      3.21    0.36    0      1    0   0x80050006   93.2   0.00   0.47   3000  0
 75.34  2      3.21    0.36    0      1    0   0x00050406   93.4   0.00   0.47   3000  0
 75.36  2      3.22    0.36    0      1    0   0x00050406   93.6   0.00   0.47   3000  0
 75.38  2      3.23    0.36    0      1    0   0x00050806   93.8   0.00   0.47   3000  0
 75.40  2      3.23    0.35    0      1    0   0x80050C06   94.0   0.00   0.47   3000  0
 75.42  2      3.24    0.35    0      1    0   0x00051006   94.2   0.00   0.47   3000  0
 75.44  2      3.25    0.34    0      1    0   0x00051006   94.4   0.00   0.47   3000  0
 75.46  2      3.25    0.35    0      1    0   0x80051406   94.6   0.00   0.47   3000  0
 75.48  2      3.26    0.35    0      1    0   0x80051806   94.8   0.00   0.47   3000  0
 75.50  2      3.27    0.35    0      1    0   0x80051806   95.0   0.00   0.47   3000  0
 75.52  2      3.28    0.36    0      1    0   0x00051C06   95.2   0.00   0.48   3000  0
 75.54  2      3.28    0.36    0      1    0   0x00052006   95.4   0.00   0.48   3000  0
 75.56  2      3.29    0.35    0      1    0   0x80052406   95.6   0.00   0.48   3000  0
 75.58  2      3.30    0.35    0      1    0   0x80052406   95.8   0.00   0.48   3000  0
 75.60  2      3.30    0.35    0      1    0   0x80052806   96.0   0.00   0.48   3000  0
 75.62  2      3.31    0.34    0      1    0   0x00052C06   96.2   0.00   0.48   3000  0
 75.64  2      3.32    0.34    0      1    0   0x00052C06   96.4   0.00   0.48   3000  0
 75.66  2      3.32    0.35    0      1    0   0x80053006   96.6   0.00   0.48   3000  0
 75.68  2      3.33    0.35    0      1    0   0x00053406   96.8   0.00   0.48   3000  0
 75.70  2      3.34    0.35    0      1    0   0x00053406   97.0   0.00   0.48   3000  0
 75.72  2      3.35    0.36    0      1    0   0x00053806   97.2   0.00   0.49   3000  0
 75.74  2      3.35    0.36    0      1    0   0x80053C06   97.4   0.00   0.49   3000  0
 75.76  2      3.36    0.36    0      1    0   0x00054006   97.6   0.00   0.49   3000  0
 75.78  2      3.37    0.36    0      1    0   0x00054006   97.8   0.00   0.49   3000  0
 75.80  2      3.37    0.35    0      1    0   0x80054406   98.0   0.00   0.49   3000  0
 75.82  2      3.38    0.35    0      1    0   0x80054806   98.2   0.00   0.49   3000  0
 75.84  2      3.39    0.34    0      1    0   0x80054806   98.4   0.00   0.49   3000  0
 75.86  2      3.40    0.35    0      1    0   0x00054C06   98.6   0.00   0.49   3000  0
 75.88  2      3.40    0.35    0      1    0   0x80055006   98.8   0.00   0.49   3000  0
 75.90  2      3.41    0.35    0      1    0   0x80055006   99.0   0.00   0.49   3000  0
 75.92  2      3.42    0.36    0      1    0   0x00055406   99.2   0.00   0.50   3000  0
 75.94  2      3.42    0.36    0      1    0   0x00055806   99.4   0.00   0.50   3000  0
 75.96  2      3.43    0.35    0      1    0   0x80055C06   99.6   0.00   0.50   3000  0
 75.98  2      3.44    0.36    0      1    0   0x80055C06   99.8   0.00   0.50   3000  0
 76.00  2      3.44    0.35    0      1    0   0x80056006  100.0   0.00   0.50   3000  0
 76.02  2      3.45    0.34    0      1    0   0x00056406  100.2   0.00   0.50   3000  0
 76.04  2      3.46    0.34    0      1    0   0x00056406  100.4   0.00   0.50   3000  0
 76.06  2      3.47    0.35    0      1    0   0x00056806  100.6   0.00   0.50   3000  0
 76.08  2      3.47    0.35    0      1    0   0x80056C06  100.8   0.00   0.50   3000  0
 76.10  2      3.48    0.35    0      1    0   0x80056C06  101.0   0.00   0.50   3000  0
 76.12  2      3.49    0.36    0      1    0   0x00057006  101.2   0.00   0.51   3000  0
 76.14  2      3.49    0.36    0      1    0   0x80057406  101.4   0.00   0.51   3000  0
 76.16  2      3.50    0.35    0      1    0   0x80057806  101.6   0.00   0.51   3000  0
 76.18  2      3.51    0.36    0      1    0   0x80057806  101.8   0.00   0.51   3000  0
 76.20  2      3.52    0.35    0      1    0   0x00057C06  102.0   0.00   0.51   3000  0
 76.22  2      3.52    0.35    0      1    0   0x00058006  102.2   0.00   0.51   3000  0
 76.24  2      3.53    0.34    0      1    0   0x00058006  102.4   0.00   0.51   3000  0
 76.26  2      3.54    0.35    0      1    0   0x80058406  102.6   0.00   0.51   3000  0
 76.28  2      3.54    0.35    0      1    0   0x80058806  102.8   0.00   0.51   3000  0
 76.30  2      3.55    0.35    0      1    0   0x00058C06  103.0   0.00   0.51   3000  0
 76.32  2      3.56    0.36    0      1    0   0x00058C06  103.2   0.00   0.52   3000  0
 76.34  2      3.56    0.36    0      1    0   0x80059006  103.4   0.00   0.52   3000  0
 76.36  2      3.57    0.35    0      1    0   0x00059406  103.6   0.00   0.52   3000  0
 76.38  2      3.58    0.36    0      1    0   0x00059406  103.8   0.00   0.52   3000  0
 76.40  2      3.59    0.35    0      1    0   0x00059806  104.0   0.00   0.52   3000  0
 76.42  2      3.59    0.34    0      1    0   0x80059C06  104.2   0.00   0.52   3000  0
 76.44  2      3.60    0.34    0      1    0   0x80059C06  104.4   0.00   0.52   3000  0
 76.46  2      3.61    0.35    0      1    0   0x8005A006  104.6   0.00   0.52   3000  0
 76.48  2      3.61    0.35    0      1    0   0x0005A406  104.8   0.00   0.52   3000  0
 76.50  2      3.62    0.35    0      1    0   0x0005A806  105.0   0.00   0.52   3000  0
 76.52  2      3.63    0.36    0      1    0   0x0005A806  105.2   0.00   0.53   3000  0
 76.54  2      3.63    0.36    0      1    0   0x8005AC06  105.4   0.00   0.53   3000  0
 76.56  2      3.64    0.35    0      1    0   0x0005B006  105.6   0.00   0.53   3000  0
 76.58  2      3.65    0.36    0      1    0   0x0005B006  105.8   0.00   0.53   3000  0
 76.60  2      3.66    0.35    0      1    0   0x8005B406  106.0   0.00   0.53   3000  0
 76.62  2      3.66    0.35    0      1    0   0x8005B806  106.2   0.00   0.53   3000  0
 76.64  2      3.67    0.34    0      1    0   0x8005B806  106.4   0.00   0.53   3000  0
 76.66  2      3.68    0.35    0      1    0   0x0005BC06  106.6   0.00   0.53   3000  0
 76.68  2      3.68    0.35    0      1    0   0x8005C006  106.8   0.00   0.53   3000  0
 76.70  2      3.69    0.35    0      1    0   0x0005C406  107.0   0.00   0.53   3000  0
 76.72  2      3.70    0.36    0      1    0   0x0005C406  107.2   0.00   0.54   3000  0
 76.74  2      3.71    0.36    0      1    0   0x0005C806  107.4   0.00   0.54   3000  0
 76.76  2      3.71    0.35    0      1    0   0x8005CC06  107.6   0.00   0.54   3000  0
 76.78  2      3.72    0.35    0      1    0   0x8005CC06  107.8   0.00   0.54   3000  0
 76.80  2      3.73    0.35    0      1    0   0x0005D006  108.0   0.00   0.54   3000  0
 76.82  2      3.73    0.35    0      1    0   0x8005D406  108.2   0.00   0.54   3000  0
 76.84  2      3.74    0.34    0      1    0   0x8005D806  108.4   0.00   0.54   3000  0
 76.86  2      3.75    0.35    0      1    0   0x8005D806  108.6   0.00   0.54   3000  0
 76.88  2      3.75    0.35    0      1    0   0x0005DC06  108.8   0.00   0.54   3000  0
 76.90  2      3.76    0.35    0      1    0   0x0005E006  109.0   0.00   0.54   3000  0
 76.92  2      3.77    0.36    0      1    0   0x0005E006  109.2   0.00   0.55   3000  0
 76.94  2      3.78    0.36    0      1    0   0x8005E406  109.4   0.00   0.55   3000  0
 76.96  2      3.78    0.35    0      1    0   0x8005E806  109.6   0.00   0.55   3000  0
 76.98  2      3.79    0.35    0      1    0   0x8005E806  109.8   0.00   0.55   3000  0
 77.00  2      3.80    0.35    0      1    0   0x0005EC06  110.0   0.00   0.55   3000  0
 77.02  2      3.80    0.35    0      1    0   0x8005F006  110.2   0.00   0.55   3000  0
 77.04  2      3.81    0.34    0      1    0   0x0005F406  110.4   0.00   0.55   3000  0
 77.06  2      3.82    0.35    0      1    0   0x0005F406  110.6   0.00   0.55   3000  0
 77.08  2      3.82    0.35    0      1    0   0x0005F806  110.8   0.00   0.55   3000  0
 77.10  2      3.83    0.35    0      1    0   0x8005FC06  111.0   0.00   0.55   3000  0
 77.12  2      3.84    0.36    0      1    0   0x8005FC06  111.2   0.00   0.56   3000  0
 77.14  2      3.85    0.36    0      1    0   0x80060006  111.4   0.00   0.56   3000  0
 77.16  2      3.85    0.35    0      1    0   0x00060406  111.6   0.00   0.56   3000  0
 77.18  2      3.86    0.35    0      1    0   0x00060806  111.8   0.00   0.56   3000  0
 77.20  2      3.87    0.35    0      1    0   0x00060806  112.0   0.00   0.56   3000  0
 77.22  2      3.87    0.35    0      1    0   0x80060C06  112.2   0.00   0.56   3000  0
 77.24  2      3.88    0.34    0      1    0   0x00061006  112.4   0.00   0.56   3000  0
 77.26  2      3.89    0.35    0      1    0   0x00061006  112.6   0.00   0.56   3000  0
 77.28  2      3.89    0.35    0      1    0   0x80061406  112.8   0.00   0.56   3000  0
 77.30  2      3.90    0.35    0      1    0   0x80061806  113.0   0.00   0.56   3000  0
 77.32  2      3.91    0.36    0      1    0   0x80061806  113.2   0.00   0.57   3000  0
 77.34  2      3.92    0.36    0      1    0   0x00061C06  113.4   0.00   0.57   3000  0
 77.36  2      3.92    0.35    0      1    0   0x00062006  113.6   0.00   0.57   3000  0
 77.38  2      3.93    0.35    0      1    0   0x80062406  113.8   0.00   0.57   3000  0
 77.40  2      3.94    0.35    0      1    0   0x80062406  114.0   0.00   0.57   3000  0
 77.42  2      3.94    0.35    0      1    0   0x80062806  114.2   0.00   0.57   3000  0
 77.44  2      3.95    0.34    0      1    0   0x00062C06  114.4   0.00   0.57   3000  0
 77.46  2      3.96    0.35    0      1    0   0x00062C06  114.6   0.00   0.57   3000  0
 77.48  2      3.97    0.35    0      1    0   0x80063006  114.8   0.00   0.57   3000  0
 77.50  2      3.97    0.35    0      1    0   0x00063406  115.0   0.00   0.57   3000  0
 77.52  2      3.98    0.36    0      1    0   0x00063406  115.2   0.00   0.58   3000  0
 77.54  2      3.99    0.36    0      1    0   0x00063806  115.4   0.00   0.58   3000  0
 77.56  2      3.99    0.35    0      1    0   0x80063C06  115.6   0.00   0.58   3000  0
 77.58  2      4.00    0.35    0      1    0   0x00064006  115.8   0.00   0.58   3000  0
 77.60  2      4.01    0.35    0      1    0   0x00064006  116.0   0.00   0.58   3000  0
 77.62  2      4.01    0.35    0      1    0   0x80064406  116.2   0.00   0.58   3000  0
 77.64  2      4.02    0.34    0      1    0   0x80064806  116.4   0.00   0.58   3000  0
 77.66  2      4.03    0.35    0      1    0   0x80064806  116.6   0.00   0.58   3000  0
 77.68  2      4.04    0.35    0      1    0   0x00064C06  116.8   0.00   0.58   3000  0
 77.70  2      4.04    0.35    0      1    0   0x80065006  117.0   0.00   0.58   3000  0
 77.72  2      4.05    0.36    0      1    0   0x80065006  117.2   0.00   0.59   3000  0
 77.74  2      4.06    0.36    0      1    0   0x00065406  117.4   0.00   0.59   3000  0
 77.76  2      4.06    0.35    0      1    0   0x00065806  117.6   0.00   0.59   3000  0
 77.78  2      4.07    0.35    0      1    0   0x80065C06  117.8   0.00   0.59   3000  0
 77.80  2      4.08    0.35    0      1    0   0x80065C06  118.0   0.00   0.59   3000  0
 77.82  2      4.08    0.35    0      1    0   0x80066006  118.2   0.00   0.59   3000  0
 77.84  2      4.09    0.34    0      1    0   0x00066406  118.4   0.00   0.59   3000  0
 77.86  2      4.10    0.35    0      1    0   0x00066406  118.6   0.00   0.59   3000  0
 77.88  2      4.11    0.35    0      1    0   0x00066806  118.8   0.00   0.59   3000  0
 77.90  2      4.11    0.35    0      1    0   0x80066C06  119.0   0.00   0.59   3000  0
 77.92  2      4.12    0.36    0      1    0   0x80066C06  119.2   0.00   0.60   3000  0
 77.94  2      4.13    0.36    0      1    0   0x00067006  119.4   0.00   0.60   3000  0
 77.96  2      4.13    0.35    0      1    0   0x80067406  119.6   0.00   0.60   3000  0
 77.98  2      4.14    0.35    0      1    0   0x80067806  119.8   0.00   0.60   3000  0
 78.00  2      4.15    0.35    0      1    0   0x80067806  120.0   0.00   0.60   3000  0
 78.02  2      4.16    0.35    0      1    0   0x00067C06  120.2   0.00   0.60   3000  0
 78.04  2      4.16    0.33    0      1    0   0x00068006  120.4   0.00   0.60   3000  0
 78.06  2      4.17    0.31    0      1    0   0x00068006  120.6   0.00   0.60   3000  0
 78.08  2      4.17    0.28    0      1    0   0x80068406  120.8   0.00   0.60   3000  0
 78.10  2      4.18    0.24    0      1    0   0x80068406  121.0   0.00   0.60   3000  0
 78.12  2      4.18    0.18    0      1    0   0x80068806  121.2   0.00   0.60   3000  0
 78.14  2      4.18    0.13    0      1    0   0x80068806  121.4   0.00   0.60   3000  0
 78.16  2      4.19    0.08    0      1    0   0x80068806  121.6   0.00   0.60   3000  0
 78.18  2      4.19    0.02    0      1    0   0x80068806  121.8   0.00   0.60   3000  0
 78.20  2      4.19   -0.02    0      1    0   0x80068806  122.0   0.00   0.60   3000  0
 78.22  2      4.19   -0.06    0      1    0   0x80068806  122.2   0.00   0.60   3000  0
 78.24  2      4.18   -0.08    0      1    0   0x80068806  122.4   0.00   0.60   3000  0
 78.26  2      4.18   -0.10    0      1    0   0x80068806  122.6   0.00   0.60   3000  0
 78.28  2      4.18   -0.11    0      1    0   0x80068406  122.8   0.00   0.60   3000  0
 78.30  2      4.18   -0.11    0      1    0   0x80068406  123.0   0.00   0.60   3000  0
 78.32  2      4.18   -0.10    0      1    0   0x80068406  123.2   0.00   0.60   3000  0
 78.34  2      4.17   -0.09    0      1    0   0x80068406  123.4   0.00   0.60   3000  0
 78.36  2      4.17   -0.07    0      1    0   0x80068406  123.6   0.00   0.60   3000  0
 78.38  2      4.17   -0.05    0      1    0   0x80068406  123.8   0.00   0.60   3000  0
 78.40  2      4.17   -0.03    0      1    0   0x80068406  124.0   0.00   0.60   3000  0
 78.42  2      4.17   -0.02    0      1    0   0x00068006  124.2   0.00   0.60   3000  0
 78.44  2      4.17    0.00    0      1    0   0x00068006  124.4   0.00   0.60   3000  0
 78.46  2      4.17    0.01    0      1    0   0x80068406  124.6   0.00   0.60   3000  0
 78.48  2      4.17    0.03    0      1    0   0x80068406  124.8   0.00   0.60   3000  0
 78.50  2      4.17    0.03    0      1    0   0x80068406  125.0   0.00   0.60   3000  0
 78.52  2      4.17    0.04    0      1    0   0x80068406  125.2   0.00   0.60   3000  0
 78.54  2      4.17    0.04    0      1    0   0x80068406  125.4   0.00   0.60   3000  0
 78.56  2      4.17    0.04    0      1    0   0x80068406  125.6   0.00   0.60   3000  0
 78.58  2      4.17    0.04    0      1    0   0x80068406  125.8   0.00   0.60   3000  0
 78.60  2      4.17    0.03    0      1    0   0x80068406  126.0   0.00   0.60   3000  0
 78.62  2      4.18    0.03    0      1    0   0x80068406  126.2   0.00   0.60   3000  0
 78.64  2      4.18    0.02    0      1    0   0x80068406  126.4   0.00   0.60   3000  0
 78.66  2      4.18    0.01    0      1    0   0x80068406  126.6   0.00   0.60   3000  0
 78.68  2      4.18    0.01    0      1    0   0x80068406  126.8   0.00   0.60   3000  0
 78.70  2      4.18    0.00    0      1    0   0x80068406  127.0   0.00   0.60   3000  0
 78.72  2      4.18   -0.00    0      1    0   0x80068406  127.2   0.00   0.60   3000  0
 78.74  2      4.18   -0.01    0      1    0   0x80068406  127.4   0.00   0.60   3000  0
 78.76  2      4.18   -0.01    0      1    0   0x80068406  127.6   0.00   0.60   3000  0
 78.78  2      4.18   -0.01    0      1    0   0x80068406  127.8   0.00   0.60   3000  0
 78.80  2      4.18   -0.01    0      1    0   0x80068406  128.0   0.00   0.60   3000  0
 78.82  2      4.18   -0.01    0      1    0   0x80068406  128.2   0.00   0.60   3000  0
 78.84  2      4.17   -0.01    0      1    0   0x80068406  128.4   0.00   0.60   3000  0
 78.86  2      4.17   -0.01    0      1    0   0x80068406  128.6   0.00   0.60   3000  0
 78.88  2      4.17   -0.01    0      1    0   0x80068406  128.8   0.00   0.60   3000  0
 78.90  2      4.17   -0.00    0      1    0   0x80068406  129.0   0.00   0.60   3000  0
 78.92  2      4.17   -0.00    0      1    0   0x80068406  129.2   0.00   0.60   3000  0
 78.94  2      4.17    0.00    0      1    0   0x80068406  129.4   0.00   0.60   3000  0
 78.96  2      4.17    0.00    0      1    0   0x80068406  129.6   0.00   0.60   3000  0
 78.98  2      4.17    0.00    0      1    0   0x80068406  129.8   0.00   0.60   3000  0
 79.00  2      4.17    0.00    0      1    0   0x80068406  130.0   0.00   0.60   3000  0
 79.02  2      4.17    0.01    0      1    0   0x80068406  130.2   0.00   0.60   3000  0
 79.04  2      4.17    0.01    0      1    0   0x80068406  130.4   0.00   0.60   3000  0
 79.06  2      4.18    0.01    0      1    0   0x80068406  130.6   0.00   0.60   3000  0
 79.08  2      4.18    0.01    0      1    0   0x80068406  130.8   0.00   0.60   3000  0
 79.10  2      4.18    0.01    0      1    0   0x80068406  131.0   0.00   0.60   3000  0
 79.12  2      4.18    0.00    0      1    0   0x80068406  131.2   0.00   0.60   3000  0
 79.14  2      4.18    0.00    0      1    0   0x80068406  131.4   0.00   0.60   3000  0
 79.16  2      4.18    0.00    0      1    0   0x80068406  131.6   0.00   0.60   3000  0
 79.18  2      4.18    0.00    0      1    0   0x80068406  131.8   0.00   0.60   3000  0
 79.20  2      4.18    0.00    0      1    0   0x80068406  132.0   0.00   0.60   3000  0
 79.22  2      4.18    0.00    0      1    0   0x80068406  132.2   0.00   0.60   3000  0
 79.24  2      4.18    0.00    0      1    0   0x80068406  132.4   0.00   0.60   3000  0
 79.26  2      4.18    0.00    0      1    0   0x80068406  132.6   0.00   0.60   3000  0
 79.28  2      4.18    0.00    0      1    0   0x80068406  132.8   0.00   0.60   3000  0
 79.30  2      4.18    0.00    0      1    0   0x80068406  133.0   0.00   0.60   3000  0
 79.32  2      4.18    0.00    0      1    0   0x80068406  133.2   0.00   0.60   3000  0
 79.34  2      4.18    0.00    0      1    0   0x80068406  133.4   0.00   0.60   3000  0
 79.36  2      4.18    0.00    0      1    0   0x80068406  133.6   0.00   0.60   3000  0
 79.38  2      4.18    0.00    0      1    0   0x80068406  133.8   0.00   0.60   3000  0
 79.40  2      4.18    0.00    0      1    0   0x80068406  134.0   0.00   0.60   3000  0
 79.42  2      4.18    0.00    0      1    0   0x80068406  134.2   0.00   0.60   3000  0
 79.44  2      4.18    0.00    0      1    0   0x80068406  134.4   0.00   0.60   3000  0
 79.46  2      4.18    0.00    0      1    0   0x80068406  134.6   0.00   0.60   3000  0
 79.48  2      4.18    0.00    0      1    0   0x80068406  134.8   0.00   0.60   3000  0
 79.50  2      4.18    0.00    0      1    0   0x80068406  135.0   0.00   0.60   3000  0
 79.52  2      4.18    0.00    0      1    0   0x80068406  135.2   0.00   0.60   3000  0
 79.54  2      4.18    0.00    0      1    0   0x80068406  135.4   0.00   0.60   3000  0
 79.56  2      4.18    0.00    0      1    0   0x80068406  135.6   0.00   0.60   3000  0
 79.58  2      4.18    0.00    0      1    0   0x80068406  135.8   0.00   0.60   3000  0
 79.60  2      4.18    0.00    0      1    0   0x80068406  136.0   0.00   0.60   3000  0
 79.62  2      4.18    0.00    0      1    0   0x80068406  136.2   0.00   0.60   3000  0
 79.64  2      4.18    0.00    0      1    0   0x80068406  136.4   0.00   0.60   3000  0
 79.66  2      4.18    0.00    0      1    0   0x80068406  136.6   0.00   0.60   3000  0
 79.68  2      4.18    0.00    0      1    0   0x80068406  136.8   0.00   0.60   3000  0
 79.70  2      4.18    0.00    0      1    0   0x80068406  137.0   0.00   0.60   3000  0
 79.72  2      4.18    0.00    0      1    0   0x80068406  137.2   0.00   0.60   3000  0
 79.74  2      4.18    0.00    0      1    0   0x80068406  137.4   0.00   0.60   3000  0
 79.76  2      4.18    0.00    0      1    0   0x80068406  137.6   0.00   0.60   3000  0
 79.78  2      4.18    0.00    0      1    0   0x80068406  137.8   0.00   0.60   3000  0
 79.80  2      4.18    0.00    0      1    0   0x80068406  138.0   0.00   0.60   3000  0
 79.82  2      4.18    0.00    0      1    0   0x80068406  138.2   0.00   0.60   3000  0
 79.84  2      4.18    0.00    0      1    0   0x80068406  138.4   0.00   0.60   3000  0
 79.86  2      4.18    0.00    0      1    0   0x80068406  138.6   0.00   0.60   3000  0
 79.88  2      4.18    0.00    0      1    0   0x80068406  138.8   0.00   0.60   3000  0
 79.90  2      4.18    0.00    0      1    0   0x80068406  139.0   0.00   0.60   3000  0
 79.92  2      4.18    0.00    0      1    0   0x80068406  139.2   0.00   0.60   3000  0
 79.94  2      4.18    0.00    0      1    0   0x80068406  139.4   0.00   0.60   3000  0
 79.96  2      4.18    0.00    0      1    0   0x80068406  139.6   0.00   0.60   3000  0
 79.98  2      4.18    0.00    0      1    0   0x80068406  139.8   0.00   0.60   3000  0
 80.00  2      4.18    0.00    0      1    0   0x80068406  140.0   0.00   0.60   3000  0
 80.02  2      4.18    0.00    0      1    0   0x80068406  140.2   0.00   0.60   3000  0
 80.04  2      4.18    0.00    0      1    0   0x80068406  140.4   0.00   0.60   3000  0
 80.06  2      4.18    0.00    0      1    0   0x80068406  140.6   0.00   0.60   3000  0
 80.08  2      4.18    0.00    0      1    0   0x80068406  140.8   0.00   0.60   3000  0
 80.10  2      4.18    0.00    0      1    0   0x80068406  141.0   0.00   0.60   3000  0
 80.12  2      4.18    0.00    0      1    0   0x80068406  141.2   0.00   0.60   3000  0
 80.14  2      4.18    0.00    0      1    0   0x80068406  141.4   0.00   0.60   3000  0
 80.16  2      4.18    0.00    0      1    0   0x80068406  141.6   0.00   0.60   3000  0
 80.18  2      4.18    0.00    0      1    0   0x80068406  141.8   0.00   0.60   3000  0
 80.20  2      4.18    0.00    0      1    0   0x80068406  142.0   0.00   0.60   3000  0
 80.22  2      4.18    0.00    0      1    0   0x80068406  142.2   0.00   0.60   3000  0
 80.24  2      4.18    0.00    0      1    0   0x80068406  142.4   0.00   0.60   3000  0
 80.26  2      4.18    0.00    0      1    0   0x80068406  142.6   0.00   0.60   3000  0
 80.28  2      4.18    0.00    0      1    0   0x80068406  142.8   0.00   0.60   3000  0
 80.30  2      4.18    0.00    0      1    0   0x80068406  143.0   0.00   0.60   3000  0
 80.32  2      4.18    0.00    0      1    0   0x80068406  143.2   0.00   0.60   3000  0
 80.34  2      4.18    0.00    0      1    0   0x80068406  143.4   0.00   0.60   3000  0
 80.36  2      4.18    0.00    0      1    0   0x80068406  143.6   0.00   0.60   3000  0
 80.38  2      4.18    0.00    0      1    0   0x80068406  143.8   0.00   0.60   3000  0
 80.40  2      4.18    0.00    0      1    0   0x80068406  144.0   0.00   0.60   3000  0
 80.42  2      4.18    0.00    0      1    0   0x80068406  144.2   0.00   0.60   3000  0
 80.44  2      4.18    0.00    0      1    0   0x80068406  144.4   0.00   0.60   3000  0
 80.46  2      4.18    0.00    0      1    0   0x80068406  144.6   0.00   0.60   3000  0
 80.48  2      4.18    0.00    0      1    0   0x80068406  144.8   0.00   0.60   3000  0
 80.50  2      4.18    0.00    0      1    0   0x80068406  145.0   0.00   0.60   3000  0
 80.52  2      4.18    0.00    0      1    0   0x80068406  145.2   0.00   0.60   3000  0
 80.54  2      4.18    0.00    0      1    0   0x80068406  145.4   0.00   0.60   3000  0
 80.56  2      4.18    0.00    0      1    0   0x80068406  145.6   0.00   0.60   3000  0
 80.58  2      4.18    0.00    0      1    0   0x80068406  145.8   0.00   0.60   3000  0
 80.60  2      4.18    0.00    0      1    0   0x80068406  146.0   0.00   0.60   3000  0
 80.62  2      4.18    0.00    0      1    0   0x80068406  146.2   0.00   0.60   3000  0
 80.64  2      4.18    0.00    0      1    0   0x80068406  146.4   0.00   0.60   3000  0
 80.66  2      4.18    0.00    0      1    0   0x80068406  146.6   0.00   0.60   3000  0
 80.68  2      4.18    0.00    0      1    0   0x80068406  146.8   0.00   0.60   3000  0
 80.70  2      4.18    0.00    0      1    0   0x80068406  147.0   0.00   0.60   3000  0
 80.72  2      4.18    0.00    0      1    0   0x80068406  147.2   0.00   0.60   3000  0
 80.74  2      4.18    0.00    0      1    0   0x80068406  147.4   0.00   0.60   3000  0
 80.76  2      4.18    0.00    0      1    0   0x80068406  147.6   0.00   0.60   3000  0
 80.78  2      4.18    0.00    0      1    0   0x80068406  147.8   0.00   0.60   3000  0
 80.80  2      4.18    0.00    0      1    0   0x80068406  148.0   0.00   0.60   3000  0
 80.82  2      4.18    0.00    0      1    0   0x80068406  148.2   0.00   0.60   3000  0
 80.84  2      4.18    0.00    0      1    0   0x80068406  148.4   0.00   0.60   3000  0
 80.86  2      4.18    0.00    0      1    0   0x80068406  148.6   0.00   0.60   3000  0
 80.88  2      4.18    0.00    0      1    0   0x80068406  148.8   0.00   0.60   3000  0
 80.90  2      4.18    0.00    0      1    0   0x80068406  149.0   0.00   0.60   3000  0
 80.92  2      4.18    0.00    0      1    0   0x80068406  149.2   0.00   0.60   3000  0
 80.94  2      4.18    0.00    0      1    0   0x80068406  149.4   0.00   0.60   3000  0
 80.96  2      4.18    0.00    0      1    0   0x80068406  149.6   0.00   0.60   3000  0
 80.98  2      4.18    0.00    0      1    0   0x80068406  149.8   0.00   0.60   3000  0
 81.00  2      4.18    0.00    0      1    0   0x80068406  150.0   0.00   0.60   3000  0
 81.02  2      4.16   -0.93    0      1    0   0x00067C06  150.2   0.00   0.60   3000  1
 81.04  2      4.11   -2.57    0      1    0   0x00066806  150.4   0.00   0.60   3000  1
 81.06  2      4.02   -4.46    0      1    0   0x80064406  150.6   0.00   0.60   3000  1
 81.08  2      3.89   -6.26    0      1    0   0x80061406  150.8   0.00   0.60   3000  1
 81.10  2      3.74   -7.81    0      1    0   0x8005D406  151.0   0.00   0.60   3000  1
 81.12  2      3.56   -9.05    0      1    0   0x00058C06  151.2   0.00   0.60   3000  1
 81.14  2      3.36   -9.99    0      1    0   0x80053C06  151.4   0.00   0.60   3000  1
 81.16  2      3.14  -10.67    0      1    0   0x0004E806  151.6   0.00   0.60   3000  1
 81.18  2      2.92  -11.15    0      1    0   0x00049006  151.8   0.00   0.60   3000  1
 81.20  2      2.69  -11.48    0      1    0   0x80043406  152.0   0.00   0.60   3000  1
 81.22  2      2.46  -11.71    0      1    0   0x8003D406  152.2   0.00   0.60   3000  1
 81.24  2      2.22  -11.85    0      1    0   0x80037406  152.4   0.00   0.60   3000  1
 81.26  2      1.98  -11.95    1      1    0   0x80031806  152.6   0.00   0.60   3000  1
 81.28  2      1.74  -12.01    1      1    0   0x0002B806  152.8   0.00   0.60   3000  1
 81.30  2      1.50  -12.05    1      1    0   0x80025406  153.0   0.00   0.60   3000  1
 81.32  2      1.26  -12.06    1      1    0   0x8001F406  153.2   0.00   0.60   3000  1
 81.34  2      1.02  -12.07    1      1    0   0x80019406  153.4   0.00   0.60   3000  1
 81.36  2      0.78  -11.96    1      1    0   0x80013406  153.6   0.00   0.60   3000  1
 81.38  2      0.55  -11.59    1      1    0   0x8000D806  153.8   0.00   0.60   3000  1
 81.40  2      0.33  -10.89    1      1    0   0x00008006  154.0   0.00   0.60   3000  1
 81.42  2      0.13   -9.88    1      1    0   0x00003406  154.2   0.00   0.60   3000  1
 81.44  2     -0.04   -8.60    1      1    0   0x80001106  154.4   0.00   0.60   3000  1
 81.46  2     -0.18   -7.15    1      1    0   0x00004906  154.6   0.00   0.60   3000  1
 81.48  2     -0.30   -5.61    1      1    0   0x00007506  154.8   0.00   0.60   3000  1
 81.50  2     -0.38   -4.08    1      1    0   0x80009506  155.0   0.00   0.60   3000  1
 81.52  2     -0.43   -2.63    1      1    0   0x0000AD06  155.2   0.00   0.60   3000  1
 81.54  2     -0.46   -1.31    1      1    0   0x0000B506  155.4   0.00   0.60   3000  1
 81.56  2     -0.46   -0.17    1      1    0   0x0000B906  155.6   0.00   0.60   3000  1
 81.58  2     -0.45    0.77    1      1    0   0x8000B106  155.8   0.00   0.60   3000  1
 81.60  2     -0.42    1.50    1      1    0   0x8000A506  156.0   0.00   0.60   3000  1
 81.62  2     -0.37    2.03    1      1    0   0x80009506  156.2   0.00   0.60   3000  1
 81.64  2     -0.33    2.36    1      1    0   0x80008106  156.4   0.00   0.60   3000  1
 81.66  2     -0.28    2.51    1      1    0   0x00006D06  156.6   0.00   0.60   3000  1
 81.68  2     -0.23    2.52    1      1    0   0x80005906  156.8   0.00   0.60   3000  1
 81.70  2     -0.18    2.40    1      1    0   0x00004506  157.0   0.00   0.60   3000  1
 81.72  2     -0.14    2.19    1      1    0   0x80003506  157.2   0.00   0.60   3000  1
 81.74  2     -0.10    1.91    1      1    0   0x00002506  157.4   0.00   0.60   3000  1
 81.76  2     -0.07    1.59    1      1    0   0x00001906  157.6   0.00   0.60   3000  1
 81.78  2     -0.04    1.25    1      1    0   0x80001106  157.8   0.00   0.60   3000  1
 81.80  2     -0.02    0.92    1      1    0   0x80000906  158.0   0.00   0.60   3000  1
 81.82  2     -0.01    0.60    1      1    0   0x00000106  158.2   0.00   0.60   3000  1
 81.84  2     -0.00    0.32    1      1    0   0x00000106  158.4   0.00   0.60   3000  1
 81.86  2     -0.00    0.07    1      1    0   0x00000106  158.6   0.00   0.60   3000  1
 81.88  2     -0.00   -0.13    1      1    0   0x00000106  158.8   0.00   0.60   3000  1
 81.90  2     -0.01   -0.29    1      1    0   0x80000506  159.0   0.00   0.60   3000  1
 81.92  2     -0.02   -0.41    1      1    0   0x80000506  159.2   0.00   0.60   3000  1
 81.94  2     -0.03   -0.48    1      1    0   0x80000906  159.4   0.00   0.60   3000  1
 81.96  2     -0.04   -0.52    1      1    0   0x00000D06  159.6   0.00   0.60   3000  1
 81.98  2     -0.05   -0.53    1      1    0   0x80001106  159.8   0.00   0.60   3000  1
 82.00  2     -0.06   -0.51    1      1    0   0x00001506  160.0   0.00   0.60   3000  1
 82.02  2     -0.07   -0.47    1      1    0   0x00001906  160.1   0.00   0.60   3000  1
 82.04  2     -0.08   -0.41    1      1    0   0x80001D06  160.3   0.00   0.59   3000  1
 82.06  2     -0.08   -0.35    1      1    0   0x80002106  160.4   0.00   0.59   3000  1
 82.08  2     -0.09   -0.28    1      1    0   0x80002106  160.5   0.00   0.58   3000  1
 82.10  2     -0.09   -0.21    1      1    0   0x00002506  160.7   0.00   0.58   3000  1
 82.12  2     -0.10   -0.14    1      1    0   0x00002506  160.8   0.00   0.58   3000  1
 82.14  2     -0.10   -0.08    1      1    0   0x00002506  160.9   0.00   0.57   3000  1
 82.16  2     -0.10   -0.03    1      1    0   0x00002506  161.1   0.00   0.57   3000  1
 82.18  2     -0.10    0.02    1      1    0   0x00002506  161.2   0.00   0.56   3000  1
 82.20  2     -0.10    0.05    1      1    0   0x00002506  161.3   0.00   0.56   3000  1
 82.22  2     -0.10    0.08    1      1    0   0x00002506  161.5   0.00   0.56   3000  1
 82.24  2     -0.09    0.10    1      1    0   0x00002506  161.6   0.00   0.55   3000  1
 82.26  2     -0.09    0.11    1      1    0   0x00002506  161.7   0.00   0.55   3000  1
 82.28  2     -0.09    0.11    1      1    0   0x80002106  161.9   0.00   0.54   3000  1
 82.30  2     -0.09    0.11    1      1    0   0x80002106  162.0   0.00   0.54   3000  1
 82.32  2     -0.09    0.10    1      1    0   0x80002106  162.1   0.00   0.54   3000  1
 82.34  2     -0.08    0.09    1      1    0   0x80002106  162.3   0.00   0.53   3000  1
 82.36  2     -0.08    0.08    1      1    0   0x80002106  162.4   0.00   0.53   3000  1
 82.38  2     -0.08    0.07    1      1    0   0x80002106  162.5   0.00   0.52   3000  1
 82.40  2     -0.08    0.06    1      1    0   0x80001D06  162.7   0.00   0.52   3000  1
 82.42  2     -0.08    0.04    1      1    0   0x80001D06  162.8   0.00   0.52   3000  1
 82.44  2     -0.08    0.03    1      1    0   0x80001D06  162.9   0.00   0.51   3000  1
 82.46  2     -0.08    0.02    1      1    0   0x80001D06  163.1   0.00   0.51   3000  1
 82.48  2     -0.08    0.01    1      1    0   0x80001D06  163.2   0.00   0.50   3000  1
 82.50  2     -0.08    0.00    1      1    0   0x80001D06  163.3   0.00   0.50   3000  1
 82.52  2     -0.08   -0.01    1      1    0   0x80001D06  163.5   0.00   0.50   3000  1
 82.54  2     -0.08   -0.01    1      1    0   0x80001D06  163.6   0.00   0.49   3000  1
 82.56  2     -0.08   -0.01    1      1    0   0x80001D06  163.7   0.00   0.49   3000  1
 82.58  2     -0.08   -0.02    1      1    0   0x80001D06  163.9   0.00   0.48   3000  1
 82.60  2     -0.08   -0.02    1      1    0   0x80001D06  164.0   0.00   0.48   3000  1
 82.62  2     -0.08   -0.02    1      1    0   0x80001D06  164.1   0.00   0.48   3000  1
 82.64  2     -0.08   -0.01    1      1    0   0x80001D06  164.3   0.00   0.47   3000  1
 82.66  2     -0.08   -0.01    1      1    0   0x80001D06  164.4   0.00   0.47   3000  1
 82.68  2     -0.08   -0.01    1      1    0   0x80001D06  164.5   0.00   0.46   3000  1
 82.70  2     -0.08   -0.01    1      1    0   0x80001D06  164.7   0.00   0.46   3000  1
 82.72  2     -0.08   -0.00    1      1    0   0x80001D06  164.8   0.00   0.46   3000  1
 82.74  2     -0.08   -0.00    1      1    0   0x80001D06  164.9   0.00   0.45   3000  1
 82.76  2     -0.08    0.00    1      1    0   0x80001D06  165.1   0.00   0.45   3000  1
 82.78  2     -0.08    0.00    1      1    0   0x80001D06  165.2   0.00   0.44   3000  1
 82.80  2     -0.08    0.00    1      1    0   0x80001D06  165.3   0.00   0.44   3000  1
 82.82  2     -0.08    0.01    1      1    0   0x80001D06  165.5   0.00   0.44   3000  1
 82.84  2     -0.08    0.01    1      1    0   0x80001D06  165.6   0.00   0.43   3000  1
 82.86  2     -0.08    0.01    1      1    0   0x80001D06  165.7   0.00   0.43   3000  1
 82.88  2     -0.08    0.01    1      1    0   0x80001D06  165.9   0.00   0.42   3000  1
 82.90  2     -0.08    0.01    1      1    0   0x80001D06  166.0   0.00   0.42   3000  1
 82.92  2     -0.08    0.01    1      1    0   0x80001D06  166.1   0.00   0.42   3000  1
 82.94  2     -0.08    0.01    1      1    0   0x80001D06  166.3   0.00   0.41   3000  1
 82.96  2     -0.08    0.01    1      1    0   0x80001D06  166.4   0.00   0.41   3000  1
 82.98  2     -0.08    0.01    1      1    0   0x80001D06  166.5   0.00   0.40   3000  1
 83.00  2     -0.08    0.01    1      1    0   0x80001D06  166.7   0.00   0.40   3000  1
 83.02  2     -0.08    0.01    1      1    0   0x80001D06  166.8   0.00   0.40   3000  1
 83.04  2     -0.08    0.01    1      1    0   0x80001D06  166.9   0.00   0.39   3000  1
 83.06  2     -0.08    0.01    1      1    0   0x80001D06  167.1   0.00   0.39   3000  1
 83.08  2     -0.08    0.01    1      1    0   0x80001D06  167.2   0.00   0.38   3000  1
 83.10  2     -0.08    0.01    1      1    0   0x80001D06  167.3   0.00   0.38   3000  1
 83.12  2     -0.08    0.01    1      1    0   0x80001D06  167.5   0.00   0.38   3000  1
 83.14  2     -0.08    0.00    1      1    0   0x80001D06  167.6   0.00   0.37   3000  1
 83.16  2     -0.08    0.00    1      1    0   0x80001D06  167.7   0.00   0.37   3000  1
 83.18  2     -0.08    0.00    1      1    0   0x80001D06  167.9   0.00   0.36   3000  1
 83.20  2     -0.08    0.00    1      1    0   0x80001D06  168.0   0.00   0.36   3000  1
 83.22  2     -0.08    0.00    1      1    0   0x80001D06  168.1   0.00   0.36   3000  1
 83.24  2     -0.08    0.00    1      1    0   0x80001D06  168.3   0.00   0.35   3000  1
 83.26  2     -0.08    0.00    1      1    0   0x80001D06  168.4   0.00   0.35   3000  1
 83.28  2     -0.08    0.00    1      1    0   0x80001D06  168.5   0.00   0.34   3000  1
 83.30  2     -0.08    0.00    1      1    0   0x80001D06  168.7   0.00   0.34   3000  1
 83.32  2     -0.08    0.00    1      1    0   0x80001D06  168.8   0.00   0.34   3000  1
 83.34  2     -0.08    0.00    1      1    0   0x80001D06  168.9   0.00   0.33   3000  1
 83.36  2     -0.08    0.00    1      1    0   0x80001D06  169.1   0.00   0.33   3000  1
 83.38  2     -0.08    0.00    1      1    0   0x80001D06  169.2   0.00   0.32   3000  1
 83.40  2     -0.08    0.00    1      1    0   0x80001D06  169.3   0.00   0.32   3000  1
 83.42  2     -0.08    0.00    1      1    0   0x80001D06  169.5   0.00   0.32   3000  1
 83.44  2     -0.08    0.00    1      1    0   0x80001D06  169.6   0.00   0.31   3000  1
 83.46  2     -0.08    0.00    1      1    0   0x80001D06  169.7   0.00   0.31   3000  1
 83.48  2     -0.08    0.00    1      1    0   0x80001D06  169.9   0.00   0.30   3000  1
 83.50  2     -0.08    0.00    1      1    0   0x80001D06  170.0   0.00   0.30   3000  1
 83.52  2     -0.08    0.00    1      1    0   0x80001D06  170.1   0.00   0.30   3000  1
 83.54  2     -0.08    0.00    1      1    0   0x80001D06  170.3   0.00   0.29   3000  1
 83.56  2     -0.08    0.00    1      1    0   0x80001D06  170.4   0.00   0.29   3000  1
 83.58  2     -0.08    0.00    1      1    0   0x80001D06  170.5   0.00   0.28   3000  1
 83.60  2     -0.08    0.00    1      1    0   0x80001D06  170.7   0.00   0.28   3000  1
 83.62  2     -0.08    0.00    1      1    0   0x80001D06  170.8   0.00   0.28   3000  1
 83.64  2     -0.08    0.00    1      1    0   0x80001D06  170.9   0.00   0.27   3000  1
 83.66  2     -0.07    0.00    1      1    0   0x80001D06  171.1   0.00   0.27   3000  1
 83.68  2     -0.07    0.00    1      1    0   0x80001D06  171.2   0.00   0.26   3000  1
 83.70  2     -0.07    0.00    1      1    0   0x80001D06  171.3   0.00   0.26   3000  1
 83.72  2     -0.07    0.00    1      1    0   0x80001D06  171.5   0.00   0.26   3000  1
 83.74  2     -0.07    0.00    1      1    0   0x80001D06  171.6   0.00   0.25   3000  1
 83.76  2     -0.07    0.00    1      1    0   0x80001D06  171.7   0.00   0.25   3000  1
 83.78  2     -0.07    0.00    1      1    0   0x80001D06  171.9   0.00   0.24   3000  1
 83.80  2     -0.07    0.00    1      1    0   0x80001D06  172.0   0.00   0.24   3000  1
 83.82  2     -0.07    0.00    1      1    0   0x80001D06  172.1   0.00   0.24   3000  1
 83.84  2     -0.07    0.00    1      1    0   0x80001D06  172.3   0.00   0.23   3000  1
 83.86  2     -0.07    0.00    1      1    0   0x80001D06  172.4   0.00   0.23   3000  1
 83.88  2     -0.07    0.00    1      1    0   0x80001D06  172.5   0.00   0.22   3000  1
 83.90  2     -0.07    0.00    1      1    0   0x80001D06  172.7   0.00   0.22   3000  1
 83.92  2     -0.07    0.00    1      1    0   0x80001D06  172.8   0.00   0.22   3000  1
 83.94  2     -0.07    0.00    1      1    0   0x80001D06  172.9   0.00   0.21   3000  1
 83.96  2     -0.07    0.00    1      1    0   0x80001D06  173.1   0.00   0.21   3000  1
 83.98  2     -0.07    0.00    1      1    0   0x80001D06  173.2   0.00   0.20   3000  1
 84.00  2     -0.07    0.00    1      1    0   0x80001D06  173.3   0.00   0.20   3000  1
 84.02  2     -0.07    0.00    1      1    0   0x80001D06  173.5   0.00   0.20   3000  1
 84.04  2     -0.07    0.00    1      1    0   0x80001D06  173.6   0.00   0.19   3000  1
 84.06  2     -0.07    0.00    1      1    0   0x80001D06  173.7   0.00   0.19   3000  1
 84.08  2     -0.07    0.00    1      1    0   0x80001D06  173.9   0.00   0.18   3000  1
 84.10  2     -0.07    0.00    1      1    0   0x80001D06  174.0   0.00   0.18   3000  1
 84.12  2     -0.07    0.00    1      1    0   0x80001D06  174.1   0.00   0.18   3000  1
 84.14  2     -0.07    0.00    1      1    0   0x80001D06  174.3   0.00   0.17   3000  1
 84.16  2     -0.07    0.00    1      1    0   0x80001D06  174.4   0.00   0.17   3000  1
 84.18  2     -0.07    0.00    1      1    0   0x80001D06  174.5   0.00   0.16   3000  1
 84.20  2     -0.07    0.00    1      1    0   0x80001D06  174.7   0.00   0.16   3000  1
 84.22  2     -0.07    0.00    1      1    0   0x80001D06  174.8   0.00   0.16   3000  1
 84.24  2     -0.07    0.00    1      1    0   0x80001D06  174.9   0.00   0.15   3000  1
 84.26  2     -0.07    0.00    1      1    0   0x80001D06  175.1   0.00   0.15   3000  1
 84.28  2     -0.07    0.00    1      1    0   0x80001D06  175.2   0.00   0.14   3000  1
 84.30  2     -0.07    0.00    1      1    0   0x80001D06  175.3   0.00   0.14   3000  1
 84.32  2     -0.07    0.00    1      1    0   0x80001D06  175.5   0.00   0.14   3000  1
 84.34  2     -0.07    0.00    1      1    0   0x80001D06  175.6   0.00   0.13   3000  1
 84.36  2     -0.07    0.00    1      1    0   0x80001D06  175.7   0.00   0.13   3000  1
 84.38  2     -0.07    0.00    1      1    0   0x80001D06  175.9   0.00   0.12   3000  1
 84.40  2     -0.07    0.00    1      1    0   0x80001D06  176.0   0.00   0.12   3000  1
 84.42  2     -0.07    0.00    1      1    0   0x80001D06  176.1   0.00   0.12   3000  1
 84.44  2     -0.07    0.00    1      1    0   0x80001D06  176.3   0.00   0.11   3000  1
 84.46  2     -0.07    0.00    1      1    0   0x80001D06  176.4   0.00   0.11   3000  1
 84.48  2     -0.07    0.00    1      1    0   0x80001D06  176.5   0.00   0.10   3000  1
 84.50  2     -0.07    0.00    1      1    0   0x80001D06  176.7   0.00   0.10   3000  1
 84.52  2     -0.07    0.00    1      1    0   0x80001D06  176.8   0.00   0.10   3000  1
 84.54  2     -0.07    0.00    1      1    0   0x80001D06  176.9   0.00   0.09   3000  1
 84.56  2     -0.07    0.00    1      1    0   0x80001D06  177.1   0.00   0.09   3000  1
 84.58  2     -0.07    0.00    1      1    0   0x80001D06  177.2   0.00   0.08   3000  1
 84.60  2     -0.07    0.00    1      1    0   0x80001D06  177.3   0.00   0.08   3000  1
 84.62  2     -0.07    0.00    1      1    0   0x80001D06  177.5   0.00   0.08   3000  1
 84.64  2     -0.07    0.00    1      1    0   0x80001D06  177.6   0.00   0.07   3000  1
 84.66  2     -0.07    0.00    1      1    0   0x80001D06  177.7   0.00   0.07   3000  1
 84.68  2     -0.07    0.00    1      1    0   0x80001D06  177.9   0.00   0.06   3000  1
 84.70  2     -0.07    0.00    1      1    0   0x80001D06  178.0   0.00   0.06   3000  1
 84.72  2     -0.07    0.00    1      1    0   0x80001D06  178.1   0.00   0.06   3000  1
 84.74  2     -0.07    0.00    1      1    0   0x80001D06  178.3   0.00   0.05   3000  1
 84.76  2     -0.07    0.00    1      1    0   0x00001906  178.4   0.00   0.05   3000  1
 84.78  2     -0.07    0.00    1      1    0   0x00001906  178.5   0.00   0.04   3000  1
 84.80  2     -0.07    0.00    1      1    0   0x00001906  178.7   0.00   0.04   3000  1
 84.82  2     -0.07    0.00    1      1    0   0x00001906  178.8   0.00   0.04   3000  1
 84.84  2     -0.07    0.00    1      1    0   0x00001906  178.9   0.00   0.03   3000  1
 84.86  2     -0.07    0.00    1      1    0   0x00001906  179.1   0.00   0.03   3000  1
 84.88  2     -0.07    0.00    1      1    0   0x00001906  179.2   0.00   0.02   3000  1
 84.90  2     -0.07    0.00    1      1    0   0x00001906  179.3   0.00   0.02   3000  1
 84.92  2     -0.07    0.00    1      1    0   0x00001906  179.5   0.00   0.02   3000  1
 84.94  2     -0.07    0.00    1      1    0   0x00001906  179.6   0.00   0.01   3000  1
 84.96  2     -0.07    0.00    1      1    0   0x00001906  179.7   0.00   0.01   3000  1
 84.98  2     -0.07    0.00    1      1    0   0x00001906  179.9   0.00   0.00   3000  1
 85.00  2     -0.07    0.00    1      1    0   0x00001906  180.0   0.00   0.00   3000  1
 85.02  2     -0.07    0.00    1      1    0   0x00001906  180.1   0.00   0.00   3000  1
 85.04  2     -0.07    0.00    1      1    0   0x00001906  180.2   0.00   0.00   3000  1
 85.06  2     -0.07    0.00    1      1    0   0x00001906  180.2   0.00   0.00   3000  1
 85.08  2     -0.07    0.00    1      1    0   0x00001906  180.3   0.00   0.00   3000  1
 85.10  2     -0.07    0.00    1      1    0   0x00001906  180.4   0.00   0.00   3000  1
 85.12  2     -0.07    0.00    1      1    0   0x00001906  180.5   0.00   0.00   3000  1
 85.14  2     -0.07    0.00    1      1    0   0x00001906  180.6   0.00   0.00   3000  1
 85.16  2     -0.07    0.00    1      1    0   0x00001906  180.6   0.00   0.00   3000  1
 85.18  2     -0.07    0.00    1      1    0   0x00001906  180.7   0.00   0.00   3000  1
 85.20  2     -0.07    0.00    1      1    0   0x00001906  180.8   0.00   0.00   3000  1
 85.22  2     -0.07    0.00    1      1    0   0x00001906  180.9   0.00   0.00   3000  1
 85.24  2     -0.07    0.00    1      1    0   0x00001906  181.0   0.00   0.00   3000  1
 85.26  2     -0.07    0.00    1      1    0   0x00001906  181.0   0.00   0.00   3000  1
 85.28  2     -0.07    0.00    1      1    0   0x00001906  181.1   0.00   0.00   3000  1
 85.30  2     -0.07    0.00    1      1    0   0x00001906  181.2   0.00   0.00   3000  1
 85.32  2     -0.07    0.00    1      1    0   0x00001906  181.3   0.00   0.00   3000  1
 85.34  2     -0.07    0.00    1      1    0   0x00001906  181.4   0.00   0.00   3000  1
 85.36  2     -0.07    0.00    1      1    0   0x00001906  181.4   0.00   0.00   3000  1
 85.38  2     -0.07    0.00    1      1    0   0x00001906  181.5   0.00   0.00   3000  1
 85.40  2     -0.07    0.00    1      1    0   0x00001906  181.6   0.00   0.00   3000  1
 85.42  2     -0.07    0.00    1      1    0   0x00001906  181.7   0.00   0.00   3000  1
 85.44  2     -0.07    0.00    1      1    0   0x00001906  181.8   0.00   0.00   3000  1
 85.46  2     -0.07    0.00    1      1    0   0x00001906  181.8   0.00   0.00   3000  1
 85.48  2     -0.07    0.00    1      1    0   0x00001906  181.9   0.00   0.00   3000  1
 85.50  2     -0.07    0.00    1      1    0   0x00001906  182.0   0.00   0.00   3000  1
 85.52  2     -0.07    0.00    1      1    0   0x00001906  182.1   0.00   0.00   3000  1
 85.54  2     -0.07    0.00    1      1    0   0x00001906  182.2   0.00   0.00   3000  1
 85.56  2     -0.07    0.00    1      1    0   0x00001906  182.2   0.00   0.00   3000  1
 85.58  2     -0.07    0.00    1      1    0   0x00001906  182.3   0.00   0.00   3000  1
 85.60  2     -0.07    0.00    1      1    0   0x00001906  182.4   0.00   0.00   3000  1
 85.62  2     -0.07    0.00    1      1    0   0x00001906  182.5   0.00   0.00   3000  1
 85.64  2     -0.07    0.00    1      1    0   0x00001906  182.6   0.00   0.00   3000  1
 85.66  2     -0.07    0.00    1      1    0   0x00001906  182.6   0.00   0.00   3000  1
 85.68  2     -0.07    0.00    1      1    0   0x00001906  182.7   0.00   0.00   3000  1
 85.70  2     -0.07    0.00    1      1    0   0x00001906  182.8   0.00   0.00   3000  1
 85.72  2     -0.07    0.00    1      1    0   0x00001906  182.9   0.00   0.00   3000  1
 85.74  2     -0.07    0.00    1      1    0   0x00001906  183.0   0.00   0.00   3000  1
 85.76  2     -0.07    0.00    1      1    0   0x00001906  183.0   0.00   0.00   3000  1
 85.78  2     -0.07    0.00    1      1    0   0x00001906  183.1   0.00   0.00   3000  1
 85.80  2     -0.07    0.00    1      1    0   0x00001906  183.2   0.00   0.00   3000  1
 85.82  2     -0.07    0.00    1      1    0   0x00001906  183.3   0.00   0.00   3000  1
 85.84  2     -0.07    0.00    1      1    0   0x00001906  183.4   0.00   0.00   3000  1
 85.86  2     -0.07    0.00    1      1    0   0x00001906  183.4   0.00   0.00   3000  1
 85.88  2     -0.07    0.00    1      1    0   0x00001906  183.5   0.00   0.00   3000  1
 85.90  2     -0.07    0.00    1      1    0   0x00001906  183.6   0.00   0.00   3000  1
 85.92  2     -0.07    0.00    1      1    0   0x00001906  183.7   0.00   0.00   3000  1
 85.94  2     -0.07    0.00    1      1    0   0x00001906  183.8   0.00   0.00   3000  1
 85.96  2     -0.06    0.00    1      1    0   0x00001906  183.8   0.00   0.00   3000  1
 85.98  2     -0.06    0.00    1      1    0   0x00001906  183.9   0.00   0.00   3000  1
 86.00  2     -0.06    0.00    1      1    0   0x00001906  184.0   0.00   0.00   3000  1
 86.02  2     -0.06    0.00    1      1    0   0x00001906  184.1   0.00   0.00   3000  1
 86.04  2     -0.06    0.00    1      1    0   0x00001906  184.2   0.00   0.00   3000  1
 86.06  2     -0.06    0.00    1      1    0   0x00001906  184.2   0.00   0.00   3000  1
 86.08  2     -0.06    0.00    1      1    0   0x00001906  184.3   0.00   0.00   3000  1
 86.10  2     -0.06    0.00    1      1    0   0x00001906  184.4   0.00   0.00   3000  1
 86.12  2     -0.06    0.00    1      1    0   0x00001906  184.5   0.00   0.00   3000  1
 86.14  2     -0.06    0.00    1      1    0   0x00001906  184.6   0.00   0.00   3000  1
 86.16  2     -0.06    0.00    1      1    0   0x00001906  184.6   0.00   0.00   3000  1
 86.18  2     -0.06    0.00    1      1    0   0x00001906  184.7   0.00   0.00   3000  1
 86.20  2     -0.06    0.00    1      1    0   0x00001906  184.8   0.00   0.00   3000  1
 86.22  2     -0.06    0.00    1      1    0   0x00001906  184.9   0.00   0.00   3000  1
 86.24  2     -0.06    0.00    1      1    0   0x00001906  185.0   0.00   0.00   3000  1
 86.26  2     -0.06    0.00    1      1    0   0x00001906  185.0   0.00   0.00   3000  1
 86.28  2     -0.06    0.00    1      1    0   0x00001906  185.1   0.00   0.00   3000  1
 86.30  2     -0.06    0.00    1      1    0   0x00001906  185.2   0.00   0.00   3000  1
 86.32  2     -0.06    0.00    1      1    0   0x00001906  185.3   0.00   0.00   3000  1
 86.34  2     -0.06    0.00    1      1    0   0x00001906  185.4   0.00   0.00   3000  1
 86.36  2     -0.06    0.00    1      1    0   0x00001906  185.4   0.00   0.00   3000  1
 86.38  2     -0.06    0.00    1      1    0   0x00001906  185.5   0.00   0.00   3000  1
 86.40  2     -0.06    0.00    1      1    0   0x00001906  185.6   0.00   0.00   3000  1
 86.42  2     -0.06    0.00    1      1    0   0x00001906  185.7   0.00   0.00   3000  1
 86.44  2     -0.06    0.00    1      1    0   0x00001906  185.8   0.00   0.00   3000  1
 86.46  2     -0.06    0.00    1      1    0   0x00001906  185.8   0.00   0.00   3000  1
 86.48  2     -0.06    0.00    1      1    0   0x00001906  185.9   0.00   0.00   3000  1
 86.50  2     -0.06    0.00    1      1    0   0x00001906  186.0   0.00   0.00   3000  1
 86.52  2     -0.06    0.00    1      1    0   0x00001906  186.1   0.00   0.00   3000  1
 86.54  2     -0.06    0.00    1      1    0   0x00001906  186.1   0.00   0.00   3000  1
 86.56  2     -0.06    0.00    1      1    0   0x00001906  186.2   0.00   0.00   3000  1
 86.58  2     -0.06    0.00    1      1    0   0x00001906  186.3   0.00   0.00   3000  1
 86.60  2     -0.06    0.00    1      1    0   0x00001906  186.4   0.00   0.00   3000  1
 86.62  2     -0.06    0.00    1      1    0   0x00001906  186.5   0.00   0.00   3000  1
 86.64  2     -0.06    0.00    1      1    0   0x00001906  186.5   0.00   0.00   3000  1
 86.66  2     -0.06    0.00    1      1    0   0x00001906  186.6   0.00   0.00   3000  1
 86.68  2     -0.06    0.00    1      1    0   0x00001906  186.7   0.00   0.00   3000  1
 86.70  2     -0.06    0.00    1      1    0   0x00001906  186.8   0.00   0.00   3000  1
 86.72  2     -0.06    0.00    1      1    0   0x00001906  186.9   0.00   0.00   3000  1
 86.74  2     -0.06    0.00    1      1    0   0x00001906  186.9   0.00   0.00   3000  1
 86.76  2     -0.06    0.00    1      1    0   0x00001906  187.0   0.00   0.00   3000  1
 86.78  2     -0.06    0.00    1      1    0   0x00001906  187.1   0.00   0.00   3000  1
 86.80  2     -0.06    0.00    1      1    0   0x00001906  187.2   0.00   0.00   3000  1
 86.82  2     -0.06    0.00    1      1    0   0x00001906  187.3   0.00   0.00   3000  1
 86.84  2     -0.06    0.00    1      1    0   0x00001906  187.3   0.00   0.00   3000  1
 86.86  2     -0.06    0.00    1      1    0   0x00001906  187.4   0.00   0.00   3000  1
 86.88  2     -0.06    0.00    1      1    0   0x00001906  187.5   0.00   0.00   3000  1
 86.90  2     -0.06    0.00    1      1    0   0x00001906  187.6   0.00   0.00   3000  1
 86.92  2     -0.06    0.00    1      1    0   0x00001906  187.7   0.00   0.00   3000  1
 86.94  2     -0.06    0.00    1      1    0   0x00001906  187.7   0.00   0.00   3000  1
 86.96  2     -0.06    0.00    1      1    0   0x00001906  187.8   0.00   0.00   3000  1
 86.98  2     -0.06    0.00    1      1    0   0x00001906  187.9   0.00   0.00   3000  1
 87.00  2     -0.06    0.00    1      1    0   0x00001906  188.0   0.00   0.00   3000  1
 87.02  2     -0.06    0.00    1      1    0   0x00001906  188.1   0.00   0.00   3000  1
 87.04  2     -0.06    0.00    1      1    0   0x00001906  188.1   0.00   0.00   3000  1
 87.06  2     -0.06    0.00    1      1    0   0x00001906  188.2   0.00   0.00   3000  1
 87.08  2     -0.06    0.00    1      1    0   0x00001906  188.3   0.00   0.00   3000  1
 87.10  2     -0.06    0.00    1      1    0   0x00001906  188.4   0.00   0.00   3000  1
 87.12  2     -0.06    0.00    1      1    0   0x00001906  188.5   0.00   0.00   3000  1
 87.14  2     -0.06    0.00    1      1    0   0x00001906  188.5   0.00   0.00   3000  1
 87.16  2     -0.06    0.00    1      1    0   0x00001906  188.6   0.00   0.00   3000  1
 87.18  2     -0.06    0.00    1      1    0   0x00001906  188.7   0.00   0.00   3000  1
 87.20  2     -0.06    0.00    1      1    0   0x00001906  188.8   0.00   0.00   3000  1
 87.22  2     -0.06    0.00    1      1    0   0x00001906  188.9   0.00   0.00   3000  1
 87.24  2     -0.06    0.00    1      1    0   0x00001506  188.9   0.00   0.00   3000  1
 87.26  2     -0.06    0.00    1      1    0   0x00001506  189.0   0.00   0.00   3000  1
 87.28  2     -0.06    0.00    1      1    0   0x00001506  189.1   0.00   0.00   3000  1
 87.30  2     -0.06    0.00    1      1    0   0x00001506  189.2   0.00   0.00   3000  1
 87.32  2     -0.06    0.00    1      1    0   0x00001506  189.3   0.00   0.00   3000  1
 87.34  2     -0.06    0.00    1      1    0   0x00001506  189.3   0.00   0.00   3000  1
 87.36  2     -0.06    0.00    1      1    0   0x00001506  189.4   0.00   0.00   3000  1
 87.38  2     -0.06    0.00    1      1    0   0x00001506  189.5   0.00   0.00   3000  1
 87.40  2     -0.06    0.00    1      1    0   0x00001506  189.6   0.00   0.00   3000  1
 87.42  2     -0.06    0.00    1      1    0   0x00001506  189.7   0.00   0.00   3000  1
 87.44  2     -0.06    0.00    1      1    0   0x00001506  189.7   0.00   0.00   3000  1
 87.46  2     -0.06    0.00    1      1    0   0x00001506  189.8   0.00   0.00   3000  1
 87.48  2     -0.06    0.00    1      1    0   0x00001506  189.9   0.00   0.00   3000  1
 87.50  2     -0.06    0.00    1      1    0   0x00001506  190.0   0.00   0.00   3000  1
 87.52  2     -0.06    0.00    1      1    0   0x00001506  190.1   0.00   0.00   3000  1
 87.54  2     -0.06    0.00    1      1    0   0x00001506  190.1   0.00   0.00   3000  1
 87.56  2     -0.06    0.00    1      1    0   0x00001506  190.2   0.00   0.00   3000  1
 87.58  2     -0.06    0.00    1      1    0   0x00001506  190.3   0.00   0.00   3000  1
 87.60  2     -0.06    0.00    1      1    0   0x00001506  190.4   0.00   0.00   3000  1
 87.62  2     -0.06    0.00    1      1    0   0x00001506  190.5   0.00   0.00   3000  1
 87.64  2     -0.06    0.00    1      1    0   0x00001506  190.5   0.00   0.00   3000  1
 87.66  2     -0.06    0.00    1      1    0   0x00001506  190.6   0.00   0.00   3000  1
 87.68  2     -0.06    0.00    1      1    0   0x00001506  190.7   0.00   0.00   3000  1
 87.70  2     -0.06    0.00    1      1    0   0x00001506  190.8   0.00   0.00   3000  1
 87.72  2     -0.06    0.00    1      1    0   0x00001506  190.9   0.00   0.00   3000  1
 87.74  2     -0.06    0.00    1      1    0   0x00001506  190.9   0.00   0.00   3000  1
 87.76  2     -0.06    0.00    1      1    0   0x00001506  191.0   0.00   0.00   3000  1
 87.78  2     -0.06    0.00    1      1    0   0x00001506  191.1   0.00   0.00   3000  1
 87.80  2     -0.06    0.00    1      1    0   0x00001506  191.2   0.00   0.00   3000  1
 87.82  2     -0.06    0.00    1      1    0   0x00001506  191.3   0.00   0.00   3000  1
 87.84  2     -0.06    0.00    1      1    0   0x00001506  191.3   0.00   0.00   3000  1
 87.86  2     -0.06    0.00    1      1    0   0x00001506  191.4   0.00   0.00   3000  1
 87.88  2     -0.06    0.00    1      1    0   0x00001506  191.5   0.00   0.00   3000  1
 87.90  2     -0.06    0.00    1      1    0   0x00001506  191.6   0.00   0.00   3000  1
 87.92  2     -0.06    0.00    1      1    0   0x00001506  191.7   0.00   0.00   3000  1
 87.94  2     -0.06    0.00    1      1    0   0x00001506  191.7   0.00   0.00   3000  1
 87.96  2     -0.06    0.00    1      1    0   0x00001506  191.8   0.00   0.00   3000  1
 87.98  2     -0.06    0.00    1      1    0   0x00001506  191.9   0.00   0.00   3000  1
 88.00  2     -0.06    0.00    1      1    0   0x00001506  192.0   0.00   0.00   3000  1
 88.02  2     -0.06    0.00    1      1    0   0x00001506  192.1   0.00   0.00   3000  1
 88.04  2     -0.06    0.00    1      1    0   0x00001506  192.1   0.00   0.00   3000  1
 88.06  2     -0.06    0.00    1      1    0   0x00001506  192.2   0.00   0.00   3000  1
 88.08  2     -0.06    0.00    1      1    0   0x00001506  192.3   0.00   0.00   3000  1
 88.10  2     -0.06    0.00    1      1    0   0x00001506  192.4   0.00   0.00   3000  1
 88.12  2     -0.06    0.00    1      1    0   0x00001506  192.5   0.00   0.00   3000  1
 88.14  2     -0.06    0.00    1      1    0   0x00001506  192.5   0.00   0.00   3000  1
 88.16  2     -0.06    0.00    1      1    0   0x00001506  192.6   0.00   0.00   3000  1
 88.18  2     -0.06    0.00    1      1    0   0x00001506  192.7   0.00   0.00   3000  1
 88.20  2     -0.06    0.00    1      1    0   0x00001506  192.8   0.00   0.00   3000  1
 88.22  2     -0.06    0.00    1      1    0   0x00001506  192.9   0.00   0.00   3000  1
 88.24  2     -0.06    0.00    1      1    0   0x00001506  192.9   0.00   0.00   3000  1
 88.26  2     -0.06    0.00    1      1    0   0x00001506  193.0   0.00   0.00   3000  1
 88.28  2     -0.06    0.00    1      1    0   0x00001506  193.1   0.00   0.00   3000  1
 88.30  2     -0.06    0.00    1      1    0   0x00001506  193.2   0.00   0.00   3000  1
 88.32  2     -0.06    0.00    1      1    0   0x00001506  193.3   0.00   0.00   3000  1
 88.34  2     -0.06    0.00    1      1    0   0x00001506  193.3   0.00   0.00   3000  1
 88.36  2     -0.06    0.00    1      1    0   0x00001506  193.4   0.00   0.00   3000  1
 88.38  2     -0.06    0.00    1      1    0   0x00001506  193.5   0.00   0.00   3000  1
 88.40  2     -0.06    0.00    1      1    0   0x00001506  193.6   0.00   0.00   3000  1
 88.42  2     -0.06    0.00    1      1    0   0x00001506  193.7   0.00   0.00   3000  1
 88.44  2     -0.06    0.00    1      1    0   0x00001506  193.7   0.00   0.00   3000  1
 88.46  2     -0.06    0.00    1      1    0   0x00001506  193.8   0.00   0.00   3000  1
 88.48  2     -0.06    0.00    1      1    0   0x00001506  193.9   0.00   0.00   3000  1
 88.50  2     -0.06    0.00    1      1    0   0x00001506  194.0   0.00   0.00   3000  1
 88.52  2     -0.06    0.00    1      1    0   0x00001506  194.1   0.00   0.00   3000  1
 88.54  2     -0.06    0.00    1      1    0   0x00001506  194.1   0.00   0.00   3000  1
 88.56  2     -0.06    0.00    1      1    0   0x00001506  194.2   0.00   0.00   3000  1
 88.58  2     -0.06    0.00    1      1    0   0x00001506  194.3   0.00   0.00   3000  1
 88.60  2     -0.06    0.00    1      1    0   0x00001506  194.4   0.00   0.00   3000  1
 88.62  2     -0.05    0.00    1      1    0   0x00001506  194.5   0.00   0.00   3000  1
 88.64  2     -0.05    0.00    1      1    0   0x00001506  194.5   0.00   0.00   3000  1
 88.66  2     -0.05    0.00    1      1    0   0x00001506  194.6   0.00   0.00   3000  1
 88.68  2     -0.05    0.00    1      1    0   0x00001506  194.7   0.00   0.00   3000  1
 88.70  2     -0.05    0.00    1      1    0   0x00001506  194.8   0.00   0.00   3000  1
 88.72  2     -0.05    0.00    1      1    0   0x00001506  194.9   0.00   0.00   3000  1
 88.74  2     -0.05    0.00    1      1    0   0x00001506  194.9   0.00   0.00   3000  1
 88.76  2     -0.05    0.00    1      1    0   0x00001506  195.0   0.00   0.00   3000  1
 88.78  2     -0.05    0.00    1      1    0   0x00001506  195.1   0.00   0.00   3000  1
 88.80  2     -0.05    0.00    1      1    0   0x00001506  195.2   0.00   0.00   3000  1
 88.82  2     -0.05    0.00    1      1    0   0x00001506  195.3   0.00   0.00   3000  1
 88.84  2     -0.05    0.00    1      1    0   0x00001506  195.3   0.00   0.00   3000  1
 88.86  2     -0.05    0.00    1      1    0   0x00001506  195.4   0.00   0.00   3000  1
 88.88  2     -0.05    0.00    1      1    0   0x00001506  195.5   0.00   0.00   3000  1
 88.90  2     -0.05    0.00    1      1    0   0x00001506  195.6   0.00   0.00   3000  1
 88.92  2     -0.05    0.00    1      1    0   0x00001506  195.7   0.00   0.00   3000  1
 88.94  2     -0.05    0.00    1      1    0   0x00001506  195.7   0.00   0.00   3000  1
 88.96  2     -0.05    0.00    1      1    0   0x00001506  195.8   0.00   0.00   3000  1
 88.98  2     -0.05    0.00    1      1    0   0x00001506  195.9   0.00   0.00   3000  1
 89.00  2     -0.05    0.00    1      1    0   0x00001506  196.0   0.00   0.00   3000  1
 89.02  2     -0.05    0.00    1      1    0   0x00001506  196.1   0.00   0.00   3000  1
 89.04  2     -0.05    0.00    1      1    0   0x00001506  196.1   0.00   0.00   3000  1
 89.06  2     -0.05    0.00    1      1    0   0x00001506  196.2   0.00   0.00   3000  1
 89.08  2     -0.05    0.00    1      1    0   0x00001506  196.3   0.00   0.00   3000  1
 89.10  2     -0.05    0.00    1      1    0   0x00001506  196.4   0.00   0.00   3000  1
 89.12  2     -0.05    0.00    1      1    0   0x00001506  196.5   0.00   0.00   3000  1
 89.14  2     -0.05    0.00    1      1    0   0x00001506  196.5   0.00   0.00   3000  1
 89.16  2     -0.05    0.00    1      1    0   0x00001506  196.6   0.00   0.00   3000  1
 89.18  2     -0.05    0.00    1      1    0   0x00001506  196.7   0.00   0.00   3000  1
 89.20  2     -0.05    0.00    1      1    0   0x00001506  196.8   0.00   0.00   3000  1
 89.22  2     -0.05    0.00    1      1    0   0x00001506  196.9   0.00   0.00   3000  1
 89.24  2     -0.05    0.00    1      1    0   0x00001506  196.9   0.00   0.00   3000  1
 89.26  2     -0.05    0.00    1      1    0   0x00001506  197.0   0.00   0.00   3000  1
 89.28  2     -0.05    0.00    1      1    0   0x00001506  197.1   0.00   0.00   3000  1
 89.30  2     -0.05    0.00    1      1    0   0x00001506  197.2   0.00   0.00   3000  1
 89.32  2     -0.05    0.00    1      1    0   0x00001506  197.3   0.00   0.00   3000  1
 89.34  2     -0.05    0.00    1      1    0   0x00001506  197.3   0.00   0.00   3000  1
 89.36  2     -0.05    0.00    1      1    0   0x00001506  197.4   0.00   0.00   3000  1
 89.38  2     -0.05    0.00    1      1    0   0x00001506  197.5   0.00   0.00   3000  1
 89.40  2     -0.05    0.00    1      1    0   0x00001506  197.6   0.00   0.00   3000  1
 89.42  2     -0.05    0.00    1      1    0   0x00001506  197.7   0.00   0.00   3000  1
 89.44  2     -0.05    0.00    1      1    0   0x00001506  197.7   0.00   0.00   3000  1
 89.46  2     -0.05    0.00    1      1    0   0x00001506  197.8   0.00   0.00   3000  1
 89.48  2     -0.05    0.00    1      1    0   0x00001506  197.9   0.00   0.00   3000  1
 89.50  2     -0.05    0.00    1      1    0   0x00001506  198.0   0.00   0.00   3000  1
 89.52  2     -0.05    0.00    1      1    0   0x00001506  198.1   0.00   0.00   3000  1
 89.54  2     -0.05    0.00    1      1    0   0x00001506  198.1   0.00   0.00   3000  1
 89.56  2     -0.05    0.00    1      1    0   0x00001506  198.2   0.00   0.00   3000  1
 89.58  2     -0.05    0.00    1      1    0   0x00001506  198.3   0.00   0.00   3000  1
 89.60  2     -0.05    0.00    1      1    0   0x00001506  198.4   0.00   0.00   3000  1
 89.62  2     -0.05    0.00    1      1    0   0x00001506  198.5   0.00   0.00   3000  1
 89.64  2     -0.05    0.00    1      1    0   0x00001506  198.5   0.00   0.00   3000  1
 89.66  2     -0.05    0.00    1      1    0   0x00001506  198.6   0.00   0.00   3000  1
 89.68  2     -0.05    0.00    1      1    0   0x00001506  198.7   0.00   0.00   3000  1
 89.70  2     -0.05    0.00    1      1    0   0x00001506  198.8   0.00   0.00   3000  1
 89.72  2     -0.05    0.00    1      1    0   0x00001506  198.9   0.00   0.00   3000  1
 89.74  2     -0.05    0.00    1      1    0   0x00001506  198.9   0.00   0.00   3000  1
 89.76  2     -0.05    0.00    1      1    0   0x00001506  199.0   0.00   0.00   3000  1
 89.78  2     -0.05    0.00    1      1    0   0x00001506  199.1   0.00   0.00   3000  1
 89.80  2     -0.05    0.00    1      1    0   0x00001506  199.2   0.00   0.00   3000  1
 89.82  2     -0.05    0.00    1      1    0   0x00001506  199.3   0.00   0.00   3000  1
 89.84  2     -0.05    0.00    1      1    0   0x00001506  199.3   0.00   0.00   3000  1
 89.86  2     -0.05    0.00    1      1    0   0x00001506  199.4   0.00   0.00   3000  1
 89.88  2     -0.05    0.00    1      1    0   0x00001506  199.5   0.00   0.00   3000  1
 89.90  2     -0.05    0.00    1      1    0   0x00001506  199.6   0.00   0.00   3000  1
 89.92  2     -0.05    0.00    1      1    0   0x00001506  199.7   0.00   0.00   3000  1
 89.94  2     -0.05    0.00    1      1    0   0x00001506  199.7   0.00   0.00   3000  1
 89.96  2     -0.05    0.00    1      1    0   0x00001506  199.8   0.00   0.00   3000  1
 89.98  2     -0.05    0.00    1      1    0   0x00001506  199.9   0.00   0.00   3000  1
 90.00  2     -0.05    0.00    1      1    0   0x00001506  200.0   0.00   0.00   3000  1
 90.02  2     -0.05    0.00    1      1    0   0x00001506  200.1   0.00   0.00   3000  1
 90.04  2     -0.05    0.00    1      1    0   0x00001506  200.1   0.00   0.00   3000  1
 90.06  2     -0.05    0.00    1      1    0   0x00001506  200.2   0.00   0.00   3000  1
 90.08  2     -0.05    0.00    1      1    0   0x00001506  200.3   0.00   0.00   3000  1
 90.10  2     -0.05    0.00    1      1    0   0x00001506  200.4   0.00   0.00   3000  1
 90.12  2     -0.05    0.00    1      1    0   0x00001506  200.5   0.00   0.00   3000  1
 90.14  2     -0.05    0.00    1      1    0   0x00001506  200.5   0.00   0.00   3000  1
 90.16  2     -0.05    0.00    1      1    0   0x80001106  200.6   0.00   0.00   3000  1
 90.18  2     -0.05    0.00    1      1    0   0x80001106  200.7   0.00   0.00   3000  1
 90.20  2     -0.05    0.00    1      1    0   0x80001106  200.8   0.00   0.00   3000  1
 90.22  2     -0.05    0.00    1      1    0   0x80001106  200.9   0.00   0.00   3000  1
 90.24  2     -0.05    0.00    1      1    0   0x80001106  200.9   0.00   0.00   3000  1
 90.26  2     -0.05    0.00    1      1    0   0x80001106  201.0   0.00   0.00   3000  1
 90.28  2     -0.05    0.00    1      1    0   0x80001106  201.1   0.00   0.00   3000  1
 90.30  2     -0.05    0.00    1      1    0   0x80001106  201.2   0.00   0.00   3000  1
 90.32  2     -0.05    0.00    1      1    0   0x80001106  201.3   0.00   0.00   3000  1
 90.34  2     -0.05    0.00    1      1    0   0x80001106  201.3   0.00   0.00   3000  1
 90.36  2     -0.05    0.00    1      1    0   0x80001106  201.4   0.00   0.00   3000  1
 90.38  2     -0.05    0.00    1      1    0   0x80001106  201.5   0.00   0.00   3000  1
 90.40  2     -0.05    0.00    1      1    0   0x80001106  201.6   0.00   0.00   3000  1
 90.42  2     -0.05    0.00    1      1    0   0x80001106  201.7   0.00   0.00   3000  1
 90.44  2     -0.05    0.00    1      1    0   0x80001106  201.7   0.00   0.00   3000  1
 90.46  2     -0.05    0.00    1      1    0   0x80001106  201.8   0.00   0.00   3000  1
 90.48  2     -0.05    0.00    1      1    0   0x80001106  201.9   0.00   0.00   3000  1
 90.50  2     -0.05    0.00    1      1    0   0x80001106  202.0   0.00   0.00   3000  1
 90.52  2     -0.05    0.00    1      1    0   0x80001106  202.1   0.00   0.00   3000  1
 90.54  2     -0.05    0.00    1      1    0   0x80001106  202.1   0.00   0.00   3000  1
 90.56  2     -0.05    0.00    1      1    0   0x80001106  202.2   0.00   0.00   3000  1
 90.58  2     -0.05    0.00    1      1    0   0x80001106  202.3   0.00   0.00   3000  1
 90.60  2     -0.05    0.00    1      1    0   0x80001106  202.4   0.00   0.00   3000  1
 90.62  2     -0.05    0.00    1      1    0   0x80001106  202.5   0.00   0.00   3000  1
 90.64  2     -0.05    0.00    1      1    0   0x80001106  202.5   0.00   0.00   3000  1
 90.66  2     -0.05    0.00    1      1    0   0x80001106  202.6   0.00   0.00   3000  1
 90.68  2     -0.05    0.00    1      1    0   0x80001106  202.7   0.00   0.00   3000  1
 90.70  2     -0.05    0.00    1      1    0   0x80001106  202.8   0.00   0.00   3000  1
 90.72  2     -0.05    0.00    1      1    0   0x80001106  202.9   0.00   0.00   3000  1
 90.74  2     -0.05    0.00    1      1    0   0x80001106  202.9   0.00   0.00   3000  1
 90.76  2     -0.05    0.00    1      1    0   0x80001106  203.0   0.00   0.00   3000  1
 90.78  2     -0.05    0.00    1      1    0   0x80001106  203.1   0.00   0.00   3000  1
 90.80  2     -0.05    0.00    1      1    0   0x80001106  203.2   0.00   0.00   3000  1
 90.82  2     -0.05    0.00    1      1    0   0x80001106  203.3   0.00   0.00   3000  1
 90.84  2     -0.05    0.00    1      1    0   0x80001106  203.3   0.00   0.00   3000  1
 90.86  2     -0.05    0.00    1      1    0   0x80001106  203.4   0.00   0.00   3000  1
 90.88  2     -0.05    0.00    1      1    0   0x80001106  203.5   0.00   0.00   3000  1
 90.90  2     -0.05    0.00    1      1    0   0x80001106  203.6   0.00   0.00   3000  1
 90.92  2     -0.05    0.00    1      1    0   0x80001106  203.7   0.00   0.00   3000  1
 90.94  2     -0.05    0.00    1      1    0   0x80001106  203.7   0.00   0.00   3000  1
 90.96  2     -0.05    0.00    1      1    0   0x80001106  203.8   0.00   0.00   3000  1
 90.98  2     -0.05    0.00    1      1    0   0x80001106  203.9   0.00   0.00   3000  1
 91.00  2     -0.05    0.00    1      1    0   0x80001106  204.0   0.00   0.00   3000  1
 91.02  2     -0.05    0.00    1      1    0   0x80001106  204.1   0.00   0.00   3000  1
 91.04  2     -0.05    0.00    1      1    0   0x80001106  204.1   0.00   0.00   3000  1
 91.06  2     -0.05    0.00    1      1    0   0x80001106  204.2   0.00   0.00   3000  1
 91.08  2     -0.05    0.00    1      1    0   0x80001106  204.3   0.00   0.00   3000  1
 91.10  2     -0.05    0.00    1      1    0   0x80001106  204.4   0.00   0.00   3000  1
 91.12  2     -0.05    0.00    1      1    0   0x80001106  204.5   0.00   0.00   3000  1
 91.14  2     -0.05    0.00    1      1    0   0x80001106  204.5   0.00   0.00   3000  1
 91.16  2     -0.05    0.00    1      1    0   0x80001106  204.6   0.00   0.00   3000  1
 91.18  2     -0.05    0.00    1      1    0   0x80001106  204.7   0.00   0.00   3000  1
 91.20  2     -0.05    0.00    1      1    0   0x80001106  204.8   0.00   0.00   3000  1
 91.22  2     -0.05    0.00    1      1    0   0x80001106  204.9   0.00   0.00   3000  1
 91.24  2     -0.05    0.00    1      1    0   0x80001106  204.9   0.00   0.00   3000  1
 91.26  2     -0.05    0.00    1      1    0   0x80001106  205.0   0.00   0.00   3000  1
 91.28  2     -0.05    0.00    1      1    0   0x80001106  205.1   0.00   0.00   3000  1
 91.30  2     -0.05    0.00    1      1    0   0x80001106  205.2   0.00   0.00   3000  1
 91.32  2     -0.05    0.00    1      1    0   0x80001106  205.3   0.00   0.00   3000  1
 91.34  2     -0.05    0.00    1      1    0   0x80001106  205.3   0.00   0.00   3000  1
 91.36  2     -0.05    0.00    1      1    0   0x80001106  205.4   0.00   0.00   3000  1
 91.38  2     -0.05    0.00    1      1    0   0x80001106  205.5   0.00   0.00   3000  1
 91.40  2     -0.05    0.00    1      1    0   0x80001106  205.6   0.00   0.00   3000  1
 91.42  2     -0.05    0.00    1      1    0   0x80001106  205.7   0.00   0.00   3000  1
 91.44  2     -0.05    0.00    1      1    0   0x80001106  205.7   0.00   0.00   3000  1
 91.46  2     -0.05    0.00    1      1    0   0x80001106  205.8   0.00   0.00   3000  1
 91.48  2     -0.05    0.00    1      1    0   0x80001106  205.9   0.00   0.00   3000  1
 91.50  2     -0.05    0.00    1      1    0   0x80001106  206.0   0.00   0.00   3000  1
 91.52  2     -0.05    0.00    1      1    0   0x80001106  206.1   0.00   0.00   3000  1
 91.54  2     -0.05    0.00    1      1    0   0x80001106  206.1   0.00   0.00   3000  1
 91.56  2     -0.05    0.00    1      1    0   0x80001106  206.2   0.00   0.00   3000  1
 91.58  2     -0.05    0.00    1      1    0   0x80001106  206.3   0.00   0.00   3000  1
 91.60  2     -0.05    0.00    1      1    0   0x80001106  206.4   0.00   0.00   3000  1
 91.62  2     -0.05    0.00    1      1    0   0x80001106  206.5   0.00   0.00   3000  1
 91.64  2     -0.05    0.00    1      1    0   0x80001106  206.5   0.00   0.00   3000  1
 91.66  2     -0.05    0.00    1      1    0   0x80001106  206.6   0.00   0.00   3000  1
 91.68  2     -0.05    0.00    1      1    0   0x80001106  206.7   0.00   0.00   3000  1
 91.70  2     -0.05    0.00    1      1    0   0x80001106  206.8   0.00   0.00   3000  1
 91.72  2     -0.05    0.00    1      1    0   0x80001106  206.9   0.00   0.00   3000  1
 91.74  2     -0.05    0.00    1      1    0   0x80001106  206.9   0.00   0.00   3000  1
 91.76  2     -0.05    0.00    1      1    0   0x80001106  207.0   0.00   0.00   3000  1
 91.78  2     -0.05    0.00    1      1    0   0x80001106  207.1   0.00   0.00   3000  1
 91.80  2     -0.05    0.00    1      1    0   0x80001106  207.2   0.00   0.00   3000  1
 91.82  2     -0.05    0.00    1      1    0   0x80001106  207.3   0.00   0.00   3000  1
 91.84  2     -0.05    0.00    1      1    0   0x80001106  207.3   0.00   0.00   3000  1
 91.86  2     -0.04    0.00    1      1    0   0x80001106  207.4   0.00   0.00   3000  1
 91.88  2     -0.04    0.00    1      1    0   0x80001106  207.5   0.00   0.00   3000  1
 91.90  2     -0.04    0.00    1      1    0   0x80001106  207.6   0.00   0.00   3000  1
 91.92  2     -0.04    0.00    1      1    0   0x80001106  207.7   0.00   0.00   3000  1
 91.94  2     -0.04    0.00    1      1    0   0x80001106  207.7   0.00   0.00   3000  1
 91.96  2     -0.04    0.00    1      1    0   0x80001106  207.8   0.00   0.00   3000  1
 91.98  2     -0.04    0.00    1      1    0   0x80001106  207.9   0.00   0.00   3000  1
 92.00  2     -0.04    0.00    1      1    0   0x80001106  208.0   0.00   0.00   3000  1
 92.02  2     -0.04    0.00    1      1    0   0x80001106  208.1   0.00   0.00   3000  1
 92.04  2     -0.04    0.00    1      1    0   0x80001106  208.1   0.00   0.00   3000  1
 92.06  2     -0.04    0.00    1      1    0   0x80001106  208.2   0.00   0.00   3000  1
 92.08  2     -0.04    0.00    1      1    0   0x80001106  208.3   0.00   0.00   3000  1
 92.10  2     -0.04    0.00    1      1    0   0x80001106  208.4   0.00   0.00   3000  1
 92.12  2     -0.04    0.00    1      1    0   0x80001106  208.5   0.00   0.00   3000  1
 92.14  2     -0.04    0.00    1      1    0   0x80001106  208.5   0.00   0.00   3000  1
 92.16  2     -0.04    0.00    1      1    0   0x80001106  208.6   0.00   0.00   3000  1
 92.18  2     -0.04    0.00    1      1    0   0x80001106  208.7   0.00   0.00   3000  1
 92.20  2     -0.04    0.00    1      1    0   0x80001106  208.8   0.00   0.00   3000  1
 92.22  2     -0.04    0.00    1      1    0   0x80001106  208.9   0.00   0.00   3000  1
 92.24  2     -0.04    0.00    1      1    0   0x80001106  208.9   0.00   0.00   3000  1
 92.26  2     -0.04    0.00    1      1    0   0x80001106  209.0   0.00   0.00   3000  1
 92.28  2     -0.04    0.00    1      1    0   0x80001106  209.1   0.00   0.00   3000  1
 92.30  2     -0.04    0.00    1      1    0   0x80001106  209.2   0.00   0.00   3000  1
 92.32  2     -0.04    0.00    1      1    0   0x80001106  209.3   0.00   0.00   3000  1
 92.34  2     -0.04    0.00    1      1    0   0x80001106  209.3   0.00   0.00   3000  1
 92.36  2     -0.04    0.00    1      1    0   0x80001106  209.4   0.00   0.00   3000  1
 92.38  2     -0.04    0.00    1      1    0   0x80001106  209.5   0.00   0.00   3000  1
 92.40  2     -0.04    0.00    1      1    0   0x80001106  209.6   0.00   0.00   3000  1
 92.42  2     -0.04    0.00    1      1    0   0x80001106  209.7   0.00   0.00   3000  1
 92.44  2     -0.04    0.00    1      1    0   0x80001106  209.7   0.00   0.00   3000  1
 92.46  2     -0.04    0.00    1      1    0   0x80001106  209.8   0.00   0.00   3000  1
 92.48  2     -0.04    0.00    1      1    0   0x80001106  209.9   0.00   0.00   3000  1
 92.50  2     -0.04    0.00    1      1    0   0x80001106  210.0   0.00   0.00   3000  1
 92.52  2     -0.04    0.00    1      1    0   0x80001106  210.1   0.00   0.00   3000  1
 92.54  2     -0.04    0.00    1      1    0   0x80001106  210.1   0.00   0.00   3000  1
 92.56  2     -0.04    0.00    1      1    0   0x80001106  210.2   0.00   0.00   3000  1
 92.58  2     -0.04    0.00    1      1    0   0x80001106  210.3   0.00   0.00   3000  1
 92.60  2     -0.04    0.00    1      1    0   0x80001106  210.4   0.00   0.00   3000  1
 92.62  2     -0.04    0.00    1      1    0   0x80001106  210.5   0.00   0.00   3000  1
 92.64  2     -0.04    0.00    1      1    0   0x80001106  210.5   0.00   0.00   3000  1
 92.66  2     -0.04    0.00    1      1    0   0x80001106  210.6   0.00   0.00   3000  1
 92.68  2     -0.04    0.00    1      1    0   0x80001106  210.7   0.00   0.00   3000  1
 92.70  2     -0.04    0.00    1      1    0   0x80001106  210.8   0.00   0.00   3000  1
 92.72  2     -0.04    0.00    1      1    0   0x80001106  210.9   0.00   0.00   3000  1
 92.74  2     -0.04    0.00    1      1    0   0x80001106  210.9   0.00   0.00   3000  1
 92.76  2     -0.04    0.00    1      1    0   0x80001106  211.0   0.00   0.00   3000  1
 92.78  2     -0.04    0.00    1      1    0   0x80001106  211.1   0.00   0.00   3000  1
 92.80  2     -0.04    0.00    1      1    0   0x80001106  211.2   0.00   0.00   3000  1
 92.82  2     -0.04    0.00    1      1    0   0x80001106  211.3   0.00   0.00   3000  1
 92.84  2     -0.04    0.00    1      1    0   0x80001106  211.3   0.00   0.00   3000  1
 92.86  2     -0.04    0.00    1      1    0   0x80001106  211.4   0.00   0.00   3000  1
 92.88  2     -0.04    0.00    1      1    0   0x80001106  211.5   0.00   0.00   3000  1
 92.90  2     -0.04    0.00    1      1    0   0x80001106  211.6   0.00   0.00   3000  1
 92.92  2     -0.04    0.00    1      1    0   0x80001106  211.7   0.00   0.00   3000  1
 92.94  2     -0.04    0.00    1      1    0   0x80001106  211.7   0.00   0.00   3000  1
 92.96  2     -0.04    0.00    1      1    0   0x80001106  211.8   0.00   0.00   3000  1
 92.98  2     -0.04    0.00    1      1    0   0x80001106  211.9   0.00   0.00   3000  1
 93.00  2     -0.04    0.00    1      1    0   0x80001106  212.0   0.00   0.00   3000  1
 93.02  2     -0.04    0.00    1      1    0   0x80001106  212.1   0.00   0.00   3000  1
 93.04  2     -0.04    0.00    1      1    0   0x80001106  212.1   0.00   0.00   3000  1
 93.06  2     -0.04    0.00    1      1    0   0x80001106  212.2   0.00   0.00   3000  1
 93.08  2     -0.04    0.00    1      1    0   0x80001106  212.3   0.00   0.00   3000  1
 93.10  2     -0.04    0.00    1      1    0   0x80001106  212.4   0.00   0.00   3000  1
 93.12  2     -0.04    0.00    1      1    0   0x80001106  212.5   0.00   0.00   3000  1
 93.14  2     -0.04    0.00    1      1    0   0x80001106  212.5   0.00   0.00   3000  1
 93.16  2     -0.04    0.00    1      1    0   0x80001106  212.6   0.00   0.00   3000  1
 93.18  2     -0.04    0.00    1      1    0   0x80001106  212.7   0.00   0.00   3000  1
 93.20  2     -0.04    0.00    1      1    0   0x80001106  212.8   0.00   0.00   3000  1
 93.22  2     -0.04    0.00    1      1    0   0x80001106  212.9   0.00   0.00   3000  1
 93.24  2     -0.04    0.00    1      1    0   0x80001106  212.9   0.00   0.00   3000  1
 93.26  2     -0.04    0.00    1      1    0   0x80001106  213.0   0.00   0.00   3000  1
 93.28  2     -0.04    0.00    1      1    0   0x80001106  213.1   0.00   0.00   3000  1
 93.30  2     -0.04    0.00    1      1    0   0x80001106  213.2   0.00   0.00   3000  1
 93.32  2     -0.04    0.00    1      1    0   0x80001106  213.3   0.00   0.00   3000  1
 93.34  2     -0.04    0.00    1      1    0   0x80001106  213.3   0.00   0.00   3000  1
 93.36  2     -0.04    0.00    1      1    0   0x80001106  213.4   0.00   0.00   3000  1
 93.38  2     -0.04    0.00    1      1    0   0x80001106  213.5   0.00   0.00   3000  1
 93.40  2     -0.04    0.00    1      1    0   0x80001106  213.6   0.00   0.00   3000  1
 93.42  2     -0.04    0.00    1      1    0   0x80001106  213.7   0.00   0.00   3000  1
 93.44  2     -0.04    0.00    1      1    0   0x80001106  213.7   0.00   0.00   3000  1
 93.46  2     -0.04    0.00    1      1    0   0x80001106  213.8   0.00   0.00   3000  1
 93.48  2     -0.04    0.00    1      1    0   0x80001106  213.9   0.00   0.00   3000  1
 93.50  2     -0.04    0.00    1      1    0   0x80001106  214.0   0.00   0.00   3000  1
 93.52  2     -0.04    0.00    1      1    0   0x80001106  214.1   0.00   0.00   3000  1
 93.54  2     -0.04    0.00    1      1    0   0x80001106  214.1   0.00   0.00   3000  1
 93.56  2     -0.04    0.00    1      1    0   0x80001106  214.2   0.00   0.00   3000  1
 93.58  2     -0.04    0.00    1      1    0   0x80001106  214.3   0.00   0.00   3000  1
 93.60  2     -0.04    0.00    1      1    0   0x80001106  214.4   0.00   0.00   3000  1
 93.62  2     -0.04    0.00    1      1    0   0x80001106  214.5   0.00   0.00   3000  1
 93.64  2     -0.04    0.00    1      1    0   0x80001106  214.5   0.00   0.00   3000  1
 93.66  2     -0.04    0.00    1      1    0   0x80001106  214.6   0.00   0.00   3000  1
 93.68  2     -0.04    0.00    1      1    0   0x80001106  214.7   0.00   0.00   3000  1
 93.70  2     -0.04    0.00    1      1    0   0x80001106  214.8   0.00   0.00   3000  1
 93.72  2     -0.04    0.00    1      1    0   0x80001106  214.9   0.00   0.00   3000  1
 93.74  2     -0.04    0.00    1      1    0   0x00000D06  214.9   0.00   0.00   3000  1
 93.76  2     -0.04    0.00    1      1    0   0x00000D06  215.0   0.00   0.00   3000  1
 93.78  2     -0.04    0.00    1      1    0   0x00000D06  215.1   0.00   0.00   3000  1
 93.80  2     -0.04    0.00    1      1    0   0x00000D06  215.2   0.00   0.00   3000  1
 93.82  2     -0.04    0.00    1      1    0   0x00000D06  215.3   0.00   0.00   3000  1
 93.84  2     -0.04    0.00    1      1    0   0x00000D06  215.3   0.00   0.00   3000  1
 93.86  2     -0.04    0.00    1      1    0   0x00000D06  215.4   0.00   0.00   3000  1
 93.88  2     -0.04    0.00    1      1    0   0x00000D06  215.5   0.00   0.00   3000  1
 93.90  2     -0.04    0.00    1      1    0   0x00000D06  215.6   0.00   0.00   3000  1
 93.92  2     -0.04    0.00    1      1    0   0x00000D06  215.7   0.00   0.00   3000  1
 93.94  2     -0.04    0.00    1      1    0   0x00000D06  215.7   0.00   0.00   3000  1
 93.96  2     -0.04    0.00    1      1    0   0x00000D06  215.8   0.00   0.00   3000  1
 93.98  2     -0.04    0.00    1      1    0   0x00000D06  215.9   0.00   0.00   3000  1
 94.00  2     -0.04    0.00    1      1    0   0x00000D06  216.0   0.00   0.00   3000  1
 94.02  2     -0.04    0.00    1      1    0   0x00000D06  216.1   0.00   0.00   3000  1
 94.04  2     -0.04    0.00    1      1    0   0x00000D06  216.1   0.00   0.00   3000  1
 94.06  2     -0.04    0.00    1      1    0   0x00000D06  216.2   0.00   0.00   3000  1
 94.08  2     -0.04    0.00    1      1    0   0x00000D06  216.3   0.00   0.00   3000  1
 94.10  2     -0.04    0.00    1      1    0   0x00000D06  216.4   0.00   0.00   3000  1
 94.12  2     -0.04    0.00    1      1    0   0x00000D06  216.5   0.00   0.00   3000  1
 94.14  2     -0.04    0.00    1      1    0   0x00000D06  216.5   0.00   0.00   3000  1
 94.16  2     -0.04    0.00    1      1    0   0x00000D06  216.6   0.00   0.00   3000  1
 94.18  2     -0.04    0.00    1      1    0   0x00000D06  216.7   0.00   0.00   3000  1
 94.20  2     -0.04    0.00    1      1    0   0x00000D06  216.8   0.00   0.00   3000  1
 94.22  2     -0.04    0.00    1      1    0   0x00000D06  216.9   0.00   0.00   3000  1
 94.24  2     -0.04    0.00    1      1    0   0x00000D06  216.9   0.00   0.00   3000  1
 94.26  2     -0.04    0.00    1      1    0   0x00000D06  217.0   0.00   0.00   3000  1
 94.28  2     -0.04    0.00    1      1    0   0x00000D06  217.1   0.00   0.00   3000  1
 94.30  2     -0.04    0.00    1      1    0   0x00000D06  217.2   0.00   0.00   3000  1
 94.32  2     -0.04    0.00    1      1    0   0x00000D06  217.3   0.00   0.00   3000  1
 94.34  2     -0.04    0.00    1      1    0   0x00000D06  217.3   0.00   0.00   3000  1
 94.36  2     -0.04    0.00    1      1    0   0x00000D06  217.4   0.00   0.00   3000  1
 94.38  2     -0.04    0.00    1      1    0   0x00000D06  217.5   0.00   0.00   3000  1
 94.40  2     -0.04    0.00    1      1    0   0x00000D06  217.6   0.00   0.00   3000  1
 94.42  2     -0.04    0.00    1      1    0   0x00000D06  217.7   0.00   0.00   3000  1
 94.44  2     -0.04    0.00    1      1    0   0x00000D06  217.7   0.00   0.00   3000  1
 94.46  2     -0.04    0.00    1      1    0   0x00000D06  217.8   0.00   0.00   3000  1
 94.48  2     -0.04    0.00    1      1    0   0x00000D06  217.9   0.00   0.00   3000  1
 94.50  2     -0.04    0.00    1      1    0   0x00000D06  218.0   0.00   0.00   3000  1
 94.52  2     -0.04    0.00    1      1    0   0x00000D06  218.1   0.00   0.00   3000  1
 94.54  2     -0.04    0.00    1      1    0   0x00000D06  218.1   0.00   0.00   3000  1
 94.56  2     -0.04    0.00    1      1    0   0x00000D06  218.2   0.00   0.00   3000  1
 94.58  2     -0.04    0.00    1      1    0   0x00000D06  218.3   0.00   0.00   3000  1
 94.60  2     -0.04    0.00    1      1    0   0x00000D06  218.4   0.00   0.00   3000  1
 94.62  2     -0.04    0.00    1      1    0   0x00000D06  218.5   0.00   0.00   3000  1
 94.64  2     -0.04    0.00    1      1    0   0x00000D06  218.5   0.00   0.00   3000  1
 94.66  2     -0.04    0.00    1      1    0   0x00000D06  218.6   0.00   0.00   3000  1
 94.68  2     -0.04    0.00    1      1    0   0x00000D06  218.7   0.00   0.00   3000  1
 94.70  2     -0.04    0.00    1      1    0   0x00000D06  218.8   0.00   0.00   3000  1
 94.72  2     -0.04    0.00    1      1    0   0x00000D06  218.9   0.00   0.00   3000  1
 94.74  2     -0.04    0.00    1      1    0   0x00000D06  218.9   0.00   0.00   3000  1
 94.76  2     -0.04    0.00    1      1    0   0x00000D06  219.0   0.00   0.00   3000  1
 94.78  2     -0.04    0.00    1      1    0   0x00000D06  219.1   0.00   0.00   3000  1
 94.80  2     -0.04    0.00    1      1    0   0x00000D06  219.2   0.00   0.00   3000  1
 94.82  2     -0.04    0.00    1      1    0   0x00000D06  219.3   0.00   0.00   3000  1
 94.84  2     -0.04    0.00    1      1    0   0x00000D06  219.3   0.00   0.00   3000  1
 94.86  2     -0.04    0.00    1      1    0   0x00000D06  219.4   0.00   0.00   3000  1
 94.88  2     -0.04    0.00    1      1    0   0x00000D06  219.5   0.00   0.00   3000  1
 94.90  2     -0.04    0.00    1      1    0   0x00000D06  219.6   0.00   0.00   3000  1
 94.92  2     -0.04    0.00    1      1    0   0x00000D06  219.7   0.00   0.00   3000  1
 94.94  2     -0.04    0.00    1      1    0   0x00000D06  219.7   0.00   0.00   3000  1
 94.96  2     -0.04    0.00    1      1    0   0x00000D06  219.8   0.00   0.00   3000  1
 94.98  2     -0.04    0.00    1      1    0   0x00000D06  219.9   0.00   0.00   3000  1
 95.00  2     -0.04    0.00    1      1    0   0x00000D06  220.0   0.00   0.00   3000  1
 95.02  2     -0.04    0.00    1      1    0   0x00000D06  220.1   0.00   0.00   3000  1
 95.04  2     -0.04    0.00    1      1    0   0x00000D06  220.1   0.00   0.00   3000  1
 95.06  2     -0.04    0.00    1      1    0   0x00000D06  220.2   0.00   0.00   3000  1
 95.08  2     -0.04    0.00    1      1    0   0x00000D06  220.3   0.00   0.00   3000  1
 95.10  2     -0.04    0.00    1      1    0   0x00000D06  220.4   0.00   0.00   3000  1
 95.12  2     -0.04    0.00    1      1    0   0x00000D06  220.5   0.00   0.00   3000  1
 95.14  2     -0.04    0.00    1      1    0   0x00000D06  220.5   0.00   0.00   3000  1
 95.16  2     -0.04    0.00    1      1    0   0x00000D06  220.6   0.00   0.00   3000  1
 95.18  2     -0.04    0.00    1      1    0   0x00000D06  220.7   0.00   0.00   3000  1
 95.20  2     -0.04    0.00    1      1    0   0x00000D06  220.8   0.00   0.00   3000  1
 95.22  2     -0.04    0.00    1      1    0   0x00000D06  220.9   0.00   0.00   3000  1
 95.24  2     -0.04    0.00    1      1    0   0x00000D06  220.9   0.00   0.00   3000  1
 95.26  2     -0.04    0.00    1      1    0   0x00000D06  221.0   0.00   0.00   3000  1
 95.28  2     -0.04    0.00    1      1    0   0x00000D06  221.1   0.00   0.00   3000  1
 95.30  2     -0.04    0.00    1      1    0   0x00000D06  221.2   0.00   0.00   3000  1
 95.32  2     -0.04    0.00    1      1    0   0x00000D06  221.3   0.00   0.00   3000  1
 95.34  2     -0.04    0.00    1      1    0   0x00000D06  221.3   0.00   0.00   3000  1
 95.36  2     -0.04    0.00    1      1    0   0x00000D06  221.4   0.00   0.00   3000  1
 95.38  2     -0.04    0.00    1      1    0   0x00000D06  221.5   0.00   0.00   3000  1
 95.40  2     -0.04    0.00    1      1    0   0x00000D06  221.6   0.00   0.00   3000  1
 95.42  2     -0.04    0.00    1      1    0   0x00000D06  221.7   0.00   0.00   3000  1
 95.44  2     -0.04    0.00    1      1    0   0x00000D06  221.7   0.00   0.00   3000  1
 95.46  2     -0.04    0.00    1      1    0   0x00000D06  221.8   0.00   0.00   3000  1
 95.48  2     -0.04    0.00    1      1    0   0x00000D06  221.9   0.00   0.00   3000  1
 95.50  2     -0.04    0.00    1      1    0   0x00000D06  222.0   0.00   0.00   3000  1
 95.52  2     -0.04    0.00    1      1    0   0x00000D06  222.1   0.00   0.00   3000  1
 95.54  2     -0.04    0.00    1      1    0   0x00000D06  222.1   0.00   0.00   3000  1
 95.56  2     -0.04    0.00    1      1    0   0x00000D06  222.2   0.00   0.00   3000  1
 95.58  2     -0.04    0.00    1      1    0   0x00000D06  222.3   0.00   0.00   3000  1
 95.60  2     -0.04    0.00    1      1    0   0x00000D06  222.4   0.00   0.00   3000  1
 95.62  2     -0.04    0.00    1      1    0   0x00000D06  222.5   0.00   0.00   3000  1
 95.64  2     -0.04    0.00    1      1    0   0x00000D06  222.5   0.00   0.00   3000  1
 95.66  2     -0.04    0.00    1      1    0   0x00000D06  222.6   0.00   0.00   3000  1
 95.68  2     -0.04    0.00    1      1    0   0x00000D06  222.7   0.00   0.00   3000  1
 95.70  2     -0.04    0.00    1      1    0   0x00000D06  222.8   0.00   0.00   3000  1
 95.72  2     -0.04    0.00    1      1    0   0x00000D06  222.9   0.00   0.00   3000  1
 95.74  2     -0.04    0.00    1      1    0   0x00000D06  222.9   0.00   0.00   3000  1
 95.76  2     -0.04    0.00    1      1    0   0x00000D06  223.0   0.00   0.00   3000  1
 95.78  2     -0.04    0.00    1      1    0   0x00000D06  223.1   0.00   0.00   3000  1
 95.80  2     -0.04    0.00    1      1    0   0x00000D06  223.2   0.00   0.00   3000  1
 95.82  2     -0.04    0.00    1      1    0   0x00000D06  223.3   0.00   0.00   3000  1
 95.84  2     -0.03    0.00    1      1    0   0x00000D06  223.3   0.00   0.00   3000  1
 95.86  2     -0.03    0.00    1      1    0   0x00000D06  223.4   0.00   0.00   3000  1
 95.88  2     -0.03    0.00    1      1    0   0x00000D06  223.5   0.00   0.00   3000  1
 95.90  2     -0.03    0.00    1      1    0   0x00000D06  223.6   0.00   0.00   3000  1
 95.92  2     -0.03    0.00    1      1    0   0x00000D06  223.7   0.00   0.00   3000  1
 95.94  2     -0.03    0.00    1      1    0   0x00000D06  223.7   0.00   0.00   3000  1
 95.96  2     -0.03    0.00    1      1    0   0x00000D06  223.8   0.00   0.00   3000  1
 95.98  2     -0.03    0.00    1      1    0   0x00000D06  223.9   0.00   0.00   3000  1
 96.00  2     -0.03    0.00    1      1    0   0x00000D06  224.0   0.00   0.00   3000  1
 96.02  2     -0.03    0.00    1      1    0   0x00000D06  224.1   0.00   0.00   3000  1
 96.04  2     -0.03    0.00    1      1    0   0x00000D06  224.1   0.00   0.00   3000  1
 96.06  2     -0.03    0.00    1      1    0   0x00000D06  224.2   0.00   0.00   3000  1
 96.08  2     -0.03    0.00    1      1    0   0x00000D06  224.3   0.00   0.00   3000  1
 96.10  2     -0.03    0.00    1      1    0   0x00000D06  224.4   0.00   0.00   3000  1
 96.12  2     -0.03    0.00    1      1    0   0x00000D06  224.5   0.00   0.00   3000  1
 96.14  2     -0.03    0.00    1      1    0   0x00000D06  224.5   0.00   0.00   3000  1
 96.16  2     -0.03    0.00    1      1    0   0x00000D06  224.6   0.00   0.00   3000  1
 96.18  2     -0.03    0.00    1      1    0   0x00000D06  224.7   0.00   0.00   3000  1
 96.20  2     -0.03    0.00    1      1    0   0x00000D06  224.8   0.00   0.00   3000  1
 96.22  2     -0.03    0.00    1      1    0   0x00000D06  224.9   0.00   0.00   3000  1
 96.24  2     -0.03    0.00    1      1    0   0x00000D06  224.9   0.00   0.00   3000  1
 96.26  2     -0.03    0.00    1      1    0   0x00000D06  225.0   0.00   0.00   3000  1
 96.28  2     -0.03    0.00    1      1    0   0x00000D06  225.1   0.00   0.00   3000  1
 96.30  2     -0.03    0.00    1      1    0   0x00000D06  225.2   0.00   0.00   3000  1
 96.32  2     -0.03    0.00    1      1    0   0x00000D06  225.3   0.00   0.00   3000  1
 96.34  2     -0.03    0.00    1      1    0   0x00000D06  225.3   0.00   0.00   3000  1
 96.36  2     -0.03    0.00    1      1    0   0x00000D06  225.4   0.00   0.00   3000  1
 96.38  2     -0.03    0.00    1      1    0   0x00000D06  225.5   0.00   0.00   3000  1
 96.40  2     -0.03    0.00    1      1    0   0x00000D06  225.6   0.00   0.00   3000  1
 96.42  2     -0.03    0.00    1      1    0   0x00000D06  225.7   0.00   0.00   3000  1
 96.44  2     -0.03    0.00    1      1    0   0x00000D06  225.7   0.00   0.00   3000  1
 96.46  2     -0.03    0.00    1      1    0   0x00000D06  225.8   0.00   0.00   3000  1
 96.48  2     -0.03    0.00    1      1    0   0x00000D06  225.9   0.00   0.00   3000  1
 96.50  2     -0.03    0.00    1      1    0   0x00000D06  226.0   0.00   0.00   3000  1
 96.52  2     -0.03    0.00    1      1    0   0x00000D06  226.1   0.00   0.00   3000  1
 96.54  2     -0.03    0.00    1      1    0   0x00000D06  226.1   0.00   0.00   3000  1
 96.56  2     -0.03    0.00    1      1    0   0x00000D06  226.2   0.00   0.00   3000  1
 96.58  2     -0.03    0.00    1      1    0   0x00000D06  226.3   0.00   0.00   3000  1
 96.60  2     -0.03    0.00    1      1    0   0x00000D06  226.4   0.00   0.00   3000  1
 96.62  2     -0.03    0.00    1      1    0   0x00000D06  226.5   0.00   0.00   3000  1
 96.64  2     -0.03    0.00    1      1    0   0x00000D06  226.5   0.00   0.00   3000  1
 96.66  2     -0.03    0.00    1      1    0   0x00000D06  226.6   0.00   0.00   3000  1
 96.68  2     -0.03    0.00    1      1    0   0x00000D06  226.7   0.00   0.00   3000  1
 96.70  2     -0.03    0.00    1      1    0   0x00000D06  226.8   0.00   0.00   3000  1
 96.72  2     -0.03    0.00    1      1    0   0x00000D06  226.9   0.00   0.00   3000  1
 96.74  2     -0.03    0.00    1      1    0   0x00000D06  226.9   0.00   0.00   3000  1
 96.76  2     -0.03    0.00    1      1    0   0x00000D06  227.0   0.00   0.00   3000  1
 96.78  2     -0.03    0.00    1      1    0   0x00000D06  227.1   0.00   0.00   3000  1
 96.80  2     -0.03    0.00    1      1    0   0x00000D06  227.2   0.00   0.00   3000  1
 96.82  2     -0.03    0.00    1      1    0   0x00000D06  227.3   0.00   0.00   3000  1
 96.84  2     -0.03    0.00    1      1    0   0x00000D06  227.3   0.00   0.00   3000  1
 96.86  2     -0.03    0.00    1      1    0   0x00000D06  227.4   0.00   0.00   3000  1
 96.88  2     -0.03    0.00    1      1    0   0x00000D06  227.5   0.00   0.00   3000  1
 96.90  2     -0.03    0.00    1      1    0   0x00000D06  227.6   0.00   0.00   3000  1
 96.92  2     -0.03    0.00    1      1    0   0x00000D06  227.7   0.00   0.00   3000  1
 96.94  2     -0.03    0.00    1      1    0   0x00000D06  227.7   0.00   0.00   3000  1
 96.96  2     -0.03    0.00    1      1    0   0x00000D06  227.8   0.00   0.00   3000  1
 96.98  2     -0.03    0.00    1      1    0   0x00000D06  227.9   0.00   0.00   3000  1
 97.00  2     -0.03    0.00    1      1    0   0x00000D06  228.0   0.00   0.00   3000  1
 97.02  2     -0.03    0.00    1      1    0   0x00000D06  228.1   0.00   0.00   3000  1
 97.04  2     -0.03    0.00    1      1    0   0x00000D06  228.1   0.00   0.00   3000  1
 97.06  2     -0.03    0.00    1      1    0   0x00000D06  228.2   0.00   0.00   3000  1
 97.08  2     -0.03    0.00    1      1    0   0x00000D06  228.3   0.00   0.00   3000  1
 97.10  2     -0.03    0.00    1      1    0   0x00000D06  228.4   0.00   0.00   3000  1
 97.12  2     -0.03    0.00    1      1    0   0x00000D06  228.5   0.00   0.00   3000  1
 97.14  2     -0.03    0.00    1      1    0   0x00000D06  228.5   0.00   0.00   3000  1
 97.16  2     -0.03    0.00    1      1    0   0x00000D06  228.6   0.00   0.00   3000  1
 97.18  2     -0.03    0.00    1      1    0   0x00000D06  228.7   0.00   0.00   3000  1
 97.20  2     -0.03    0.00    1      1    0   0x00000D06  228.8   0.00   0.00   3000  1
 97.22  2     -0.03    0.00    1      1    0   0x00000D06  228.9   0.00   0.00   3000  1
 97.24  2     -0.03    0.00    1      1    0   0x00000D06  228.9   0.00   0.00   3000  1
 97.26  2     -0.03    0.00    1      1    0   0x00000D06  229.0   0.00   0.00   3000  1
 97.28  2     -0.03    0.00    1      1    0   0x00000D06  229.1   0.00   0.00   3000  1
 97.30  2     -0.03    0.00    1      1    0   0x00000D06  229.2   0.00   0.00   3000  1
 97.32  2     -0.03    0.00    1      1    0   0x00000D06  229.3   0.00   0.00   3000  1
 97.34  2     -0.03    0.00    1      1    0   0x00000D06  229.3   0.00   0.00   3000  1
 97.36  2     -0.03    0.00    1      1    0   0x00000D06  229.4   0.00   0.00   3000  1
 97.38  2     -0.03    0.00    1      1    0   0x00000D06  229.5   0.00   0.00   3000  1
 97.40  2     -0.03    0.00    1      1    0   0x00000D06  229.6   0.00   0.00   3000  1
 97.42  2     -0.03    0.00    1      1    0   0x00000D06  229.7   0.00   0.00   3000  1
 97.44  2     -0.03    0.00    1      1    0   0x00000D06  229.7   0.00   0.00   3000  1
 97.46  2     -0.03    0.00    1      1    0   0x00000D06  229.8   0.00   0.00   3000  1
 97.48  2     -0.03    0.00    1      1    0   0x00000D06  229.9   0.00   0.00   3000  1
 97.50  2     -0.03    0.00    1      1    0   0x00000D06  230.0   0.00   0.00   3000  1
 97.52  2     -0.03    0.00    1      1    0   0x00000D06  230.1   0.00   0.00   3000  1
 97.54  2     -0.03    0.00    1      1    0   0x00000D06  230.1   0.00   0.00   3000  1
 97.56  2     -0.03    0.00    1      1    0   0x00000D06  230.2   0.00   0.00   3000  1
 97.58  2     -0.03    0.00    1      1    0   0x00000D06  230.3   0.00   0.00   3000  1
 97.60  2     -0.03    0.00    1      1    0   0x00000D06  230.4   0.00   0.00   3000  1
 97.62  2     -0.03    0.00    1      1    0   0x00000D06  230.5   0.00   0.00   3000  1
 97.64  2     -0.03    0.00    1      1    0   0x00000D06  230.5   0.00   0.00   3000  1
 97.66  2     -0.03    0.00    1      1    0   0x00000D06  230.6   0.00   0.00   3000  1
 97.68  2     -0.03    0.00    1      1    0   0x00000D06  230.7   0.00   0.00   3000  1
 97.70  2     -0.03    0.00    1      1    0   0x00000D06  230.8   0.00   0.00   3000  1
 97.72  2     -0.03    0.00    1      1    0   0x00000D06  230.9   0.00   0.00   3000  1
 97.74  2     -0.03    0.00    1      1    0   0x00000D06  230.9   0.00   0.00   3000  1
 97.76  2     -0.03    0.00    1      1    0   0x00000D06  231.0   0.00   0.00   3000  1
 97.78  2     -0.03    0.00    1      1    0   0x00000D06  231.1   0.00   0.00   3000  1
 97.80  2     -0.03    0.00    1      1    0   0x00000D06  231.2   0.00   0.00   3000  1
 97.82  2     -0.03    0.00    1      1    0   0x00000D06  231.3   0.00   0.00   3000  1
 97.84  2     -0.03    0.00    1      1    0   0x00000D06  231.3   0.00   0.00   3000  1
 97.86  2     -0.03    0.00    1      1    0   0x00000D06  231.4   0.00   0.00   3000  1
 97.88  2     -0.03    0.00    1      1    0   0x00000D06  231.5   0.00   0.00   3000  1
 97.90  2     -0.03    0.00    1      1    0   0x00000D06  231.6   0.00   0.00   3000  1
 97.92  2     -0.03    0.00    1      1    0   0x00000D06  231.7   0.00   0.00   3000  1
 97.94  2     -0.03    0.00    1      1    0   0x00000D06  231.7   0.00   0.00   3000  1
 97.96  2     -0.03    0.00    1      1    0   0x00000D06  231.8   0.00   0.00   3000  1
 97.98  2     -0.03    0.00    1      1    0   0x00000D06  231.9   0.00   0.00   3000  1
 98.00  2     -0.03    0.00    1      1    0   0x00000D06  232.0   0.00   0.00   3000  1
 98.02  2     -0.03    0.00    1      1    0   0x00000D06  232.1   0.00   0.00   3000  1
 98.04  2     -0.03    0.00    1      1    0   0x00000D06  232.1   0.00   0.00   3000  1
 98.06  2     -0.03    0.00    1      1    0   0x00000D06  232.2   0.00   0.00   3000  1
 98.08  2     -0.03    0.00    1      1    0   0x00000D06  232.3   0.00   0.00   3000  1
 98.10  2     -0.03    0.00    1      1    0   0x00000D06  232.4   0.00   0.00   3000  1
 98.12  2     -0.03    0.00    1      1    0   0x00000D06  232.5   0.00   0.00   3000  1
 98.14  2     -0.03    0.00    1      1    0   0x00000D06  232.5   0.00   0.00   3000  1
 98.16  2     -0.03    0.00    1      1    0   0x00000D06  232.6   0.00   0.00   3000  1
 98.18  2     -0.03    0.00    1      1    0   0x00000D06  232.7   0.00   0.00   3000  1
 98.20  2     -0.03    0.00    1      1    0   0x00000D06  232.8   0.00   0.00   3000  1
 98.22  2     -0.03    0.00    1      1    0   0x00000D06  232.9   0.00   0.00   3000  1
 98.24  2     -0.03    0.00    1      1    0   0x00000D06  232.9   0.00   0.00   3000  1
 98.26  2     -0.03    0.00    1      1    0   0x80000906  233.0   0.00   0.00   3000  1
 98.28  2     -0.03    0.00    1      1    0   0x80000906  233.1   0.00   0.00   3000  1
 98.30  2     -0.03    0.00    1      1    0   0x80000906  233.2   0.00   0.00   3000  1
 98.32  2     -0.03    0.00    1      1    0   0x80000906  233.3   0.00   0.00   3000  1
 98.34  2     -0.03    0.00    1      1    0   0x80000906  233.3   0.00   0.00   3000  1
 98.36  2     -0.03    0.00    1      1    0   0x80000906  233.4   0.00   0.00   3000  1
 98.38  2     -0.03    0.00    1      1    0   0x80000906  233.5   0.00   0.00   3000  1
 98.40  2     -0.03    0.00    1      1    0   0x80000906  233.6   0.00   0.00   3000  1
 98.42  2     -0.03    0.00    1      1    0   0x80000906  233.7   0.00   0.00   3000  1
 98.44  2     -0.03    0.00    1      1    0   0x80000906  233.7   0.00   0.00   3000  1
 98.46  2     -0.03    0.00    1      1    0   0x80000906  233.8   0.00   0.00   3000  1
 98.48  2     -0.03    0.00    1      1    0   0x80000906  233.9   0.00   0.00   3000  1
 98.50  2     -0.03    0.00    1      1    0   0x80000906  234.0   0.00   0.00   3000  1
 98.52  2     -0.03    0.00    1      1    0   0x80000906  234.1   0.00   0.00   3000  1
 98.54  2     -0.03    0.00    1      1    0   0x80000906  234.1   0.00   0.00   3000  1
 98.56  2     -0.03    0.00    1      1    0   0x80000906  234.2   0.00   0.00   3000  1
 98.58  2     -0.03    0.00    1      1    0   0x80000906  234.3   0.00   0.00   3000  1
 98.60  2     -0.03    0.00    1      1    0   0x80000906  234.4   0.00   0.00   3000  1
 98.62  2     -0.03    0.00    1      1    0   0x80000906  234.5   0.00   0.00   3000  1
 98.64  2     -0.03    0.00    1      1    0   0x80000906  234.5   0.00   0.00   3000  1
 98.66  2     -0.03    0.00    1      1    0   0x80000906  234.6   0.00   0.00   3000  1
 98.68  2     -0.03    0.00    1      1    0   0x80000906  234.7   0.00   0.00   3000  1
 98.70  2     -0.03    0.00    1      1    0   0x80000906  234.8   0.00   0.00   3000  1
 98.72  2     -0.03    0.00    1      1    0   0x80000906  234.9   0.00   0.00   3000  1
 98.74  2     -0.03    0.00    1      1    0   0x80000906  234.9   0.00   0.00   3000  1
 98.76  2     -0.03    0.00    1      1    0   0x80000906  235.0   0.00   0.00   3000  1
 98.78  2     -0.03    0.00    1      1    0   0x80000906  235.1   0.00   0.00   3000  1
 98.80  2     -0.03    0.00    1      1    0   0x80000906  235.2   0.00   0.00   3000  1
 98.82  2     -0.03    0.00    1      1    0   0x80000906  235.3   0.00   0.00   3000  1
 98.84  2     -0.03    0.00    1      1    0   0x80000906  235.3   0.00   0.00   3000  1
 98.86  2     -0.03    0.00    1      1    0   0x80000906  235.4   0.00   0.00   3000  1
 98.88  2     -0.03    0.00    1      1    0   0x80000906  235.5   0.00   0.00   3000  1
 98.90  2     -0.03    0.00    1      1    0   0x80000906  235.6   0.00   0.00   3000  1
 98.92  2     -0.03    0.00    1      1    0   0x80000906  235.7   0.00   0.00   3000  1
 98.94  2     -0.03    0.00    1      1    0   0x80000906  235.7   0.00   0.00   3000  1
 98.96  2     -0.03    0.00    1      1    0   0x80000906  235.8   0.00   0.00   3000  1
 98.98  2     -0.03    0.00    1      1    0   0x80000906  235.9   0.00   0.00   3000  1
 99.00  2     -0.03    0.00    1      1    0   0x80000906  236.0   0.00   0.00   3000  1
 99.02  2     -0.03    0.00    1      1    0   0x80000906  236.1   0.00   0.00   3000  1
 99.04  2     -0.03    0.00    1      1    0   0x80000906  236.1   0.00   0.00   3000  1
 99.06  2     -0.03    0.00    1      1    0   0x80000906  236.2   0.00   0.00   3000  1
 99.08  2     -0.03    0.00    1      1    0   0x80000906  236.3   0.00   0.00   3000  1
 99.10  2     -0.03    0.00    1      1    0   0x80000906  236.4   0.00   0.00   3000  1
 99.12  2     -0.03    0.00    1      1    0   0x80000906  236.5   0.00   0.00   3000  1
 99.14  2     -0.03    0.00    1      1    0   0x80000906  236.5   0.00   0.00   3000  1
 99.16  2     -0.03    0.00    1      1    0   0x80000906  236.6   0.00   0.00   3000  1
 99.18  2     -0.03    0.00    1      1    0   0x80000906  236.7   0.00   0.00   3000  1
 99.20  2     -0.03    0.00    1      1    0   0x80000906  236.8   0.00   0.00   3000  1
 99.22  2     -0.03    0.00    1      1    0   0x80000906  236.9   0.00   0.00   3000  1
 99.24  2     -0.03    0.00    1      1    0   0x80000906  236.9   0.00   0.00   3000  1
 99.26  2     -0.03    0.00    1      1    0   0x80000906  237.0   0.00   0.00   3000  1
 99.28  2     -0.03    0.00    1      1    0   0x80000906  237.1   0.00   0.00   3000  1
 99.30  2     -0.03    0.00    1      1    0   0x80000906  237.2   0.00   0.00   3000  1
 99.32  2     -0.03    0.00    1      1    0   0x80000906  237.3   0.00   0.00   3000  1
 99.34  2     -0.03    0.00    1      1    0   0x80000906  237.3   0.00   0.00   3000  1
 99.36  2     -0.03    0.00    1      1    0   0x80000906  237.4   0.00   0.00   3000  1
 99.38  2     -0.03    0.00    1      1    0   0x80000906  237.5   0.00   0.00   3000  1
 99.40  2     -0.03    0.00    1      1    0   0x80000906  237.6   0.00   0.00   3000  1
 99.42  2     -0.03    0.00    1      1    0   0x80000906  237.7   0.00   0.00   3000  1
 99.44  2     -0.03    0.00    1      1    0   0x80000906  237.7   0.00   0.00   3000  1
 99.46  2     -0.03    0.00    1      1    0   0x80000906  237.8   0.00   0.00   3000  1
 99.48  2     -0.03    0.00    1      1    0   0x80000906  237.9   0.00   0.00   3000  1
 99.50  2     -0.03    0.00    1      1    0   0x80000906  238.0   0.00   0.00   3000  1
 99.52  2     -0.03    0.00    1      1    0   0x80000906  238.1   0.00   0.00   3000  1
 99.54  2     -0.03    0.00    1      1    0   0x80000906  238.1   0.00   0.00   3000  1
 99.56  2     -0.03    0.00    1      1    0   0x80000906  238.2   0.00   0.00   3000  1
 99.58  2     -0.03    0.00    1      1    0   0x80000906  238.3   0.00   0.00   3000  1
 99.60  2     -0.03    0.00    1      1    0   0x80000906  238.4   0.00   0.00   3000  1
 99.62  2     -0.03    0.00    1      1    0   0x80000906  238.5   0.00   0.00   3000  1
 99.64  2     -0.03    0.00    1      1    0   0x80000906  238.5   0.00   0.00   3000  1
 99.66  2     -0.03    0.00    1      1    0   0x80000906  238.6   0.00   0.00   3000  1
 99.68  2     -0.03    0.00    1      1    0   0x80000906  238.7   0.00   0.00   3000  1
 99.70  2     -0.03    0.00    1      1    0   0x80000906  238.8   0.00   0.00   3000  1
 99.72  2     -0.03    0.00    1      1    0   0x80000906  238.9   0.00   0.00   3000  1
 99.74  2     -0.03    0.00    1      1    0   0x80000906  238.9   0.00   0.00   3000  1
 99.76  2     -0.03    0.00    1      1    0   0x80000906  239.0   0.00   0.00   3000  1
 99.78  2     -0.03    0.00    1      1    0   0x80000906  239.1   0.00   0.00   3000  1
 99.80  2     -0.03    0.00    1      1    0   0x80000906  239.2   0.00   0.00   3000  1
 99.82  2     -0.03    0.00    1      1    0   0x80000906  239.3   0.00   0.00   3000  1
 99.84  2     -0.03    0.00    1      1    0   0x80000906  239.3   0.00   0.00   3000  1
 99.86  2     -0.03    0.00    1      1    0   0x80000906  239.4   0.00   0.00   3000  1
 99.88  2     -0.03    0.00    1      1    0   0x80000906  239.5   0.00   0.00   3000  1
 99.90  2     -0.03    0.00    1      1    0   0x80000906  239.6   0.00   0.00   3000  1
 99.92  2     -0.03    0.00    1      1    0   0x80000906  239.7   0.00   0.00   3000  1
 99.94  2     -0.03    0.00    1      1    0   0x80000906  239.7   0.00   0.00   3000  1
 99.96  2     -0.03    0.00    1      1    0   0x80000906  239.8   0.00   0.00   3000  1
 99.98  2     -0.03    0.00    1      1    0   0x80000906  239.9   0.00   0.00   3000  1
100.00  2     -0.03    0.00    1      1    0   0x80000906  240.0   0.00   0.00   3000  1
100.02  2     -0.03    0.00    1      1    3   0xFFFFFFFF  240.0   0.00   0.00   3000  1
100.04  2     -0.03    0.00    1      1    3   0xFFFFFFFF  240.1   0.00   0.00   3000  1
100.06  2     -0.03    0.00    1      1    3   0xFFFFFFFF  240.1   0.00   0.00   3000  1
100.08  2     -0.03    0.00    1      1    3   0xFFFFFFFF  240.2   0.00   0.00   3000  1
100.10  2     -0.03    0.00    1      1    3   0xFFFFFFFF  240.2   0.00   0.00   3000  1
100.12  2     -0.03    0.00    1      1    3   0xFFFFFFFF  240.2   0.00   0.00   3000  1
100.14  2     -0.03    0.00    1      1    3   0xFFFFFFFF  240.3   0.00   0.00   3000  1
100.16  2     -0.03    0.00    1      1    3   0xFFFFFFFF  240.3   0.00   0.00   3000  1
100.18  2     -0.03    0.00    1      1    3   0xFFFFFFFF  240.4   0.00   0.00   3000  1
100.20  2     -0.03    0.00    1      1    3   0xFFFFFFFF  240.4   0.00   0.00   3000  1
100.22  2     -0.03    0.00    1      1    3   0xFFFFFFFF  240.4   0.00   0.00   3000  1
100.24  2     -0.03    0.00    1      1    3   0xFFFFFFFF  240.5   0.00   0.00   3000  1
100.26  2     -0.03    0.00    1      1    3   0xFFFFFFFF  240.5   0.00   0.00   3000  1
100.28  2     -0.03    0.00    1      1    3   0xFFFFFFFF  240.6   0.00   0.00   3000  1
100.30  2     -0.03    0.00    1      1    3   0xFFFFFFFF  240.6   0.00   0.00   3000  1
100.32  2     -0.03    0.00    1      1    3   0xFFFFFFFF  240.6   0.00   0.00   3000  1
100.34  2     -0.03    0.00    1      1    3   0xFFFFFFFF  240.7   0.00   0.00   3000  1
100.36  2     -0.03    0.00    1      1    3   0xFFFFFFFF  240.7   0.00   0.00   3000  1
100.38  2     -0.03    0.00    1      1    3   0xFFFFFFFF  240.8   0.00   0.00   3000  1
100.40  2     -0.03    0.00    1      1    3   0xFFFFFFFF  240.8   0.00   0.00   3000  1
100.42  2     -0.03    0.00    1      1    3   0xFFFFFFFF  240.8   0.00   0.00   3000  1
100.44  2     -0.03    0.00    1      1    3   0xFFFFFFFF  240.9   0.00   0.00   3000  1
100.46  2     -0.03    0.00    1      1    3   0xFFFFFFFF  240.9   0.00   0.00   3000  1
100.48  2     -0.03    0.00    1      1    3   0xFFFFFFFF  241.0   0.00   0.00   3000  1
100.50  2     -0.03    0.00    1      1    3   0xFFFFFFFF  241.0   0.00   0.00   3000  1
100.52  2     -0.03    0.00    1      1    3   0xFFFFFFFF  241.0   0.00   0.00   3000  1
100.54  2     -0.03    0.00    1      1    3   0xFFFFFFFF  241.1   0.00   0.00   3000  1
100.56  2     -0.03    0.00    1      1    3   0xFFFFFFFF  241.1   0.00   0.00   3000  1
100.58  2     -0.03    0.00    1      1    3   0xFFFFFFFF  241.2   0.00   0.00   3000  1
100.60  2     -0.03    0.00    1      1    3   0xFFFFFFFF  241.2   0.00   0.00   3000  1
100.62  2     -0.03    0.00    1      1    3   0xFFFFFFFF  241.2   0.00   0.00   3000  1
100.64  2     -0.03    0.00    1      1    3   0xFFFFFFFF  241.3   0.00   0.00   3000  1
100.66  2     -0.03    0.00    1      1    3   0xFFFFFFFF  241.3   0.00   0.00   3000  1
100.68  2     -0.03    0.00    1      1    3   0xFFFFFFFF  241.4   0.00   0.00   3000  1
100.70  2     -0.03    0.00    1      1    3   0xFFFFFFFF  241.4   0.00   0.00   3000  1
100.72  2     -0.03    0.00    1      1    3   0xFFFFFFFF  241.4   0.00   0.00   3000  1
100.74  2     -0.03    0.00    1      1    3   0xFFFFFFFF  241.5   0.00   0.00   3000  1
100.76  2     -0.03    0.00    1      1    3   0xFFFFFFFF  241.5   0.00   0.00   3000  1
100.78  2     -0.03    0.00    1      1    3   0xFFFFFFFF  241.6   0.00   0.00   3000  1
100.80  2     -0.03    0.00    1      1    3   0xFFFFFFFF  241.6   0.00   0.00   3000  1
100.82  2     -0.03    0.00    1      1    3   0xFFFFFFFF  241.6   0.00   0.00   3000  1
100.84  2     -0.03    0.00    1      1    3   0xFFFFFFFF  241.7   0.00   0.00   3000  1
100.86  2     -0.03    0.00    1      1    3   0xFFFFFFFF  241.7   0.00   0.00   3000  1
100.88  2     -0.03    0.00    1      1    3   0xFFFFFFFF  241.8   0.00   0.00   3000  1
100.90  2     -0.03    0.00    1      1    3   0xFFFFFFFF  241.8   0.00   0.00   3000  1
100.92  2     -0.03    0.00    1      1    3   0xFFFFFFFF  241.8   0.00   0.00   3000  1
100.94  2     -0.03    0.00    1      1    3   0xFFFFFFFF  241.9   0.00   0.00   3000  1
100.96  2     -0.03    0.00    1      1    3   0xFFFFFFFF  241.9   0.00   0.00   3000  1
100.98  2     -0.03    0.00    1      1    3   0xFFFFFFFF  242.0   0.00   0.00   3000  1
101.00  2     -0.03    0.00    1      1    3   0xFFFFFFFF  242.0   0.00   0.00   3000  1
101.02  2     -0.03    0.00    1      1    3   0xFFFFFFFF  242.0   0.00   0.00   3000  1
101.04  2     -0.03    0.00    1      1    3   0xFFFFFFFF  242.1   0.00   0.00   3000  1
101.06  2     -0.03    0.00    1      1    3   0xFFFFFFFF  242.1   0.00   0.00   3000  1
101.08  2     -0.03    0.00    1      1    3   0xFFFFFFFF  242.2   0.00   0.00   3000  1
101.10  2     -0.03    0.00    1      1    3   0xFFFFFFFF  242.2   0.00   0.00   3000  1
101.12  2     -0.03    0.00    1      1    3   0xFFFFFFFF  242.2   0.00   0.00   3000  1
101.14  2     -0.02    0.00    1      1    3   0xFFFFFFFF  242.3   0.00   0.00   3000  1
101.16  2     -0.02    0.00    1      1    3   0xFFFFFFFF  242.3   0.00   0.00   3000  1
101.18  2     -0.02    0.00    1      1    3   0xFFFFFFFF  242.4   0.00   0.00   3000  1
101.20  2     -0.02    0.00    1      1    3   0xFFFFFFFF  242.4   0.00   0.00   3000  1
101.22  2     -0.02    0.00    1      1    3   0xFFFFFFFF  242.4   0.00   0.00   3000  1
101.24  2     -0.02    0.00    1      1    3   0xFFFFFFFF  242.5   0.00   0.00   3000  1
101.26  2     -0.02    0.00    1      1    3   0xFFFFFFFF  242.5   0.00   0.00   3000  1
101.28  2     -0.02    0.00    1      1    3   0xFFFFFFFF  242.6   0.00   0.00   3000  1
101.30  2     -0.02    0.00    1      1    3   0xFFFFFFFF  242.6   0.00   0.00   3000  1
101.32  2     -0.02    0.00    1      1    3   0xFFFFFFFF  242.6   0.00   0.00   3000  1
101.34  2     -0.02    0.00    1      1    3   0xFFFFFFFF  242.7   0.00   0.00   3000  1
101.36  2     -0.02    0.00    1      1    3   0xFFFFFFFF  242.7   0.00   0.00   3000  1
101.38  2     -0.02    0.00    1      1    3   0xFFFFFFFF  242.8   0.00   0.00   3000  1
101.39  2     -0.02    0.00    1      1    3   0xFFFFFFFF  242.8   0.00   0.00   3000  1
101.41  2     -0.02    0.00    1      1    3   0xFFFFFFFF  242.8   0.00   0.00   3000  1
101.43  2     -0.02    0.00    1      1    3   0xFFFFFFFF  242.9   0.00   0.00   3000  1
101.45  2     -0.02    0.00    1      1    3   0xFFFFFFFF  242.9   0.00   0.00   3000  1
101.47  2     -0.02    0.00    1      1    3   0xFFFFFFFF  242.9   0.00   0.00   3000  1
101.49  2     -0.02    0.00    1      1    3   0xFFFFFFFF  243.0   0.00   0.00   3000  1
101.51  2     -0.02    0.00    1      1    3   0xFFFFFFFF  243.0   0.00   0.00   3000  1
101.53  2     -0.02    0.00    1      1    3   0xFFFFFFFF  243.1   0.00   0.00   3000  1
101.55  2     -0.02    0.00    1      1    3   0xFFFFFFFF  243.1   0.00   0.00   3000  1
101.57  2     -0.02    0.00    1      1    3   0xFFFFFFFF  243.1   0.00   0.00   3000  1
101.59  2     -0.02    0.00    1      1    3   0xFFFFFFFF  243.2   0.00   0.00   3000  1
101.61  2     -0.02    0.00    1      1    3   0xFFFFFFFF  243.2   0.00   0.00   3000  1
101.63  2     -0.02    0.00    1      1    3   0xFFFFFFFF  243.3   0.00   0.00   3000  1
101.65  2     -0.02    0.00    1      1    3   0xFFFFFFFF  243.3   0.00   0.00   3000  1
101.67  2     -0.02    0.00    1      1    3   0xFFFFFFFF  243.3   0.00   0.00   3000  1
101.69  2     -0.02    0.00    1      1    3   0xFFFFFFFF  243.4   0.00   0.00   3000  1
101.71  2     -0.02    0.00    1      1    3   0xFFFFFFFF  243.4   0.00   0.00   3000  1
101.73  2     -0.02    0.00    1      1    3   0xFFFFFFFF  243.5   0.00   0.00   3000  1
101.75  2     -0.02    0.00    1      1    3   0xFFFFFFFF  243.5   0.00   0.00   3000  1
101.77  2     -0.02    0.00    1      1    3   0xFFFFFFFF  243.5   0.00   0.00   3000  1
101.79  2     -0.02    0.00    1      1    3   0xFFFFFFFF  243.6   0.00   0.00   3000  1
101.81  2     -0.02    0.00    1      1    3   0xFFFFFFFF  243.6   0.00   0.00   3000  1
101.83  2     -0.02    0.00    1      1    3   0xFFFFFFFF  243.7   0.00   0.00   3000  1
101.85  2     -0.02    0.00    1      1    3   0xFFFFFFFF  243.7   0.00   0.00   3000  1
101.87  2     -0.02    0.00    1      1    3   0xFFFFFFFF  243.7   0.00   0.00   3000  1
101.89  2     -0.02    0.00    1      1    3   0xFFFFFFFF  243.8   0.00   0.00   3000  1
101.91  2     -0.02    0.00    1      1    3   0xFFFFFFFF  243.8   0.00   0.00   3000  1
101.93  2     -0.02    0.00    1      1    3   0xFFFFFFFF  243.9   0.00   0.00   3000  1
101.95  2     -0.02    0.00    1      1    3   0xFFFFFFFF  243.9   0.00   0.00   3000  1
101.97  2     -0.02    0.00    1      1    3   0xFFFFFFFF  243.9   0.00   0.00   3000  1
101.99  2     -0.02    0.00    1      1    3   0xFFFFFFFF  244.0   0.00   0.00   3000  1
102.01  2     -0.02    0.00    1      1    3   0xFFFFFFFF  244.0   0.00   0.00   3000  1
102.03  2     -0.02    0.00    1      1    3   0xFFFFFFFF  244.1   0.00   0.00   3000  1
102.05  2     -0.02    0.00    1      1    3   0xFFFFFFFF  244.1   0.00   0.00   3000  1
102.07  2     -0.02    0.00    1      1    3   0xFFFFFFFF  244.1   0.00   0.00   3000  1
102.09  2     -0.02    0.00    1      1    3   0xFFFFFFFF  244.2   0.00   0.00   3000  1
102.11  2     -0.02    0.00    1      1    3   0xFFFFFFFF  244.2   0.00   0.00   3000  1
102.13  2     -0.02    0.00    1      1    3   0xFFFFFFFF  244.3   0.00   0.00   3000  1
102.15  2     -0.02    0.00    1      1    3   0xFFFFFFFF  244.3   0.00   0.00   3000  1
102.17  2     -0.02    0.00    1      1    3   0xFFFFFFFF  244.3   0.00   0.00   3000  1
102.19  2     -0.02    0.00    1      1    3   0xFFFFFFFF  244.4   0.00   0.00   3000  1
102.21  2     -0.02    0.00    1      1    3   0xFFFFFFFF  244.4   0.00   0.00   3000  1
102.23  2     -0.02    0.00    1      1    3   0xFFFFFFFF  244.5   0.00   0.00   3000  1
102.25  2     -0.02    0.00    1      1    3   0xFFFFFFFF  244.5   0.00   0.00   3000  1
102.27  2     -0.02    0.00    1      1    3   0xFFFFFFFF  244.5   0.00   0.00   3000  1
102.29  2     -0.02    0.00    1      1    3   0xFFFFFFFF  244.6   0.00   0.00   3000  1
102.31  2     -0.02    0.00    1      1    3   0xFFFFFFFF  244.6   0.00   0.00   3000  1
102.33  2     -0.02    0.00    1      1    3   0xFFFFFFFF  244.7   0.00   0.00   3000  1
102.35  2     -0.02    0.00    1      1    3   0xFFFFFFFF  244.7   0.00   0.00   3000  1
102.37  2     -0.02    0.00    1      1    3   0xFFFFFFFF  244.7   0.00   0.00   3000  1
102.39  2     -0.02    0.00    1      1    3   0xFFFFFFFF  244.8   0.00   0.00   3000  1
102.41  2     -0.02    0.00    1      1    3   0xFFFFFFFF  244.8   0.00   0.00   3000  1
102.43  2     -0.02    0.00    1      1    3   0xFFFFFFFF  244.9   0.00   0.00   3000  1
102.45  2     -0.02    0.00    1      1    3   0xFFFFFFFF  244.9   0.00   0.00   3000  1
102.47  2     -0.02    0.00    1      1    3   0xFFFFFFFF  244.9   0.00   0.00   3000  1
102.49  2     -0.02    0.00    1      1    3   0xFFFFFFFF  245.0   0.00   0.00   3000  1
102.51  2     -0.02    0.00    1      1    3   0xFFFFFFFF  245.0   0.00   0.00   3000  1
102.53  2     -0.02    0.00    1      1    3   0xFFFFFFFF  245.1   0.00   0.00   3000  1
102.55  2     -0.02    0.00    1      1    3   0xFFFFFFFF  245.1   0.00   0.00   3000  1
102.57  2     -0.02    0.00    1      1    3   0xFFFFFFFF  245.1   0.00   0.00   3000  1
102.59  2     -0.02    0.00    1      1    3   0xFFFFFFFF  245.2   0.00   0.00   3000  1
102.61  2     -0.02    0.00    1      1    3   0xFFFFFFFF  245.2   0.00   0.00   3000  1
102.63  2     -0.02    0.00    1      1    3   0xFFFFFFFF  245.3   0.00   0.00   3000  1
102.65  2     -0.02    0.00    1      1    3   0xFFFFFFFF  245.3   0.00   0.00   3000  1
102.67  2     -0.02    0.00    1      1    3   0xFFFFFFFF  245.3   0.00   0.00   3000  1
102.69  2     -0.02    0.00    1      1    3   0xFFFFFFFF  245.4   0.00   0.00   3000  1
102.71  2     -0.02    0.00    1      1    3   0xFFFFFFFF  245.4   0.00   0.00   3000  1
102.73  2     -0.02    0.00    1      1    3   0xFFFFFFFF  245.5   0.00   0.00   3000  1
102.75  2     -0.02    0.00    1      1    3   0xFFFFFFFF  245.5   0.00   0.00   3000  1
102.77  2     -0.02    0.00    1      1    3   0xFFFFFFFF  245.5   0.00   0.00   3000  1
102.79  2     -0.02    0.00    1      1    3   0xFFFFFFFF  245.6   0.00   0.00   3000  1
102.81  2     -0.02    0.00    1      1    3   0xFFFFFFFF  245.6   0.00   0.00   3000  1
102.83  2     -0.02    0.00    1      1    3   0xFFFFFFFF  245.7   0.00   0.00   3000  1
102.85  2     -0.02    0.00    1      1    3   0xFFFFFFFF  245.7   0.00   0.00   3000  1
102.87  2     -0.02    0.00    1      1    3   0xFFFFFFFF  245.7   0.00   0.00   3000  1
102.89  2     -0.02    0.00    1      1    3   0xFFFFFFFF  245.8   0.00   0.00   3000  1
102.91  2     -0.02    0.00    1      1    3   0xFFFFFFFF  245.8   0.00   0.00   3000  1
102.93  2     -0.02    0.00    1      1    3   0xFFFFFFFF  245.9   0.00   0.00   3000  1
102.95  2     -0.02    0.00    1      1    3   0xFFFFFFFF  245.9   0.00   0.00   3000  1
102.97  2     -0.02    0.00    1      1    3   0xFFFFFFFF  245.9   0.00   0.00   3000  1
102.99  2     -0.02    0.00    1      1    3   0xFFFFFFFF  246.0   0.00   0.00   3000  1
103.01  2     -0.02    0.00    1      1    3   0xFFFFFFFF  246.0   0.00   0.00   3000  1
103.03  2     -0.02    0.00    1      1    3   0xFFFFFFFF  246.1   0.00   0.00   3000  1
103.05  2     -0.02    0.00    1      1    3   0xFFFFFFFF  246.1   0.00   0.00   3000  1
103.07  2     -0.02    0.00    1      1    3   0xFFFFFFFF  246.1   0.00   0.00   3000  1
103.09  2     -0.02    0.00    1      1    3   0xFFFFFFFF  246.2   0.00   0.00   3000  1
103.11  2     -0.02    0.00    1      1    3   0xFFFFFFFF  246.2   0.00   0.00   3000  1
103.13  2     -0.02    0.00    1      1    3   0xFFFFFFFF  246.3   0.00   0.00   3000  1
103.15  2     -0.02    0.00    1      1    3   0xFFFFFFFF  246.3   0.00   0.00   3000  1
103.17  2     -0.02    0.00    1      1    3   0xFFFFFFFF  246.3   0.00   0.00   3000  1
103.19  2     -0.02    0.00    1      1    3   0xFFFFFFFF  246.4   0.00   0.00   3000  1
103.21  2     -0.02    0.00    1      1    3   0xFFFFFFFF  246.4   0.00   0.00   3000  1
103.23  2     -0.02    0.00    1      1    3   0xFFFFFFFF  246.5   0.00   0.00   3000  1
103.25  2     -0.02    0.00    1      1    3   0xFFFFFFFF  246.5   0.00   0.00   3000  1
103.27  2     -0.02    0.00    1      1    3   0xFFFFFFFF  246.5   0.00   0.00   3000  1
103.29  2     -0.02    0.00    1      1    3   0xFFFFFFFF  246.6   0.00   0.00   3000  1
103.31  2     -0.02    0.00    1      1    3   0xFFFFFFFF  246.6   0.00   0.00   3000  1
103.33  2     -0.02    0.00    1      1    3   0xFFFFFFFF  246.7   0.00   0.00   3000  1
103.35  2     -0.02    0.00    1      1    3   0xFFFFFFFF  246.7   0.00   0.00   3000  1
103.37  2     -0.02    0.00    1      1    3   0xFFFFFFFF  246.7   0.00   0.00   3000  1
103.39  2     -0.02    0.00    1      1    3   0xFFFFFFFF  246.8   0.00   0.00   3000  1
103.41  2     -0.02    0.00    1      1    3   0xFFFFFFFF  246.8   0.00   0.00   3000  1
103.43  2     -0.02    0.00    1      1    3   0xFFFFFFFF  246.9   0.00   0.00   3000  1
103.45  2     -0.02    0.00    1      1    3   0xFFFFFFFF  246.9   0.00   0.00   3000  1
103.47  2     -0.02    0.00    1      1    3   0xFFFFFFFF  246.9   0.00   0.00   3000  1
103.49  2     -0.02    0.00    1      1    3   0xFFFFFFFF  247.0   0.00   0.00   3000  1
103.51  2     -0.02    0.00    1      1    3   0xFFFFFFFF  247.0   0.00   0.00   3000  1
103.53  2     -0.02    0.00    1      1    3   0xFFFFFFFF  247.1   0.00   0.00   3000  1
103.55  2     -0.02    0.00    1      1    3   0xFFFFFFFF  247.1   0.00   0.00   3000  1
103.57  2     -0.02    0.00    1      1    3   0xFFFFFFFF  247.1   0.00   0.00   3000  1
103.59  2     -0.02    0.00    1      1    3   0xFFFFFFFF  247.2   0.00   0.00   3000  1
103.61  2     -0.02    0.00    1      1    3   0xFFFFFFFF  247.2   0.00   0.00   3000  1
103.63  2     -0.02    0.00    1      1    3   0xFFFFFFFF  247.3   0.00   0.00   3000  1
103.65  2     -0.02    0.00    1      1    3   0xFFFFFFFF  247.3   0.00   0.00   3000  1
103.67  2     -0.02    0.00    1      1    3   0xFFFFFFFF  247.3   0.00   0.00   3000  1
103.69  2     -0.02    0.00    1      1    3   0xFFFFFFFF  247.4   0.00   0.00   3000  1
103.71  2     -0.02    0.00    1      1    3   0xFFFFFFFF  247.4   0.00   0.00   3000  1
103.73  2     -0.02    0.00    1      1    3   0xFFFFFFFF  247.5   0.00   0.00   3000  1
103.75  2     -0.02    0.00    1      1    3   0xFFFFFFFF  247.5   0.00   0.00   3000  1
103.77  2     -0.02    0.00    1      1    3   0xFFFFFFFF  247.5   0.00   0.00   3000  1
103.79  2     -0.02    0.00    1      1    3   0xFFFFFFFF  247.6   0.00   0.00   3000  1
103.81  2     -0.02    0.00    1      1    3   0xFFFFFFFF  247.6   0.00   0.00   3000  1
103.83  2     -0.02    0.00    1      1    3   0xFFFFFFFF  247.7   0.00   0.00   3000  1
103.85  2     -0.02    0.00    1      1    3   0xFFFFFFFF  247.7   0.00   0.00   3000  1
103.87  2     -0.02    0.00    1      1    3   0xFFFFFFFF  247.7   0.00   0.00   3000  1
103.89  2     -0.02    0.00    1      1    3   0xFFFFFFFF  247.8   0.00   0.00   3000  1
103.91  2     -0.02    0.00    1      1    3   0xFFFFFFFF  247.8   0.00   0.00   3000  1
103.93  2     -0.02    0.00    1      1    3   0xFFFFFFFF  247.9   0.00   0.00   3000  1
103.95  2     -0.02    0.00    1      1    3   0xFFFFFFFF  247.9   0.00   0.00   3000  1
103.97  2     -0.02    0.00    1      1    3   0xFFFFFFFF  247.9   0.00   0.00   3000  1
103.99  2     -0.02    0.00    1      1    3   0xFFFFFFFF  248.0   0.00   0.00   3000  1
104.01  2     -0.02    0.00    1      1    3   0xFFFFFFFF  248.0   0.00   0.00   3000  1
104.03  2     -0.02    0.00    1      1    3   0xFFFFFFFF  248.1   0.00   0.00   3000  1
104.05  2     -0.02    0.00    1      1    3   0xFFFFFFFF  248.1   0.00   0.00   3000  1
104.07  2     -0.02    0.00    1      1    3   0xFFFFFFFF  248.1   0.00   0.00   3000  1
104.09  2     -0.02    0.00    1      1    3   0xFFFFFFFF  248.2   0.00   0.00   3000  1
104.11  2     -0.02    0.00    1      1    3   0xFFFFFFFF  248.2   0.00   0.00   3000  1
104.13  2     -0.02    0.00    1      1    3   0xFFFFFFFF  248.3   0.00   0.00   3000  1
104.15  2     -0.02    0.00    1      1    3   0xFFFFFFFF  248.3   0.00   0.00   3000  1
104.17  2     -0.02    0.00    1      1    3   0xFFFFFFFF  248.3   0.00   0.00   3000  1
104.19  2     -0.02    0.00    1      1    3   0xFFFFFFFF  248.4   0.00   0.00   3000  1
104.21  2     -0.02    0.00    1      1    3   0xFFFFFFFF  248.4   0.00   0.00   3000  1
104.23  2     -0.02    0.00    1      1    3   0xFFFFFFFF  248.5   0.00   0.00   3000  1
104.25  2     -0.02    0.00    1      1    3   0xFFFFFFFF  248.5   0.00   0.00   3000  1
104.27  2     -0.02    0.00    1      1    3   0xFFFFFFFF  248.5   0.00   0.00   3000  1
104.29  2     -0.02    0.00    1      1    3   0xFFFFFFFF  248.6   0.00   0.00   3000  1
104.31  2     -0.02    0.00    1      1    3   0xFFFFFFFF  248.6   0.00   0.00   3000  1
104.33  2     -0.02    0.00    1      1    3   0xFFFFFFFF  248.7   0.00   0.00   3000  1
104.35  2     -0.02    0.00    1      1    3   0xFFFFFFFF  248.7   0.00   0.00   3000  1
104.37  2     -0.02    0.00    1      1    3   0xFFFFFFFF  248.7   0.00   0.00   3000  1
104.39  2     -0.02    0.00    1      1    3   0xFFFFFFFF  248.8   0.00   0.00   3000  1
104.41  2     -0.02    0.00    1      1    3   0xFFFFFFFF  248.8   0.00   0.00   3000  1
104.43  2     -0.02    0.00    1      1    3   0xFFFFFFFF  248.9   0.00   0.00   3000  1
104.45  2     -0.02    0.00    1      1    3   0xFFFFFFFF  248.9   0.00   0.00   3000  1
104.47  2     -0.02    0.00    1      1    3   0xFFFFFFFF  248.9   0.00   0.00   3000  1
104.49  2     -0.02    0.00    1      1    3   0xFFFFFFFF  249.0   0.00   0.00   3000  1
104.51  2     -0.02    0.00    1      1    3   0xFFFFFFFF  249.0   0.00   0.00   3000  1
104.53  2     -0.02    0.00    1      1    3   0xFFFFFFFF  249.1   0.00   0.00   3000  1
104.55  2     -0.02    0.00    1      1    3   0xFFFFFFFF  249.1   0.00   0.00   3000  1
104.57  2     -0.02    0.00    1      1    3   0xFFFFFFFF  249.1   0.00   0.00   3000  1
104.59  2     -0.02    0.00    1      1    3   0xFFFFFFFF  249.2   0.00   0.00   3000  1
104.61  2     -0.02    0.00    1      1    3   0xFFFFFFFF  249.2   0.00   0.00   3000  1
104.63  2     -0.02    0.00    1      1    3   0xFFFFFFFF  249.3   0.00   0.00   3000  1
104.65  2     -0.02    0.00    1      1    3   0xFFFFFFFF  249.3   0.00   0.00   3000  1
104.67  2     -0.02    0.00    1      1    3   0xFFFFFFFF  249.3   0.00   0.00   3000  1
104.69  2     -0.02    0.00    1      1    3   0xFFFFFFFF  249.4   0.00   0.00   3000  1
104.71  2     -0.02    0.00    1      1    3   0xFFFFFFFF  249.4   0.00   0.00   3000  1
104.73  2     -0.02    0.00    1      1    3   0xFFFFFFFF  249.5   0.00   0.00   3000  1
104.75  2     -0.02    0.00    1      1    3   0xFFFFFFFF  249.5   0.00   0.00   3000  1
104.77  2     -0.02    0.00    1      1    3   0xFFFFFFFF  249.5   0.00   0.00   3000  1
104.79  2     -0.02    0.00    1      1    3   0xFFFFFFFF  249.6   0.00   0.00   3000  1
104.81  2     -0.02    0.00    1      1    3   0xFFFFFFFF  249.6   0.00   0.00   3000  1
104.83  2     -0.02    0.00    1      1    3   0xFFFFFFFF  249.7   0.00   0.00   3000  1
104.85  2     -0.02    0.00    1      1    3   0xFFFFFFFF  249.7   0.00   0.00   3000  1
104.87  2     -0.02    0.00    1      1    3   0xFFFFFFFF  249.7   0.00   0.00   3000  1
104.89  2     -0.02    0.00    1      1    3   0xFFFFFFFF  249.8   0.00   0.00   3000  1
104.91  2     -0.02    0.00    1      1    3   0xFFFFFFFF  249.8   0.00   0.00   3000  1
104.93  2     -0.02    0.00    1      1    3   0xFFFFFFFF  249.9   0.00   0.00   3000  1
104.95  2     -0.02    0.00    1      1    3   0xFFFFFFFF  249.9   0.00   0.00   3000  1
104.97  2     -0.02    0.00    1      1    3   0xFFFFFFFF  249.9   0.00   0.00   3000  1
104.99  2     -0.02    0.00    1      1    3   0xFFFFFFFF  250.0   0.00   0.00   3000  1
105.01  2     -0.02    0.00    1      1    3   0xFFFFFFFF  250.0   0.00   0.00   3000  1
105.03  2     -0.02    0.00    1      1    3   0xFFFFFFFF  250.1   0.00   0.00   3000  1
105.05  2     -0.02    0.00    1      1    3   0xFFFFFFFF  250.1   0.00   0.00   3000  1
105.07  2     -0.02    0.00    1      1    3   0xFFFFFFFF  250.1   0.00   0.00   3000  1
105.09  2     -0.02    0.00    1      1    3   0xFFFFFFFF  250.2   0.00   0.00   3000  1
105.11  2     -0.02    0.00    1      1    3   0xFFFFFFFF  250.2   0.00   0.00   3000  1
105.13  2     -0.02    0.00    1      1    3   0xFFFFFFFF  250.3   0.00   0.00   3000  1
105.15  2     -0.02    0.00    1      1    3   0xFFFFFFFF  250.3   0.00   0.00   3000  1
105.17  2     -0.02    0.00    1      1    3   0xFFFFFFFF  250.3   0.00   0.00   3000  1
105.19  2     -0.02    0.00    1      1    3   0xFFFFFFFF  250.4   0.00   0.00   3000  1
105.21  2     -0.02    0.00    1      1    3   0xFFFFFFFF  250.4   0.00   0.00   3000  1
105.23  2     -0.02    0.00    1      1    3   0xFFFFFFFF  250.5   0.00   0.00   3000  1
105.25  2     -0.02    0.00    1      1    3   0xFFFFFFFF  250.5   0.00   0.00   3000  1
105.27  2     -0.02    0.00    1      1    3   0xFFFFFFFF  250.5   0.00   0.00   3000  1
105.29  2     -0.02    0.00    1      1    3   0xFFFFFFFF  250.6   0.00   0.00   3000  1
105.31  2     -0.02    0.00    1      1    3   0xFFFFFFFF  250.6   0.00   0.00   3000  1
105.33  2     -0.02    0.00    1      1    3   0xFFFFFFFF  250.7   0.00   0.00   3000  1
105.35  2     -0.02    0.00    1      1    3   0xFFFFFFFF  250.7   0.00   0.00   3000  1
105.37  2     -0.02    0.00    1      1    3   0xFFFFFFFF  250.7   0.00   0.00   3000  1
105.39  2     -0.02    0.00    1      1    3   0xFFFFFFFF  250.8   0.00   0.00   3000  1
105.41  2     -0.02    0.00    1      1    3   0xFFFFFFFF  250.8   0.00   0.00   3000  1
105.43  2     -0.02    0.00    1      1    3   0xFFFFFFFF  250.9   0.00   0.00   3000  1
105.45  2     -0.02    0.00    1      1    3   0xFFFFFFFF  250.9   0.00   0.00   3000  1
105.47  2     -0.02    0.00    1      1    3   0xFFFFFFFF  250.9   0.00   0.00   3000  1
105.49  2     -0.02    0.00    1      1    3   0xFFFFFFFF  251.0   0.00   0.00   3000  1
105.51  2     -0.02    0.00    1      1    3   0xFFFFFFFF  251.0   0.00   0.00   3000  1
105.53  2     -0.02    0.00    1      1    3   0xFFFFFFFF  251.1   0.00   0.00   3000  1
105.55  2     -0.02    0.00    1      1    3   0xFFFFFFFF  251.1   0.00   0.00   3000  1
105.57  2     -0.02    0.00    1      1    3   0xFFFFFFFF  251.1   0.00   0.00   3000  1
105.59  2     -0.02    0.00    1      1    3   0xFFFFFFFF  251.2   0.00   0.00   3000  1
105.61  2     -0.02    0.00    1      1    3   0xFFFFFFFF  251.2   0.00   0.00   3000  1
105.63  2     -0.02    0.00    1      1    3   0xFFFFFFFF  251.3   0.00   0.00   3000  1
105.65  2     -0.02    0.00    1      1    3   0xFFFFFFFF  251.3   0.00   0.00   3000  1
105.67  2     -0.02    0.00    1      1    3   0xFFFFFFFF  251.3   0.00   0.00   3000  1
105.69  2     -0.02    0.00    1      1    3   0xFFFFFFFF  251.4   0.00   0.00   3000  1
105.71  2     -0.02    0.00    1      1    3   0xFFFFFFFF  251.4   0.00   0.00   3000  1
105.73  2     -0.02    0.00    1      1    3   0xFFFFFFFF  251.5   0.00   0.00   3000  1
105.75  2     -0.02    0.00    1      1    3   0xFFFFFFFF  251.5   0.00   0.00   3000  1
105.77  2     -0.02    0.00    1      1    3   0xFFFFFFFF  251.5   0.00   0.00   3000  1
105.79  2     -0.02    0.00    1      1    3   0xFFFFFFFF  251.6   0.00   0.00   3000  1
105.81  2     -0.02    0.00    1      1    3   0xFFFFFFFF  251.6   0.00   0.00   3000  1
105.83  2     -0.02    0.00    1      1    3   0xFFFFFFFF  251.7   0.00   0.00   3000  1
105.85  2     -0.02    0.00    1      1    3   0xFFFFFFFF  251.7   0.00   0.00   3000  1
105.87  2     -0.02    0.00    1      1    3   0xFFFFFFFF  251.7   0.00   0.00   3000  1
105.89  2     -0.02    0.00    1      1    3   0xFFFFFFFF  251.8   0.00   0.00   3000  1
105.91  2     -0.02    0.00    1      1    3   0xFFFFFFFF  251.8   0.00   0.00   3000  1
105.93  2     -0.02    0.00    1      1    3   0xFFFFFFFF  251.9   0.00   0.00   3000  1
105.95  2     -0.02    0.00    1      1    3   0xFFFFFFFF  251.9   0.00   0.00   3000  1
105.97  2     -0.02    0.00    1      1    3   0xFFFFFFFF  251.9   0.00   0.00   3000  1
105.99  2     -0.02    0.00    1      1    3   0xFFFFFFFF  252.0   0.00   0.00   3000  1
106.01  2     -0.02    0.00    1      1    3   0xFFFFFFFF  252.0   0.00   0.00   3000  1
106.03  2     -0.02    0.00    1      1    3   0xFFFFFFFF  252.1   0.00   0.00   3000  1
106.05  2     -0.02    0.00    1      1    3   0xFFFFFFFF  252.1   0.00   0.00   3000  1
106.07  2     -0.02    0.00    1      1    3   0xFFFFFFFF  252.1   0.00   0.00   3000  1
106.09  2     -0.02    0.00    1      1    3   0xFFFFFFFF  252.2   0.00   0.00   3000  1
106.11  2     -0.02    0.00    1      1    3   0xFFFFFFFF  252.2   0.00   0.00   3000  1
106.13  2     -0.02    0.00    1      1    3   0xFFFFFFFF  252.3   0.00   0.00   3000  1
106.15  2     -0.02    0.00    1      1    3   0xFFFFFFFF  252.3   0.00   0.00   3000  1
106.17  2     -0.02    0.00    1      1    3   0xFFFFFFFF  252.3   0.00   0.00   3000  1
106.19  2     -0.02    0.00    1      1    3   0xFFFFFFFF  252.4   0.00   0.00   3000  1
106.21  2     -0.02    0.00    1      1    3   0xFFFFFFFF  252.4   0.00   0.00   3000  1
106.23  2     -0.02    0.00    1      1    3   0xFFFFFFFF  252.5   0.00   0.00   3000  1
106.25  2     -0.02    0.00    1      1    3   0xFFFFFFFF  252.5   0.00   0.00   3000  1
106.27  2     -0.02    0.00    1      1    3   0xFFFFFFFF  252.5   0.00   0.00   3000  1
106.29  2     -0.02    0.00    1      1    3   0xFFFFFFFF  252.6   0.00   0.00   3000  1
106.31  2     -0.02    0.00    1      1    3   0xFFFFFFFF  252.6   0.00   0.00   3000  1
106.33  2     -0.02    0.00    1      1    3   0xFFFFFFFF  252.7   0.00   0.00   3000  1
106.35  2     -0.02    0.00    1      1    3   0xFFFFFFFF  252.7   0.00   0.00   3000  1
106.37  2     -0.02    0.00    1      1    3   0xFFFFFFFF  252.7   0.00   0.00   3000  1
106.39  2     -0.02    0.00    1      1    3   0xFFFFFFFF  252.8   0.00   0.00   3000  1
106.41  2     -0.02    0.00    1      1    3   0xFFFFFFFF  252.8   0.00   0.00   3000  1
106.43  2     -0.02    0.00    1      1    3   0xFFFFFFFF  252.9   0.00   0.00   3000  1
106.45  2     -0.02    0.00    1      1    3   0xFFFFFFFF  252.9   0.00   0.00   3000  1
106.47  2     -0.02    0.00    1      1    3   0xFFFFFFFF  252.9   0.00   0.00   3000  1
106.49  2     -0.02    0.00    1      1    3   0xFFFFFFFF  253.0   0.00   0.00   3000  1
106.51  2     -0.02    0.00    1      1    3   0xFFFFFFFF  253.0   0.00   0.00   3000  1
106.53  2     -0.02    0.00    1      1    3   0xFFFFFFFF  253.1   0.00   0.00   3000  1
106.55  2     -0.02    0.00    1      1    3   0xFFFFFFFF  253.1   0.00   0.00   3000  1
106.57  2     -0.02    0.00    1      1    3   0xFFFFFFFF  253.1   0.00   0.00   3000  1
106.59  2     -0.02    0.00    1      1    3   0xFFFFFFFF  253.2   0.00   0.00   3000  1
106.61  2     -0.02    0.00    1      1    3   0xFFFFFFFF  253.2   0.00   0.00   3000  1
106.63  2     -0.02    0.00    1      1    3   0xFFFFFFFF  253.3   0.00   0.00   3000  1
106.65  2     -0.02    0.00    1      1    3   0xFFFFFFFF  253.3   0.00   0.00   3000  1
106.67  2     -0.02    0.00    1      1    3   0xFFFFFFFF  253.3   0.00   0.00   3000  1
106.69  2     -0.02    0.00    1      1    3   0xFFFFFFFF  253.4   0.00   0.00   3000  1
106.71  2     -0.02    0.00    1      1    3   0xFFFFFFFF  253.4   0.00   0.00   3000  1
106.73  2     -0.02    0.00    1      1    3   0xFFFFFFFF  253.5   0.00   0.00   3000  1
106.75  2     -0.02    0.00    1      1    3   0xFFFFFFFF  253.5   0.00   0.00   3000  1
106.77  2     -0.02    0.00    1      1    3   0xFFFFFFFF  253.5   0.00   0.00   3000  1
106.79  2     -0.02    0.00    1      1    3   0xFFFFFFFF  253.6   0.00   0.00   3000  1
106.81  2     -0.02    0.00    1      1    3   0xFFFFFFFF  253.6   0.00   0.00   3000  1
106.83  2     -0.02    0.00    1      1    3   0xFFFFFFFF  253.7   0.00   0.00   3000  1
106.85  2     -0.02    0.00    1      1    3   0xFFFFFFFF  253.7   0.00   0.00   3000  1
106.87  2     -0.02    0.00    1      1    3   0xFFFFFFFF  253.7   0.00   0.00   3000  1
106.89  2     -0.02    0.00    1      1    3   0xFFFFFFFF  253.8   0.00   0.00   3000  1
106.91  2     -0.02    0.00    1      1    3   0xFFFFFFFF  253.8   0.00   0.00   3000  1
106.93  2     -0.02    0.00    1      1    3   0xFFFFFFFF  253.9   0.00   0.00   3000  1
106.95  2     -0.02    0.00    1      1    3   0xFFFFFFFF  253.9   0.00   0.00   3000  1
106.97  2     -0.02    0.00    1      1    3   0xFFFFFFFF  253.9   0.00   0.00   3000  1
106.99  2     -0.02    0.00    1      1    3   0xFFFFFFFF  254.0   0.00   0.00   3000  1
107.01  2     -0.02    0.00    1      1    3   0xFFFFFFFF  254.0   0.00   0.00   3000  1
107.03  2     -0.02    0.00    1      1    3   0xFFFFFFFF  254.1   0.00   0.00   3000  1
107.05  2     -0.02    0.00    1      1    3   0xFFFFFFFF  254.1   0.00   0.00   3000  1
107.07  2     -0.02    0.00    1      1    3   0xFFFFFFFF  254.1   0.00   0.00   3000  1
107.09  2     -0.02    0.00    1      1    3   0xFFFFFFFF  254.2   0.00   0.00   3000  1
107.11  2     -0.02    0.00    1      1    3   0xFFFFFFFF  254.2   0.00   0.00   3000  1
107.13  2     -0.02    0.00    1      1    3   0xFFFFFFFF  254.3   0.00   0.00   3000  1
107.15  2     -0.02    0.00    1      1    3   0xFFFFFFFF  254.3   0.00   0.00   3000  1
107.17  2     -0.02    0.00    1      1    3   0xFFFFFFFF  254.3   0.00   0.00   3000  1
107.19  2     -0.02    0.00    1      1    3   0xFFFFFFFF  254.4   0.00   0.00   3000  1
107.21  2     -0.02    0.00    1      1    3   0xFFFFFFFF  254.4   0.00   0.00   3000  1
107.23  2     -0.02    0.00    1      1    3   0xFFFFFFFF  254.5   0.00   0.00   3000  1
107.25  2     -0.02    0.00    1      1    3   0xFFFFFFFF  254.5   0.00   0.00   3000  1
107.27  2     -0.02    0.00    1      1    3   0xFFFFFFFF  254.5   0.00   0.00   3000  1
107.29  2     -0.02    0.00    1      1    3   0xFFFFFFFF  254.6   0.00   0.00   3000  1
107.31  2     -0.02    0.00    1      1    3   0xFFFFFFFF  254.6   0.00   0.00   3000  1
107.33  2     -0.02    0.00    1      1    3   0xFFFFFFFF  254.7   0.00   0.00   3000  1
107.35  2     -0.02    0.00    1      1    3   0xFFFFFFFF  254.7   0.00   0.00   3000  1
107.37  2     -0.02    0.00    1      1    3   0xFFFFFFFF  254.7   0.00   0.00   3000  1
107.39  2     -0.02    0.00    1      1    3   0xFFFFFFFF  254.8   0.00   0.00   3000  1
107.41  2     -0.02    0.00    1      1    3   0xFFFFFFFF  254.8   0.00   0.00   3000  1
107.43  2     -0.02    0.00    1      1    3   0xFFFFFFFF  254.9   0.00   0.00   3000  1
107.45  2     -0.02    0.00    1      1    3   0xFFFFFFFF  254.9   0.00   0.00   3000  1
107.47  2     -0.02    0.00    1      1    3   0xFFFFFFFF  254.9   0.00   0.00   3000  1
107.49  2     -0.02    0.00    1      1    3   0xFFFFFFFF  255.0   0.00   0.00   3000  1
107.51  2     -0.02    0.00    1      1    3   0xFFFFFFFF  255.0   0.00   0.00   3000  1
107.53  2     -0.02    0.00    1      1    3   0xFFFFFFFF  255.1   0.00   0.00   3000  1
107.55  2     -0.02    0.00    1      1    3   0xFFFFFFFF  255.1   0.00   0.00   3000  1
107.57  2     -0.02    0.00    1      1    3   0xFFFFFFFF  255.1   0.00   0.00   3000  1
107.59  2     -0.02    0.00    1      1    3   0xFFFFFFFF  255.2   0.00   0.00   3000  1
107.61  2     -0.02    0.00    1      1    3   0xFFFFFFFF  255.2   0.00   0.00   3000  1
107.63  2     -0.02    0.00    1      1    3   0xFFFFFFFF  255.3   0.00   0.00   3000  1
107.65  2     -0.02    0.00    1      1    3   0xFFFFFFFF  255.3   0.00   0.00   3000  1
107.67  2     -0.02    0.00    1      1    3   0xFFFFFFFF  255.3   0.00   0.00   3000  1
107.69  2     -0.02    0.00    1      1    3   0xFFFFFFFF  255.4   0.00   0.00   3000  1
107.71  2     -0.02    0.00    1      1    3   0xFFFFFFFF  255.4   0.00   0.00   3000  1
107.73  2     -0.02    0.00    1      1    3   0xFFFFFFFF  255.5   0.00   0.00   3000  1
107.75  2     -0.02    0.00    1      1    3   0xFFFFFFFF  255.5   0.00   0.00   3000  1
107.77  2     -0.02    0.00    1      1    3   0xFFFFFFFF  255.5   0.00   0.00   3000  1
107.79  2     -0.02    0.00    1      1    3   0xFFFFFFFF  255.6   0.00   0.00   3000  1
107.81  2     -0.02    0.00    1      1    3   0xFFFFFFFF  255.6   0.00   0.00   3000  1
107.83  2     -0.02    0.00    1      1    3   0xFFFFFFFF  255.7   0.00   0.00   3000  1
107.85  2     -0.02    0.00    1      1    3   0xFFFFFFFF  255.7   0.00   0.00   3000  1
107.87  2     -0.02    0.00    1      1    3   0xFFFFFFFF  255.7   0.00   0.00   3000  1
107.89  2     -0.02    0.00    1      1    3   0xFFFFFFFF  255.8   0.00   0.00   3000  1
107.91  2     -0.02    0.00    1      1    3   0xFFFFFFFF  255.8   0.00   0.00   3000  1
107.93  2     -0.02    0.00    1      1    3   0xFFFFFFFF  255.9   0.00   0.00   3000  1
107.95  2     -0.02    0.00    1      1    3   0xFFFFFFFF  255.9   0.00   0.00   3000  1
107.97  2     -0.02    0.00    1      1    3   0xFFFFFFFF  255.9   0.00   0.00   3000  1
107.99  2     -0.02    0.00    1      1    3   0xFFFFFFFF  256.0   0.00   0.00   3000  1
108.01  2     -0.02    0.00    1      1    3   0xFFFFFFFF  256.0   0.00   0.00   3000  1
108.03  2     -0.02    0.00    1      1    3   0xFFFFFFFF  256.1   0.00   0.00   3000  1
108.05  2     -0.02    0.00    1      1    3   0xFFFFFFFF  256.1   0.00   0.00   3000  1
108.07  2     -0.02    0.00    1      1    3   0xFFFFFFFF  256.1   0.00   0.00   3000  1
108.09  2     -0.02    0.00    1      1    3   0xFFFFFFFF  256.2   0.00   0.00   3000  1
108.11  2     -0.02    0.00    1      1    3   0xFFFFFFFF  256.2   0.00   0.00   3000  1
108.13  2     -0.02    0.00    1      1    3   0xFFFFFFFF  256.3   0.00   0.00   3000  1
108.15  2     -0.02    0.00    1      1    3   0xFFFFFFFF  256.3   0.00   0.00   3000  1
108.17  2     -0.02    0.00    1      1    3   0xFFFFFFFF  256.3   0.00   0.00   3000  1
108.19  2     -0.02    0.00    1      1    3   0xFFFFFFFF  256.4   0.00   0.00   3000  1
108.21  2     -0.02    0.00    1      1    3   0xFFFFFFFF  256.4   0.00   0.00   3000  1
108.23  2     -0.02    0.00    1      1    3   0xFFFFFFFF  256.5   0.00   0.00   3000  1
108.25  2     -0.02    0.00    1      1    3   0xFFFFFFFF  256.5   0.00   0.00   3000  1
108.27  2     -0.02    0.00    1      1    3   0xFFFFFFFF  256.5   0.00   0.00   3000  1
108.29  2     -0.02    0.00    1      1    3   0xFFFFFFFF  256.6   0.00   0.00   3000  1
108.31  2     -0.02    0.00    1      1    3   0xFFFFFFFF  256.6   0.00   0.00   3000  1
108.33  2     -0.02    0.00    1      1    3   0xFFFFFFFF  256.7   0.00   0.00   3000  1
108.35  2     -0.02    0.00    1      1    3   0xFFFFFFFF  256.7   0.00   0.00   3000  1
108.37  2     -0.02    0.00    1      1    3   0xFFFFFFFF  256.7   0.00   0.00   3000  1
108.39  2     -0.02    0.00    1      1    3   0xFFFFFFFF  256.8   0.00   0.00   3000  1
108.41  2     -0.02    0.00    1      1    3   0xFFFFFFFF  256.8   0.00   0.00   3000  1
108.43  2     -0.02    0.00    1      1    3   0xFFFFFFFF  256.9   0.00   0.00   3000  1
108.45  2     -0.02    0.00    1      1    3   0xFFFFFFFF  256.9   0.00   0.00   3000  1
108.47  2     -0.02    0.00    1      1    3   0xFFFFFFFF  256.9   0.00   0.00   3000  1
108.49  2     -0.02    0.00    1      1    3   0xFFFFFFFF  257.0   0.00   0.00   3000  1
108.51  2     -0.02    0.00    1      1    3   0xFFFFFFFF  257.0   0.00   0.00   3000  1
108.53  2     -0.02    0.00    1      1    3   0xFFFFFFFF  257.1   0.00   0.00   3000  1
108.55  2     -0.02    0.00    1      1    3   0xFFFFFFFF  257.1   0.00   0.00   3000  1
108.57  2     -0.02    0.00    1      1    3   0xFFFFFFFF  257.1   0.00   0.00   3000  1
108.59  2     -0.02    0.00    1      1    3   0xFFFFFFFF  257.2   0.00   0.00   3000  1
108.61  2     -0.02    0.00    1      1    3   0xFFFFFFFF  257.2   0.00   0.00   3000  1
108.63  2     -0.02    0.00    1      1    3   0xFFFFFFFF  257.3   0.00   0.00   3000  1
108.65  2     -0.02    0.00    1      1    3   0xFFFFFFFF  257.3   0.00   0.00   3000  1
108.67  2     -0.02    0.00    1      1    3   0xFFFFFFFF  257.3   0.00   0.00   3000  1
108.69  2     -0.02    0.00    1      1    3   0xFFFFFFFF  257.4   0.00   0.00   3000  1
108.71  2     -0.02    0.00    1      1    3   0xFFFFFFFF  257.4   0.00   0.00   3000  1
108.73  2     -0.02    0.00    1      1    3   0xFFFFFFFF  257.5   0.00   0.00   3000  1
108.75  2     -0.02    0.00    1      1    3   0xFFFFFFFF  257.5   0.00   0.00   3000  1
108.77  2     -0.02    0.00    1      1    3   0xFFFFFFFF  257.5   0.00   0.00   3000  1
108.79  2     -0.02    0.00    1      1    3   0xFFFFFFFF  257.6   0.00   0.00   3000  1
108.81  2     -0.02    0.00    1      1    3   0xFFFFFFFF  257.6   0.00   0.00   3000  1
108.83  2     -0.02    0.00    1      1    3   0xFFFFFFFF  257.7   0.00   0.00   3000  1
108.85  2     -0.02    0.00    1      1    3   0xFFFFFFFF  257.7   0.00   0.00   3000  1
108.87  2     -0.02    0.00    1      1    3   0xFFFFFFFF  257.7   0.00   0.00   3000  1
108.89  2     -0.02    0.00    1      1    3   0xFFFFFFFF  257.8   0.00   0.00   3000  1
108.91  2     -0.02    0.00    1      1    3   0xFFFFFFFF  257.8   0.00   0.00   3000  1
108.93  2     -0.02    0.00    1      1    3   0xFFFFFFFF  257.9   0.00   0.00   3000  1
108.95  2     -0.02    0.00    1      1    3   0xFFFFFFFF  257.9   0.00   0.00   3000  1
108.97  2     -0.02    0.00    1      1    3   0xFFFFFFFF  257.9   0.00   0.00   3000  1
108.99  2     -0.02    0.00    1      1    3   0xFFFFFFFF  258.0   0.00   0.00   3000  1
109.01  2     -0.02    0.00    1      1    3   0xFFFFFFFF  258.0   0.00   0.00   3000  1
109.03  2     -0.02    0.00    1      1    3   0xFFFFFFFF  258.1   0.00   0.00   3000  1
109.05  2     -0.02    0.00    1      1    3   0xFFFFFFFF  258.1   0.00   0.00   3000  1
109.07  2     -0.02    0.00    1      1    3   0xFFFFFFFF  258.1   0.00   0.00   3000  1
109.09  2     -0.02    0.00    1      1    3   0xFFFFFFFF  258.2   0.00   0.00   3000  1
109.11  2     -0.02    0.00    1      1    3   0xFFFFFFFF  258.2   0.00   0.00   3000  1
109.13  2     -0.02    0.00    1      1    3   0xFFFFFFFF  258.3   0.00   0.00   3000  1
109.15  2     -0.02    0.00    1      1    3   0xFFFFFFFF  258.3   0.00   0.00   3000  1
109.17  2     -0.01    0.00    1      1    3   0xFFFFFFFF  258.3   0.00   0.00   3000  1
109.19  2     -0.01    0.00    1      1    3   0xFFFFFFFF  258.4   0.00   0.00   3000  1
109.21  2     -0.01    0.00    1      1    3   0xFFFFFFFF  258.4   0.00   0.00   3000  1
109.23  2     -0.01    0.00    1      1    3   0xFFFFFFFF  258.5   0.00   0.00   3000  1
109.25  2     -0.01    0.00    1      1    3   0xFFFFFFFF  258.5   0.00   0.00   3000  1
109.27  2     -0.01    0.00    1      1    3   0xFFFFFFFF  258.5   0.00   0.00   3000  1
109.29  2     -0.01    0.00    1      1    3   0xFFFFFFFF  258.6   0.00   0.00   3000  1
109.31  2     -0.01    0.00    1      1    3   0xFFFFFFFF  258.6   0.00   0.00   3000  1
109.33  2     -0.01    0.00    1      1    3   0xFFFFFFFF  258.7   0.00   0.00   3000  1
109.35  2     -0.01    0.00    1      1    3   0xFFFFFFFF  258.7   0.00   0.00   3000  1
109.37  2     -0.01    0.00    1      1    3   0xFFFFFFFF  258.7   0.00   0.00   3000  1
109.39  2     -0.01    0.00    1      1    3   0xFFFFFFFF  258.8   0.00   0.00   3000  1
109.41  2     -0.01    0.00    1      1    3   0xFFFFFFFF  258.8   0.00   0.00   3000  1
109.43  2     -0.01    0.00    1      1    3   0xFFFFFFFF  258.9   0.00   0.00   3000  1
109.45  2     -0.01    0.00    1      1    3   0xFFFFFFFF  258.9   0.00   0.00   3000  1
109.47  2     -0.01    0.00    1      1    3   0xFFFFFFFF  258.9   0.00   0.00   3000  1
109.49  2     -0.01    0.00    1      1    3   0xFFFFFFFF  259.0   0.00   0.00   3000  1
109.51  2     -0.01    0.00    1      1    3   0xFFFFFFFF  259.0   0.00   0.00   3000  1
109.53  2     -0.01    0.00    1      1    3   0xFFFFFFFF  259.1   0.00   0.00   3000  1
109.55  2     -0.01    0.00    1      1    3   0xFFFFFFFF  259.1   0.00   0.00   3000  1
109.57  2     -0.01    0.00    1      1    3   0xFFFFFFFF  259.1   0.00   0.00   3000  1
109.59  2     -0.01    0.00    1      1    3   0xFFFFFFFF  259.2   0.00   0.00   3000  1
109.61  2     -0.01    0.00    1      1    3   0xFFFFFFFF  259.2   0.00   0.00   3000  1
109.63  2     -0.01    0.00    1      1    3   0xFFFFFFFF  259.3   0.00   0.00   3000  1
109.65  2     -0.01    0.00    1      1    3   0xFFFFFFFF  259.3   0.00   0.00   3000  1
109.67  2     -0.01    0.00    1      1    3   0xFFFFFFFF  259.3   0.00   0.00   3000  1
109.69  2     -0.01    0.00    1      1    3   0xFFFFFFFF  259.4   0.00   0.00   3000  1
109.71  2     -0.01    0.00    1      1    3   0xFFFFFFFF  259.4   0.00   0.00   3000  1
109.73  2     -0.01    0.00    1      1    3   0xFFFFFFFF  259.5   0.00   0.00   3000  1
109.75  2     -0.01    0.00    1      1    3   0xFFFFFFFF  259.5   0.00   0.00   3000  1
109.77  2     -0.01    0.00    1      1    3   0xFFFFFFFF  259.5   0.00   0.00   3000  1
109.79  2     -0.01    0.00    1      1    3   0xFFFFFFFF  259.6   0.00   0.00   3000  1
109.81  2     -0.01    0.00    1      1    3   0xFFFFFFFF  259.6   0.00   0.00   3000  1
109.83  2     -0.01    0.00    1      1    3   0xFFFFFFFF  259.7   0.00   0.00   3000  1
109.85  2     -0.01    0.00    1      1    3   0xFFFFFFFF  259.7   0.00   0.00   3000  1
109.87  2     -0.01    0.00    1      1    3   0xFFFFFFFF  259.7   0.00   0.00   3000  1
109.89  2     -0.01    0.00    1      1    3   0xFFFFFFFF  259.8   0.00   0.00   3000  1
109.91  2     -0.01    0.00    1      1    3   0xFFFFFFFF  259.8   0.00   0.00   3000  1
109.93  2     -0.01    0.00    1      1    3   0xFFFFFFFF  259.9   0.00   0.00   3000  1
109.95  2     -0.01    0.00    1      1    3   0xFFFFFFFF  259.9   0.00   0.00   3000  1
109.97  2     -0.01    0.00    1      1    3   0xFFFFFFFF  259.9   0.00   0.00   3000  1
109.99  2     -0.01    0.00    1      1    3   0xFFFFFFFF  260.0   0.00   0.00   3000  1
110.01  2     -0.01    0.00    1      2    0   0x80000506  260.0   0.00   0.00   3000  1
110.03  2     -0.01    0.00    1      2    0   0x80000506  260.1   0.00   0.00   3000  1
110.05  2     -0.01    0.00    1      2    0   0x80000506  260.1   0.00   0.00   3000  1
110.07  2     -0.01    0.00    1      2    0   0x80000506  260.1   0.00   0.00   3000  1
110.09  2     -0.01    0.00    1      2    0   0x80000506  260.2   0.00   0.00   3000  1
110.11  2     -0.01    0.00    1      2    0   0x80000506  260.2   0.00   0.00   3000  1
110.13  2     -0.01    0.00    1      2    0   0x80000506  260.3   0.00   0.00   3000  1
110.15  2     -0.01    0.00    1      2    0   0x80000506  260.3   0.00   0.00   3000  1
110.17  2     -0.01    0.00    1      2    0   0x80000506  260.3   0.00   0.00   3000  1
110.19  2     -0.01    0.00    1      2    0   0x80000506  260.4   0.00   0.00   3000  1
110.21  2     -0.01    0.00    1      2    0   0x80000506  260.4   0.00   0.00   3000  1
110.23  2     -0.01    0.00    1      2    0   0x80000506  260.5   0.00   0.00   3000  1
110.25  2     -0.01    0.00    1      2    0   0x80000506  260.5   0.00   0.00   3000  1
110.27  2     -0.01    0.00    1      2    0   0x80000506  260.5   0.00   0.00   3000  1
110.29  2     -0.01    0.00    1      2    0   0x80000506  260.6   0.00   0.00   3000  1
110.31  2     -0.01    0.00    1      2    0   0x80000506  260.6   0.00   0.00   3000  1
110.33  2     -0.01    0.00    1      2    0   0x80000506  260.7   0.00   0.00   3000  1
110.35  2     -0.01    0.00    1      2    0   0x80000506  260.7   0.00   0.00   3000  1
110.37  2     -0.01    0.00    1      2    0   0x80000506  260.7   0.00   0.00   3000  1
110.39  2     -0.01    0.00    1      2    0   0x80000506  260.8   0.00   0.00   3000  1
110.41  2     -0.01    0.00    1      2    0   0x80000506  260.8   0.00   0.00   3000  1
110.43  2     -0.01    0.00    1      2    0   0x80000506  260.9   0.00   0.00   3000  1
110.45  2     -0.01    0.00    1      2    0   0x80000506  260.9   0.00   0.00   3000  1
110.47  2     -0.01    0.00    1      2    0   0x80000506  260.9   0.00   0.00   3000  1
110.49  2     -0.01    0.00    1      2    0   0x80000506  261.0   0.00   0.00   3000  1
110.51  2     -0.01    0.00    1      2    0   0x80000506  261.0   0.00   0.00   3000  1
110.53  2     -0.01    0.00    1      2    0   0x80000506  261.1   0.00   0.00   3000  1
110.55  2     -0.01    0.00    1      2    0   0x80000506  261.1   0.00   0.00   3000  1
110.57  2     -0.01    0.00    1      2    0   0x80000506  261.1   0.00   0.00   3000  1
110.59  2     -0.01    0.00    1      2    0   0x80000506  261.2   0.00   0.00   3000  1
110.61  2     -0.01    0.00    1      2    0   0x80000506  261.2   0.00   0.00   3000  1
110.63  2     -0.01    0.00    1      2    0   0x80000506  261.3   0.00   0.00   3000  1
110.65  2     -0.01    0.00    1      2    0   0x80000506  261.3   0.00   0.00   3000  1
110.67  2     -0.01    0.00    1      2    0   0x80000506  261.3   0.00   0.00   3000  1
110.69  2     -0.01    0.00    1      2    0   0x80000506  261.4   0.00   0.00   3000  1
110.71  2     -0.01    0.00    1      2    0   0x80000506  261.4   0.00   0.00   3000  1
110.73  2     -0.01    0.00    1      2    0   0x80000506  261.5   0.00   0.00   3000  1
110.75  2     -0.01    0.00    1      2    0   0x80000506  261.5   0.00   0.00   3000  1
110.77  2     -0.01    0.00    1      2    0   0x80000506  261.5   0.00   0.00   3000  1
110.79  2     -0.01    0.00    1      2    0   0x80000506  261.6   0.00   0.00   3000  1
110.81  2     -0.01    0.00    1      2    0   0x80000506  261.6   0.00   0.00   3000  1
110.83  2     -0.01    0.00    1      2    0   0x80000506  261.7   0.00   0.00   3000  1
110.85  2     -0.01    0.00    1      2    0   0x80000506  261.7   0.00   0.00   3000  1
110.87  2     -0.01    0.00    1      2    0   0x80000506  261.7   0.00   0.00   3000  1
110.89  2     -0.01    0.00    1      2    0   0x80000506  261.8   0.00   0.00   3000  1
110.91  2     -0.01    0.00    1      2    0   0x80000506  261.8   0.00   0.00   3000  1
110.93  2     -0.01    0.00    1      2    0   0x80000506  261.9   0.00   0.00   3000  1
110.95  2     -0.01    0.00    1      2    0   0x80000506  261.9   0.00   0.00   3000  1
110.97  2     -0.01    0.00    1      2    0   0x80000506  261.9   0.00   0.00   3000  1
110.99  2     -0.01    0.00    1      2    0   0x80000506  262.0   0.00   0.00   3000  1
111.01  2     -0.01    0.00    1      2    0   0x80000506  262.0   0.00   0.00   3000  1
111.03  2     -0.01    0.00    1      2    0   0x80000506  262.1   0.00   0.00   3000  1
111.05  2     -0.01    0.00    1      2    0   0x80000506  262.1   0.00   0.00   3000  1
111.07  2     -0.01    0.00    1      2    0   0x80000506  262.1   0.00   0.00   3000  1
111.09  2     -0.01    0.00    1      2    0   0x80000506  262.2   0.00   0.00   3000  1
111.11  2     -0.01    0.00    1      2    0   0x80000506  262.2   0.00   0.00   3000  1
111.13  2     -0.01    0.00    1      2    0   0x80000506  262.3   0.00   0.00   3000  1
111.15  2     -0.01    0.00    1      2    0   0x80000506  262.3   0.00   0.00   3000  1
111.17  2     -0.01    0.00    1      2    0   0x80000506  262.3   0.00   0.00   3000  1
111.19  2     -0.01    0.00    1      2    0   0x80000506  262.4   0.00   0.00   3000  1
111.21  2     -0.01    0.00    1      2    0   0x80000506  262.4   0.00   0.00   3000  1
111.23  2     -0.01    0.00    1      2    0   0x80000506  262.5   0.00   0.00   3000  1
111.25  2     -0.01    0.00    1      2    0   0x80000506  262.5   0.00   0.00   3000  1
111.27  2     -0.01    0.00    1      2    0   0x80000506  262.5   0.00   0.00   3000  1
111.29  2     -0.01    0.00    1      2    0   0x80000506  262.6   0.00   0.00   3000  1
111.31  2     -0.01    0.00    1      2    0   0x80000506  262.6   0.00   0.00   3000  1
111.33  2     -0.01    0.00    1      2    0   0x80000506  262.7   0.00   0.00   3000  1
111.35  2     -0.01    0.00    1      2    0   0x80000506  262.7   0.00   0.00   3000  1
111.37  2     -0.01    0.00    1      2    0   0x80000506  262.7   0.00   0.00   3000  1
111.39  2     -0.01    0.00    1      2    0   0x80000506  262.8   0.00   0.00   3000  1
111.41  2     -0.01    0.00    1      2    0   0x80000506  262.8   0.00   0.00   3000  1
111.43  2     -0.01    0.00    1      2    0   0x80000506  262.9   0.00   0.00   3000  1
111.45  2     -0.01    0.00    1      2    0   0x80000506  262.9   0.00   0.00   3000  1
111.47  2     -0.01    0.00    1      2    0   0x80000506  262.9   0.00   0.00   3000  1
111.49  2     -0.01    0.00    1      2    0   0x80000506  263.0   0.00   0.00   3000  1
111.51  2     -0.01    0.00    1      2    0   0x80000506  263.0   0.00   0.00   3000  1
111.53  2     -0.01    0.00    1      2    0   0x80000506  263.1   0.00   0.00   3000  1
111.55  2     -0.01    0.00    1      2    0   0x80000506  263.1   0.00   0.00   3000  1
111.57  2     -0.01    0.00    1      2    0   0x80000506  263.1   0.00   0.00   3000  1
111.59  2     -0.01    0.00    1      2    0   0x80000506  263.2   0.00   0.00   3000  1
111.61  2     -0.01    0.00    1      2    0   0x80000506  263.2   0.00   0.00   3000  1
111.63  2     -0.01    0.00    1      2    0   0x80000506  263.3   0.00   0.00   3000  1
111.65  2     -0.01    0.00    1      2    0   0x80000506  263.3   0.00   0.00   3000  1
111.67  2     -0.01    0.00    1      2    0   0x80000506  263.3   0.00   0.00   3000  1
111.69  2     -0.01    0.00    1      2    0   0x80000506  263.4   0.00   0.00   3000  1
111.71  2     -0.01    0.00    1      2    0   0x80000506  263.4   0.00   0.00   3000  1
111.73  2     -0.01    0.00    1      2    0   0x80000506  263.5   0.00   0.00   3000  1
111.75  2     -0.01    0.00    1      2    0   0x80000506  263.5   0.00   0.00   3000  1
111.77  2     -0.01    0.00    1      2    0   0x80000506  263.5   0.00   0.00   3000  1
111.79  2     -0.01    0.00    1      2    0   0x80000506  263.6   0.00   0.00   3000  1
111.81  2     -0.01    0.00    1      2    0   0x80000506  263.6   0.00   0.00   3000  1
111.83  2     -0.01    0.00    1      2    0   0x80000506  263.7   0.00   0.00   3000  1
111.85  2     -0.01    0.00    1      2    0   0x80000506  263.7   0.00   0.00   3000  1
111.87  2     -0.01    0.00    1      2    0   0x80000506  263.7   0.00   0.00   3000  1
111.89  2     -0.01    0.00    1      2    0   0x80000506  263.8   0.00   0.00   3000  1
111.91  2     -0.01    0.00    1      2    0   0x80000506  263.8   0.00   0.00   3000  1
111.93  2     -0.01    0.00    1      2    0   0x80000506  263.9   0.00   0.00   3000  1
111.95  2     -0.01    0.00    1      2    0   0x80000506  263.9   0.00   0.00   3000  1
111.97  2     -0.01    0.00    1      2    0   0x80000506  263.9   0.00   0.00   3000  1
111.99  2     -0.01    0.00    1      2    0   0x80000506  264.0   0.00   0.00   3000  1
112.01  2     -0.01    0.00    1      2    0   0x80000506  264.0   0.00   0.00   3000  1
112.03  2     -0.01    0.00    1      2    0   0x80000506  264.1   0.00   0.00   3000  1
112.05  2     -0.01    0.00    1      2    0   0x80000506  264.1   0.00   0.00   3000  1
112.07  2     -0.01    0.00    1      2    0   0x80000506  264.1   0.00   0.00   3000  1
112.09  2     -0.01    0.00    1      2    0   0x80000506  264.2   0.00   0.00   3000  1
112.11  2     -0.01    0.00    1      2    0   0x80000506  264.2   0.00   0.00   3000  1
112.13  2     -0.01    0.00    1      2    0   0x80000506  264.3   0.00   0.00   3000  1
112.15  2     -0.01    0.00    1      2    0   0x80000506  264.3   0.00   0.00   3000  1
112.17  2     -0.01    0.00    1      2    0   0x80000506  264.3   0.00   0.00   3000  1
112.19  2     -0.01    0.00    1      2    0   0x80000506  264.4   0.00   0.00   3000  1
112.21  2     -0.01    0.00    1      2    0   0x80000506  264.4   0.00   0.00   3000  1
112.23  2     -0.01    0.00    1      2    0   0x80000506  264.5   0.00   0.00   3000  1
112.25  2     -0.01    0.00    1      2    0   0x80000506  264.5   0.00   0.00   3000  1
112.27  2     -0.01    0.00    1      2    0   0x80000506  264.5   0.00   0.00   3000  1
112.29  2     -0.01    0.00    1      2    0   0x80000506  264.6   0.00   0.00   3000  1
112.31  2     -0.01    0.00    1      2    0   0x80000506  264.6   0.00   0.00   3000  1
112.33  2     -0.01    0.00    1      2    0   0x80000506  264.7   0.00   0.00   3000  1
112.35  2     -0.01    0.00    1      2    0   0x80000506  264.7   0.00   0.00   3000  1
112.37  2     -0.01    0.00    1      2    0   0x80000506  264.7   0.00   0.00   3000  1
112.39  2     -0.01    0.00    1      2    0   0x80000506  264.8   0.00   0.00   3000  1
112.41  2     -0.01    0.00    1      2    0   0x80000506  264.8   0.00   0.00   3000  1
112.43  2     -0.01    0.00    1      2    0   0x80000506  264.9   0.00   0.00   3000  1
112.45  2     -0.01    0.00    1      2    0   0x80000506  264.9   0.00   0.00   3000  1
112.47  2     -0.01    0.00    1      2    0   0x80000506  264.9   0.00   0.00   3000  1
112.49  2     -0.01    0.00    1      2    0   0x80000506  265.0   0.00   0.00   3000  1
112.51  2     -0.01    0.00    1      2    0   0x80000506  265.0   0.00   0.00   3000  1
112.53  2     -0.01    0.00    1      2    0   0x80000506  265.1   0.00   0.00   3000  1
112.55  2     -0.01    0.00    1      2    0   0x80000506  265.1   0.00   0.00   3000  1
112.57  2     -0.01    0.00    1      2    0   0x80000506  265.1   0.00   0.00   3000  1
112.59  2     -0.01    0.00    1      2    0   0x80000506  265.2   0.00   0.00   3000  1
112.61  2     -0.01    0.00    1      2    0   0x80000506  265.2   0.00   0.00   3000  1
112.63  2     -0.01    0.00    1      2    0   0x80000506  265.3   0.00   0.00   3000  1
112.65  2     -0.01    0.00    1      2    0   0x80000506  265.3   0.00   0.00   3000  1
112.67  2     -0.01    0.00    1      2    0   0x80000506  265.3   0.00   0.00   3000  1
112.69  2     -0.01    0.00    1      2    0   0x80000506  265.4   0.00   0.00   3000  1
112.71  2     -0.01    0.00    1      2    0   0x80000506  265.4   0.00   0.00   3000  1
112.73  2     -0.01    0.00    1      2    0   0x80000506  265.5   0.00   0.00   3000  1
112.75  2     -0.01    0.00    1      2    0   0x80000506  265.5   0.00   0.00   3000  1
112.77  2     -0.01    0.00    1      2    0   0x80000506  265.5   0.00   0.00   3000  1
112.79  2     -0.01    0.00    1      2    0   0x80000506  265.6   0.00   0.00   3000  1
112.81  2     -0.01    0.00    1      2    0   0x80000506  265.6   0.00   0.00   3000  1
112.83  2     -0.01    0.00    1      2    0   0x80000506  265.7   0.00   0.00   3000  1
112.85  2     -0.01    0.00    1      2    0   0x80000506  265.7   0.00   0.00   3000  1
112.87  2     -0.01    0.00    1      2    0   0x80000506  265.7   0.00   0.00   3000  1
112.89  2     -0.01    0.00    1      2    0   0x80000506  265.8   0.00   0.00   3000  1
112.91  2     -0.01    0.00    1      2    0   0x80000506  265.8   0.00   0.00   3000  1
112.93  2     -0.01    0.00    1      2    0   0x80000506  265.9   0.00   0.00   3000  1
112.95  2     -0.01    0.00    1      2    0   0x80000506  265.9   0.00   0.00   3000  1
112.97  2     -0.01    0.00    1      2    0   0x80000506  265.9   0.00   0.00   3000  1
112.99  2     -0.01    0.00    1      2    0   0x80000506  266.0   0.00   0.00   3000  1
113.01  2     -0.01    0.00    1      2    0   0x80000506  266.0   0.00   0.00   3000  1
113.03  2     -0.01    0.00    1      2    0   0x80000506  266.1   0.00   0.00   3000  1
113.05  2     -0.01    0.00    1      2    0   0x80000506  266.1   0.00   0.00   3000  1
113.07  2     -0.01    0.00    1      2    0   0x80000506  266.1   0.00   0.00   3000  1
113.09  2     -0.01    0.00    1      2    0   0x80000506  266.2   0.00   0.00   3000  1
113.11  2     -0.01    0.00    1      2    0   0x80000506  266.2   0.00   0.00   3000  1
113.13  2     -0.01    0.00    1      2    0   0x80000506  266.3   0.00   0.00   3000  1
113.15  2     -0.01    0.00    1      2    0   0x80000506  266.3   0.00   0.00   3000  1
113.17  2     -0.01    0.00    1      2    0   0x80000506  266.3   0.00   0.00   3000  1
113.19  2     -0.01    0.00    1      2    0   0x80000506  266.4   0.00   0.00   3000  1
113.21  2     -0.01    0.00    1      2    0   0x80000506  266.4   0.00   0.00   3000  1
113.23  2     -0.01    0.00    1      2    0   0x80000506  266.5   0.00   0.00   3000  1
113.25  2     -0.01    0.00    1      2    0   0x80000506  266.5   0.00   0.00   3000  1
113.27  2     -0.01    0.00    1      2    0   0x80000506  266.5   0.00   0.00   3000  1
113.29  2     -0.01    0.00    1      2    0   0x80000506  266.6   0.00   0.00   3000  1
113.31  2     -0.01    0.00    1      2    0   0x80000506  266.6   0.00   0.00   3000  1
113.33  2     -0.01    0.00    1      2    0   0x80000506  266.7   0.00   0.00   3000  1
113.35  2     -0.01    0.00    1      2    0   0x80000506  266.7   0.00   0.00   3000  1
113.37  2     -0.01    0.00    1      2    0   0x80000506  266.7   0.00   0.00   3000  1
113.39  2     -0.01    0.00    1      2    0   0x80000506  266.8   0.00   0.00   3000  1
113.41  2     -0.01    0.00    1      2    0   0x80000506  266.8   0.00   0.00   3000  1
113.43  2     -0.01    0.00    1      2    0   0x80000506  266.9   0.00   0.00   3000  1
113.45  2     -0.01    0.00    1      2    0   0x80000506  266.9   0.00   0.00   3000  1
113.47  2     -0.01    0.00    1      2    0   0x80000506  266.9   0.00   0.00   3000  1
113.49  2     -0.01    0.00    1      2    0   0x80000506  267.0   0.00   0.00   3000  1
113.51  2     -0.01    0.00    1      2    0   0x80000506  267.0   0.00   0.00   3000  1
113.53  2     -0.01    0.00    1      2    0   0x80000506  267.1   0.00   0.00   3000  1
113.55  2     -0.01    0.00    1      2    0   0x80000506  267.1   0.00   0.00   3000  1
113.57  2     -0.01    0.00    1      2    0   0x80000506  267.1   0.00   0.00   3000  1
113.59  2     -0.01    0.00    1      2    0   0x80000506  267.2   0.00   0.00   3000  1
113.61  2     -0.01    0.00    1      2    0   0x80000506  267.2   0.00   0.00   3000  1
113.63  2     -0.01    0.00    1      2    0   0x80000506  267.3   0.00   0.00   3000  1
113.65  2     -0.01    0.00    1      2    0   0x80000506  267.3   0.00   0.00   3000  1
113.67  2     -0.01    0.00    1      2    0   0x80000506  267.3   0.00   0.00   3000  1
113.69  2     -0.01    0.00    1      2    0   0x80000506  267.4   0.00   0.00   3000  1
113.71  2     -0.01    0.00    1      2    0   0x80000506  267.4   0.00   0.00   3000  1
113.73  2     -0.01    0.00    1      2    0   0x80000506  267.5   0.00   0.00   3000  1
113.75  2     -0.01    0.00    1      2    0   0x80000506  267.5   0.00   0.00   3000  1
113.77  2     -0.01    0.00    1      2    0   0x80000506  267.5   0.00   0.00   3000  1
113.79  2     -0.01    0.00    1      2    0   0x80000506  267.6   0.00   0.00   3000  1
113.81  2     -0.01    0.00    1      2    0   0x80000506  267.6   0.00   0.00   3000  1
113.83  2     -0.01    0.00    1      2    0   0x80000506  267.7   0.00   0.00   3000  1
113.85  2     -0.01    0.00    1      2    0   0x80000506  267.7   0.00   0.00   3000  1
113.87  2     -0.01    0.00    1      2    0   0x80000506  267.7   0.00   0.00   3000  1
113.89  2     -0.01    0.00    1      2    0   0x80000506  267.8   0.00   0.00   3000  1
113.91  2     -0.01    0.00    1      2    0   0x80000506  267.8   0.00   0.00   3000  1
113.93  2     -0.01    0.00    1      2    0   0x80000506  267.9   0.00   0.00   3000  1
113.95  2     -0.01    0.00    1      2    0   0x80000506  267.9   0.00   0.00   3000  1
113.97  2     -0.01    0.00    1      2    0   0x80000506  267.9   0.00   0.00   3000  1
113.99  2     -0.01    0.00    1      2    0   0x80000506  268.0   0.00   0.00   3000  1
114.01  2     -0.01    0.00    1      2    0   0x80000506  268.0   0.00   0.00   3000  1
114.03  2     -0.01    0.00    1      2    0   0x80000506  268.1   0.00   0.00   3000  1
114.05  2     -0.01    0.00    1      2    0   0x80000506  268.1   0.00   0.00   3000  1
114.07  2     -0.01    0.00    1      2    0   0x80000506  268.1   0.00   0.00   3000  1
114.09  2     -0.01    0.00    1      2    0   0x80000506  268.2   0.00   0.00   3000  1
114.11  2     -0.01    0.00    1      2    0   0x80000506  268.2   0.00   0.00   3000  1
114.13  2     -0.01    0.00    1      2    0   0x80000506  268.3   0.00   0.00   3000  1
114.15  2     -0.01    0.00    1      2    0   0x80000506  268.3   0.00   0.00   3000  1
114.17  2     -0.01    0.00    1      2    0   0x80000506  268.3   0.00   0.00   3000  1
114.19  2     -0.01    0.00    1      2    0   0x80000506  268.4   0.00   0.00   3000  1
114.21  2     -0.01    0.00    1      2    0   0x80000506  268.4   0.00   0.00   3000  1
114.23  2     -0.01    0.00    1      2    0   0x80000506  268.5   0.00   0.00   3000  1
114.25  2     -0.01    0.00    1      2    0   0x80000506  268.5   0.00   0.00   3000  1
114.27  2     -0.01    0.00    1      2    0   0x80000506  268.5   0.00   0.00   3000  1
114.29  2     -0.01    0.00    1      2    0   0x80000506  268.6   0.00   0.00   3000  1
114.31  2     -0.01    0.00    1      2    0   0x80000506  268.6   0.00   0.00   3000  1
114.33  2     -0.01    0.00    1      2    0   0x80000506  268.7   0.00   0.00   3000  1
114.35  2     -0.01    0.00    1      2    0   0x80000506  268.7   0.00   0.00   3000  1
114.37  2     -0.01    0.00    1      2    0   0x80000506  268.7   0.00   0.00   3000  1
114.39  2     -0.01    0.00    1      2    0   0x80000506  268.8   0.00   0.00   3000  1
114.41  2     -0.01    0.00    1      2    0   0x80000506  268.8   0.00   0.00   3000  1
114.43  2     -0.01    0.00    1      2    0   0x80000506  268.9   0.00   0.00   3000  1
114.45  2     -0.01    0.00    1      2    0   0x80000506  268.9   0.00   0.00   3000  1
114.47  2     -0.01    0.00    1      2    0   0x80000506  268.9   0.00   0.00   3000  1
114.49  2     -0.01    0.00    1      2    0   0x80000506  269.0   0.00   0.00   3000  1
114.51  2     -0.01    0.00    1      2    0   0x80000506  269.0   0.00   0.00   3000  1
114.53  2     -0.01    0.00    1      2    0   0x80000506  269.1   0.00   0.00   3000  1
114.55  2     -0.01    0.00    1      2    0   0x80000506  269.1   0.00   0.00   3000  1
114.57  2     -0.01    0.00    1      2    0   0x80000506  269.1   0.00   0.00   3000  1
114.59  2     -0.01    0.00    1      2    0   0x80000506  269.2   0.00   0.00   3000  1
114.61  2     -0.01    0.00    1      2    0   0x80000506  269.2   0.00   0.00   3000  1
114.63  2     -0.01    0.00    1      2    0   0x80000506  269.3   0.00   0.00   3000  1
114.65  2     -0.01    0.00    1      2    0   0x80000506  269.3   0.00   0.00   3000  1
114.67  2     -0.01    0.00    1      2    0   0x80000506  269.3   0.00   0.00   3000  1
114.69  2     -0.01    0.00    1      2    0   0x80000506  269.4   0.00   0.00   3000  1
114.71  2     -0.01    0.00    1      2    0   0x80000506  269.4   0.00   0.00   3000  1
114.73  2     -0.01    0.00    1      2    0   0x80000506  269.5   0.00   0.00   3000  1
114.75  2     -0.01    0.00    1      2    0   0x80000506  269.5   0.00   0.00   3000  1
114.77  2     -0.01    0.00    1      2    0   0x80000506  269.5   0.00   0.00   3000  1
114.79  2     -0.01    0.00    1      2    0   0x80000506  269.6   0.00   0.00   3000  1
114.81  2     -0.01    0.00    1      2    0   0x80000506  269.6   0.00   0.00   3000  1
114.83  2     -0.01    0.00    1      2    0   0x80000506  269.7   0.00   0.00   3000  1
114.85  2     -0.01    0.00    1      2    0   0x80000506  269.7   0.00   0.00   3000  1
114.87  2     -0.01    0.00    1      2    0   0x80000506  269.7   0.00   0.00   3000  1
114.89  2     -0.01    0.00    1      2    0   0x80000506  269.8   0.00   0.00   3000  1
114.91  2     -0.01    0.00    1      2    0   0x80000506  269.8   0.00   0.00   3000  1
114.93  2     -0.01    0.00    1      2    0   0x80000506  269.9   0.00   0.00   3000  1
114.95  2     -0.01    0.00    1      2    0   0x80000506  269.9   0.00   0.00   3000  1
114.97  2     -0.01    0.00    1      2    0   0x80000506  269.9   0.00   0.00   3000  1
114.99  2     -0.01    0.00    1      2    0   0x80000506  270.0   0.00   0.00   3000  1
115.01  2     -0.01    0.00    1      2    0   0x80000506  269.8   0.00   0.00   3000  1
115.03  2     -0.01    0.00    1      2    0   0x80000506  269.5   0.00   0.00   3000  1
115.05  2     -0.01    0.00    1      2    0   0x80000506  269.3   0.00   0.00   3000  1
115.07  2     -0.01    0.00    1      2    0   0x80000506  269.0   0.00   0.00   3000  1
115.09  2     -0.01    0.00    1      2    0   0x80000506  268.7   0.00   0.00   3000  1
115.11  2     -0.01    0.00    1      2    0   0x80000506  268.4   0.00   0.00   3000  1
115.13  2     -0.01    0.00    1      2    0   0x80000506  268.1   0.00   0.00   3000  1
115.15  2     -0.01    0.00    1      2    0   0x80000506  267.9   0.00   0.00   3000  1
115.17  2     -0.01    0.00    1      2    0   0x80000506  267.6   0.00   0.00   3000  1
115.19  2     -0.01    0.00    1      2    0   0x80000506  267.3   0.00   0.00   3000  1
115.21  2     -0.01    0.00    1      2    0   0x80000506  267.0   0.00   0.00   3000  1
115.23  2     -0.01    0.00    1      2    0   0x80000506  266.7   0.00   0.00   3000  1
115.25  2     -0.01    0.00    1      2    0   0x80000506  266.5   0.00   0.00   3000  1
115.27  2     -0.01    0.00    1      2    0   0x80000506  266.2   0.00   0.00   3000  1
115.29  2     -0.01    0.00    1      2    0   0x80000506  265.9   0.00   0.00   3000  1
115.31  2     -0.01    0.00    1      2    0   0x80000506  265.6   0.00   0.00   3000  1
115.33  2     -0.01    0.00    1      2    0   0x80000506  265.3   0.00   0.00   3000  1
115.35  2     -0.01    0.00    1      2    0   0x80000506  265.1   0.00   0.00   3000  1
115.37  2     -0.01    0.00    1      2    0   0x80000506  264.8   0.00   0.00   3000  1
115.39  2     -0.01    0.00    1      2    0   0x80000506  264.5   0.00   0.00   3000  1
115.41  2     -0.01    0.00    1      2    0   0x80000506  264.2   0.00   0.00   3000  1
115.43  2     -0.01    0.00    1      2    0   0x80000506  263.9   0.00   0.00   3000  1
115.45  2     -0.01    0.00    1      2    0   0x80000506  263.7   0.00   0.00   3000  1
115.47  2     -0.01    0.00    1      2    0   0x80000506  263.4   0.00   0.00   3000  1
115.49  2     -0.01    0.00    1      2    0   0x80000506  263.1   0.00   0.00   3000  1
115.51  2     -0.01    0.00    1      2    0   0x80000506  262.8   0.00   0.00   3000  1
115.53  2     -0.01    0.00    1      2    0   0x80000506  262.5   0.00   0.00   3000  1
115.55  2     -0.01    0.00    1      2    0   0x80000506  262.3   0.00   0.00   3000  1
115.57  2     -0.01    0.00    1      2    0   0x00000106  262.0   0.00   0.00   3000  1
115.59  2     -0.01    0.00    1      2    0   0x00000106  261.7   0.00   0.00   3000  1
115.61  2     -0.01    0.00    1      2    0   0x00000106  261.4   0.00   0.00   3000  1
115.63  2     -0.01    0.00    1      2    0   0x00000106  261.1   0.00   0.00   3000  1
115.65  2     -0.01    0.00    1      2    0   0x00000106  260.9   0.00   0.00   3000  1
115.67  2     -0.01    0.00    1      2    0   0x00000106  260.6   0.00   0.00   3000  1
115.69  2     -0.01    0.00    1      2    0   0x00000106  260.3   0.00   0.00   3000  1
115.71  2     -0.01    0.00    1      2    0   0x00000106  260.0   0.00   0.00   3000  1
115.73  2     -0.01    0.00    1      2    0   0x00000106  259.7   0.00   0.00   3000  1
115.75  2     -0.01    0.00    1      2    0   0x00000106  259.5   0.00   0.00   3000  1
115.77  2     -0.01    0.00    1      2    0   0x00000106  259.2   0.00   0.00   3000  1
115.79  2     -0.01    0.00    1      2    0   0x00000106  258.9   0.00   0.00   3000  1
115.81  2     -0.01    0.00    1      2    0   0x00000106  258.6   0.00   0.00   3000  1
115.83  2     -0.01    0.00    1      2    0   0x00000106  258.3   0.00   0.00   3000  1
115.85  2     -0.01    0.00    1      2    0   0x00000106  258.1   0.00   0.00   3000  1
115.87  2     -0.01    0.00    1      2    0   0x00000106  257.8   0.00   0.00   3000  1
115.89  2     -0.01    0.00    1      2    0   0x00000106  257.5   0.00   0.00   3000  1
115.91  2     -0.01    0.00    1      2    0   0x00000106  257.2   0.00   0.00   3000  1
115.93  2     -0.01    0.00    1      2    0   0x00000106  256.9   0.00   0.00   3000  1
115.95  2     -0.01    0.00    1      2    0   0x00000106  256.7   0.00   0.00   3000  1
115.97  2     -0.01    0.00    1      2    0   0x00000106  256.4   0.00   0.00   3000  1
115.99  2     -0.01    0.00    1      2    0   0x00000106  256.1   0.00   0.00   3000  1
116.01  2     -0.01    0.00    1      2    0   0x00000106  255.8   0.00   0.00   3000  1
116.03  2     -0.01    0.00    1      2    0   0x00000106  255.5   0.00   0.00   3000  1
116.05  2     -0.01    0.00    1      2    0   0x00000106  255.3   0.00   0.00   3000  1
116.07  2     -0.01    0.00    1      2    0   0x00000106  255.0   0.00   0.00   3000  1
116.09  2     -0.01    0.00    1      2    0   0x00000106  254.7   0.00   0.00   3000  1
116.11  2     -0.01    0.00    1      2    0   0x00000106  254.4   0.00   0.00   3000  1
116.13  2     -0.01    0.00    1      2    0   0x00000106  254.1   0.00   0.00   3000  1
116.15  2     -0.01    0.00    1      2    0   0x00000106  253.9   0.00   0.00   3000  1
116.17  2     -0.01    0.00    1      2    0   0x00000106  253.6   0.00   0.00   3000  1
116.19  2     -0.01    0.00    1      2    0   0x00000106  253.3   0.00   0.00   3000  1
116.21  2     -0.01    0.00    1      2    0   0x00000106  253.0   0.00   0.00   3000  1
116.23  2     -0.01    0.00    1      2    0   0x00000106  252.7   0.00   0.00   3000  1
116.25  2     -0.01    0.00    1      2    0   0x00000106  252.5   0.00   0.00   3000  1
116.27  2     -0.01    0.00    1      2    0   0x00000106  252.2   0.00   0.00   3000  1
116.29  2     -0.01    0.00    1      2    0   0x00000106  251.9   0.00   0.00   3000  1
116.31  2     -0.01    0.00    1      2    0   0x00000106  251.6   0.00   0.00   3000  1
116.33  2     -0.01    0.00    1      2    0   0x00000106  251.3   0.00   0.00   3000  1
116.35  2     -0.01    0.00    1      2    0   0x00000106  251.1   0.00   0.00   3000  1
116.37  2     -0.01    0.00    1      2    0   0x00000106  250.8   0.00   0.00   3000  1
116.39  2     -0.01    0.00    1      2    0   0x00000106  250.5   0.00   0.00   3000  1
116.41  2     -0.01    0.00    1      2    0   0x00000106  250.2   0.00   0.00   3000  1
116.43  2     -0.01    0.00    1      2    0   0x00000106  249.9   0.00   0.00   3000  1
116.45  2     -0.01    0.00    1      2    0   0x00000106  249.7   0.00   0.00   3000  1
116.47  2     -0.01    0.00    1      2    0   0x00000106  249.4   0.00   0.00   3000  1
116.49  2     -0.01    0.00    1      2    0   0x00000106  249.1   0.00   0.00   3000  1
116.51  2     -0.01    0.00    1      2    0   0x00000106  248.8   0.00   0.00   3000  1
116.53  2     -0.01    0.00    1      2    0   0x00000106  248.5   0.00   0.00   3000  1
116.55  2     -0.01    0.00    1      2    0   0x00000106  248.3   0.00   0.00   3000  1
116.57  2     -0.01    0.00    1      2    0   0x00000106  248.0   0.00   0.00   3000  1
116.59  2     -0.01    0.00    1      2    0   0x00000106  247.7   0.00   0.00   3000  1
116.61  2     -0.01    0.00    1      2    0   0x00000106  247.4   0.00   0.00   3000  1
116.63  2     -0.01    0.00    1      2    0   0x00000106  247.1   0.00   0.00   3000  1
116.65  2     -0.01    0.00    1      2    0   0x00000106  246.9   0.00   0.00   3000  1
116.67  2     -0.01    0.00    1      2    0   0x00000106  246.6   0.00   0.00   3000  1
116.69  2     -0.01    0.00    1      2    0   0x00000106  246.3   0.00   0.00   3000  1
116.71  2     -0.01    0.00    1      2    0   0x00000106  246.0   0.00   0.00   3000  1
116.73  2     -0.01    0.00    1      2    0   0x00000106  245.7   0.00   0.00   3000  1
116.75  2     -0.01    0.00    1      2    0   0x00000106  245.5   0.00   0.00   3000  1
116.77  2     -0.01    0.00    1      2    0   0x00000106  245.2   0.00   0.00   3000  1
116.79  2     -0.01    0.00    1      2    0   0x00000106  244.9   0.00   0.00   3000  1
116.81  2     -0.01    0.00    1      2    0   0x00000106  244.6   0.00   0.00   3000  1
116.83  2     -0.01    0.00    1      2    0   0x00000106  244.3   0.00   0.00   3000  1
116.85  2     -0.01    0.00    1      2    0   0x00000106  244.1   0.00   0.00   3000  1
116.87  2     -0.01    0.00    1      2    0   0x00000106  243.8   0.00   0.00   3000  1
116.89  2     -0.01    0.00    1      2    0   0x00000106  243.5   0.00   0.00   3000  1
116.91  2     -0.01    0.00    1      2    0   0x00000106  243.2   0.00   0.00   3000  1
116.93  2     -0.01    0.00    1      2    0   0x00000106  242.9   0.00   0.00   3000  1
116.95  2     -0.01    0.00    1      2    0   0x00000106  242.7   0.00   0.00   3000  1
116.97  2     -0.01    0.00    1      2    0   0x00000106  242.4   0.00   0.00   3000  1
116.99  2     -0.01    0.00    1      2    0   0x00000106  242.1   0.00   0.00   3000  1
117.01  2     -0.01    0.00    1      2    0   0x00000106  241.8   0.00   0.00   3000  1
117.03  2     -0.01    0.00    1      2    0   0x00000106  241.5   0.00   0.00   3000  1
117.05  2     -0.01    0.00    1      2    0   0x00000106  241.3   0.00   0.00   3000  1
117.07  2     -0.01    0.00    1      2    0   0x00000106  241.0   0.00   0.00   3000  1
117.09  2     -0.01    0.00    1      2    0   0x00000106  240.7   0.00   0.00   3000  1
117.11  2     -0.01    0.00    1      2    0   0x00000106  240.4   0.00   0.00   3000  1
117.13  2     -0.01    0.00    1      2    0   0x00000106  240.1   0.00   0.00   3000  1
117.15  2     -0.01    0.00    1      2    0   0x00000106  239.9   0.00   0.00   3000  1
117.17  2     -0.01    0.00    1      2    0   0x00000106  239.6   0.00   0.00   3000  1
117.19  2     -0.01    0.00    1      2    0   0x00000106  239.3   0.00   0.00   3000  1
117.21  2     -0.01    0.00    1      2    0   0x00000106  239.0   0.00   0.00   3000  1
117.23  2     -0.01    0.00    1      2    0   0x00000106  238.7   0.00   0.00   3000  1
117.25  2     -0.01    0.00    1      2    0   0x00000106  238.5   0.00   0.00   3000  1
117.27  2     -0.01    0.00    1      2    0   0x00000106  238.2   0.00   0.00   3000  1
117.29  2     -0.01    0.00    1      2    0   0x00000106  237.9   0.00   0.00   3000  1
117.31  2     -0.01    0.00    1      2    0   0x00000106  237.6   0.00   0.00   3000  1
117.33  2     -0.01    0.00    1      2    0   0x00000106  237.3   0.00   0.00   3000  1
117.35  2     -0.01    0.00    1      2    0   0x00000106  237.1   0.00   0.00   3000  1
117.37  2     -0.01    0.00    1      2    0   0x00000106  236.8   0.00   0.00   3000  1
117.39  2     -0.01    0.00    1      2    0   0x00000106  236.5   0.00   0.00   3000  1
117.41  2     -0.01    0.00    1      2    0   0x00000106  236.2   0.00   0.00   3000  1
117.43  2     -0.01    0.00    1      2    0   0x00000106  235.9   0.00   0.00   3000  1
117.45  2     -0.01    0.00    1      2    0   0x00000106  235.7   0.00   0.00   3000  1
117.47  2     -0.01    0.00    1      2    0   0x00000106  235.4   0.00   0.00   3000  1
117.49  2     -0.01    0.00    1      2    0   0x00000106  235.1   0.00   0.00   3000  1
117.51  2     -0.01    0.00    1      2    0   0x00000106  234.8   0.00   0.00   3000  0
117.53  2     -0.01    0.00    1      2    0   0x00000106  234.5   0.00   0.00   3000  0
117.55  2     -0.01    0.00    1      2    0   0x00000106  234.3   0.00   0.00   3000  0
117.57  2     -0.01    0.00    1      2    0   0x00000106  234.0   0.00   0.00   3000  0
117.59  2     -0.01    0.00    1      2    0   0x00000106  233.7   0.00   0.00   3000  0
117.61  2     -0.01    0.00    1      2    0   0x00000106  233.4   0.00   0.00   3000  0
117.63  2     -0.01    0.00    1      2    0   0x00000106  233.1   0.00   0.00   3000  0
117.65  2     -0.01    0.00    1      2    0   0x00000106  232.9   0.00   0.00   3000  0
117.67  2     -0.01    0.00    1      2    0   0x00000106  232.6   0.00   0.00   3000  0
117.69  2     -0.01    0.00    1      2    0   0x00000106  232.3   0.00   0.00   3000  0
117.71  2     -0.01    0.00    1      2    0   0x00000106  232.0   0.00   0.00   3000  0
117.73  2     -0.01    0.00    1      2    0   0x00000106  231.7   0.00   0.00   3000  0
117.75  2     -0.01    0.00    1      2    0   0x00000106  231.5   0.00   0.00   3000  0
117.77  2     -0.01    0.00    1      2    0   0x00000106  231.2   0.00   0.00   3000  0
117.79  2     -0.01    0.00    1      2    0   0x00000106  230.9   0.00   0.00   3000  0
117.81  2     -0.01    0.00    1      2    0   0x00000106  230.6   0.00   0.00   3000  0
117.83  2     -0.01    0.00    1      2    0   0x00000106  230.3   0.00   0.00   3000  0
117.85  2     -0.01    0.00    1      2    0   0x00000106  230.1   0.00   0.00   3000  0
117.87  2     -0.01    0.00    1      2    0   0x00000106  229.8   0.00   0.00   3000  0
117.89  2     -0.01    0.00    1      2    0   0x00000106  229.5   0.00   0.00   3000  0
117.91  2     -0.01    0.00    1      2    0   0x00000106  229.2   0.00   0.00   3000  0
117.93  2     -0.01    0.00    1      2    0   0x00000106  228.9   0.00   0.00   3000  0
117.95  2     -0.01    0.00    1      2    0   0x00000106  228.7   0.00   0.00   3000  0
117.97  2     -0.01    0.00    1      2    0   0x00000106  228.4   0.00   0.00   3000  0
117.99  2     -0.01    0.00    1      2    0   0x00000106  228.1   0.00   0.00   3000  0
118.01  2     -0.01    0.00    1      2    0   0x00000106  227.8   0.00   0.00   3000  0
118.03  2     -0.01    0.00    1      2    0   0x00000106  227.5   0.00   0.00   3000  0
118.05  2     -0.01    0.00    1      2    0   0x00000106  227.3   0.00   0.00   3000  0
118.07  2     -0.01    0.00    1      2    0   0x00000106  227.0   0.00   0.00   3000  0
118.09  2     -0.01    0.00    1      2    0   0x00000106  226.7   0.00   0.00   3000  0
118.11  2     -0.01    0.00    1      2    0   0x00000106  226.4   0.00   0.00   3000  0
118.13  2     -0.01    0.00    1      2    0   0x00000106  226.1   0.00   0.00   3000  0
118.15  2     -0.01    0.00    1      2    0   0x00000106  225.9   0.00   0.00   3000  0
118.17  2     -0.01    0.00    1      2    0   0x00000106  225.6   0.00   0.00   3000  0
118.19  2     -0.01    0.00    1      2    0   0x00000106  225.3   0.00   0.00   3000  0
118.21  2     -0.01    0.00    1      2    0   0x00000106  225.0   0.00   0.00   3000  0
118.23  2     -0.01    0.00    1      2    0   0x00000106  224.7   0.00   0.00   3000  0
118.25  2     -0.01    0.00    1      2    0   0x00000106  224.5   0.00   0.00   3000  0
118.27  2     -0.01    0.00    1      2    0   0x00000106  224.2   0.00   0.00   3000  0
118.29  2     -0.01    0.00    1      2    0   0x00000106  223.9   0.00   0.00   3000  0
118.31  2     -0.01    0.00    1      2    0   0x00000106  223.6   0.00   0.00   3000  0
118.33  2     -0.01    0.00    1      2    0   0x00000106  223.3   0.00   0.00   3000  0
118.35  2     -0.01    0.00    1      2    0   0x00000106  223.1   0.00   0.00   3000  0
118.37  2     -0.01    0.00    1      2    0   0x00000106  222.8   0.00   0.00   3000  0
118.39  2     -0.01    0.00    1      2    0   0x00000106  222.5   0.00   0.00   3000  0
118.41  2     -0.01    0.00    1      2    0   0x00000106  222.2   0.00   0.00   3000  0
118.43  2     -0.01    0.00    1      2    0   0x00000106  222.0   0.00   0.00   3000  0
118.45  2     -0.01    0.00    1      2    0   0x00000106  221.7   0.00   0.00   3000  0
118.47  2     -0.01    0.00    1      2    0   0x00000106  221.4   0.00   0.00   3000  0
118.49  2     -0.01    0.00    1      2    0   0x00000106  221.1   0.00   0.00   3000  0
118.51  2     -0.01    0.00    1      2    0   0x00000106  220.8   0.00   0.00   3000  0
118.53  2     -0.01    0.00    1      2    0   0x00000106  220.6   0.00   0.00   3000  0
118.55  2     -0.01    0.00    1      2    0   0x00000106  220.3   0.00   0.00   3000  0
118.57  2     -0.01    0.00    1      2    0   0x00000106  220.0   0.00   0.00   3000  0
118.59  2     -0.01    0.00    1      2    0   0x00000106  219.7   0.00   0.00   3000  0
118.61  2     -0.01    0.00    1      2    0   0x00000106  219.4   0.00   0.00   3000  0
118.63  2     -0.01    0.00    1      2    0   0x00000106  219.2   0.00   0.00   3000  0
118.65  2     -0.01    0.00    1      2    0   0x00000106  218.9   0.00   0.00   3000  0
118.67  2     -0.01    0.00    1      2    0   0x00000106  218.6   0.00   0.00   3000  0
118.69  2     -0.01    0.00    1      2    0   0x00000106  218.3   0.00   0.00   3000  0
118.71  2     -0.01    0.00    1      2    0   0x00000106  218.0   0.00   0.00   3000  0
118.73  2     -0.01    0.00    1      2    0   0x00000106  217.8   0.00   0.00   3000  0
118.75  2     -0.01    0.00    1      2    0   0x00000106  217.5   0.00   0.00   3000  0
118.77  2     -0.01    0.00    1      2    0   0x00000106  217.2   0.00   0.00   3000  0
118.79  2     -0.01    0.00    1      2    0   0x00000106  216.9   0.00   0.00   3000  0
118.81  2     -0.01    0.00    1      2    0   0x00000106  216.6   0.00   0.00   3000  0
118.83  2     -0.01    0.00    1      2    0   0x00000106  216.4   0.00   0.00   3000  0
118.85  2     -0.01    0.00    1      2    0   0x00000106  216.1   0.00   0.00   3000  0
118.87  2     -0.01    0.00    1      2    0   0x00000106  215.8   0.00   0.00   3000  0
118.89  2     -0.01    0.00    1      2    0   0x00000106  215.5   0.00   0.00   3000  0
118.91  2     -0.01    0.00    1      2    0   0x00000106  215.2   0.00   0.00   3000  0
118.93  2     -0.01    0.00    1      2    0   0x00000106  215.0   0.00   0.00   3000  0
118.95  2     -0.01    0.00    1      2    0   0x00000106  214.7   0.00   0.00   3000  0
118.97  2     -0.01    0.00    1      2    0   0x00000106  214.4   0.00   0.00   3000  0
118.99  2     -0.01    0.00    1      2    0   0x00000106  214.1   0.00   0.00   3000  0
119.01  2     -0.01    0.00    1      2    0   0x00000106  213.8   0.00   0.00   3000  0
119.03  2     -0.01    0.00    1      2    0   0x00000106  213.6   0.00   0.00   3000  0
119.05  2     -0.01    0.00    1      2    0   0x00000106  213.3   0.00   0.00   3000  0
119.07  2     -0.01    0.00    1      2    0   0x00000106  213.0   0.00   0.00   3000  0
119.09  2     -0.01    0.00    1      2    0   0x00000106  212.7   0.00   0.00   3000  0
119.11  2     -0.01    0.00    1      2    0   0x00000106  212.4   0.00   0.00   3000  0
119.13  2     -0.01    0.00    1      2    0   0x00000106  212.2   0.00   0.00   3000  0
119.15  2     -0.01    0.00    1      2    0   0x00000106  211.9   0.00   0.00   3000  0
119.17  2     -0.01    0.00    1      2    0   0x00000106  211.6   0.00   0.00   3000  0
119.19  2     -0.01    0.00    1      2    0   0x00000106  211.3   0.00   0.00   3000  0
119.21  2     -0.01    0.00    1      2    0   0x00000106  211.0   0.00   0.00   3000  0
119.23  2     -0.01    0.00    1      2    0   0x00000106  210.8   0.00   0.00   3000  0
119.25  2     -0.01    0.00    1      2    0   0x00000106  210.5   0.00   0.00   3000  0
119.27  2     -0.01    0.00    1      2    0   0x00000106  210.2   0.00   0.00   3000  0
119.29  2     -0.01    0.00    1      2    0   0x00000106  209.9   0.00   0.00   3000  0
119.31  2     -0.01    0.00    1      2    0   0x00000106  209.6   0.00   0.00   3000  0
119.33  2     -0.01    0.00    1      2    0   0x00000106  209.4   0.00   0.00   3000  0
119.35  2     -0.01    0.00    1      2    0   0x00000106  209.1   0.00   0.00   3000  0
119.37  2     -0.01    0.00    1      2    0   0x00000106  208.8   0.00   0.00   3000  0
119.39  2     -0.01    0.00    1      2    0   0x00000106  208.5   0.00   0.00   3000  0
119.41  2     -0.01    0.00    1      2    0   0x00000106  208.2   0.00   0.00   3000  0
119.43  2     -0.01    0.00    1      2    0   0x00000106  208.0   0.00   0.00   3000  0
119.45  2     -0.01    0.00    1      2    0   0x00000106  207.7   0.00   0.00   3000  0
119.47  2     -0.01    0.00    1      2    0   0x00000106  207.4   0.00   0.00   3000  0
119.49  2     -0.01    0.00    1      2    0   0x00000106  207.1   0.00   0.00   3000  0
119.51  2     -0.01    0.00    1      2    0   0x00000106  206.8   0.00   0.00   3000  0
119.53  2     -0.01    0.00    1      2    0   0x00000106  206.6   0.00   0.00   3000  0
119.55  2     -0.01    0.00    1      2    0   0x00000106  206.3   0.00   0.00   3000  0
119.57  2     -0.01    0.00    1      2    0   0x00000106  206.0   0.00   0.00   3000  0
119.59  2     -0.01    0.00    1      2    0   0x00000106  205.7   0.00   0.00   3000  0
119.61  2     -0.01    0.00    1      2    0   0x00000106  205.4   0.00   0.00   3000  0
119.63  2     -0.01    0.00    1      2    0   0x00000106  205.2   0.00   0.00   3000  0
119.65  2     -0.01    0.00    1      2    0   0x00000106  204.9   0.00   0.00   3000  0
119.67  2     -0.01    0.00    1      2    0   0x00000106  204.6   0.00   0.00   3000  0
119.69  2     -0.01    0.00    1      2    0   0x00000106  204.3   0.00   0.00   3000  0
119.71  2     -0.01    0.00    1      2    0   0x00000106  204.0   0.00   0.00   3000  0
119.73  2     -0.01    0.00    1      2    0   0x00000106  203.8   0.00   0.00   3000  0
119.75  2     -0.01    0.00    1      2    0   0x00000106  203.5   0.00   0.00   3000  0
119.77  2     -0.01    0.00    1      2    0   0x00000106  203.2   0.00   0.00   3000  0
119.79  2     -0.01    0.00    1      2    0   0x00000106  202.9   0.00   0.00   3000  0
119.81  2     -0.01    0.00    1      2    0   0x00000106  202.6   0.00   0.00   3000  0
119.83  2     -0.01    0.00    1      2    0   0x00000106  202.4   0.00   0.00   3000  0
119.85  2     -0.01    0.00    1      2    0   0x00000106  202.1   0.00   0.00   3000  0
119.87  2     -0.01    0.00    1      2    0   0x00000106  201.8   0.00   0.00   3000  0
119.89  2     -0.01    0.00    1      2    0   0x00000106  201.5   0.00   0.00   3000  0
119.91  2     -0.01    0.00    1      2    0   0x00000106  201.2   0.00   0.00   3000  0
119.93  2     -0.01    0.00    1      2    0   0x00000106  201.0   0.00   0.00   3000  0
119.95  2     -0.01    0.00    1      2    0   0x00000106  200.7   0.00   0.00   3000  0
119.97  2     -0.01    0.00    1      2    0   0x00000106  200.4   0.00   0.00   3000  0
119.99  2     -0.01    0.00    1      2    0   0x00000106  200.1   0.00   0.00   3000  0
120.01  2     -0.01    0.00    1      2    0   0x00000106  199.9   0.00   0.00   3000  0
120.03  2     -0.01    0.00    1      2    0   0x00000106  199.7   0.00   0.00   3000  0
120.05  2     -0.01    0.00    1      2    0   0x00000106  199.5   0.00   0.00   3000  0
120.07  2     -0.01    0.00    1      2    0   0x00000106  199.3   0.00   0.00   3000  0
120.09  2     -0.01    0.00    1      2    0   0x00000106  199.1   0.00   0.00   3000  0
120.11  2     -0.01    0.00    1      2    0   0x00000106  198.9   0.00   0.00   3000  0
120.13  2     -0.01    0.00    1      2    0   0x00000106  198.7   0.00   0.00   3000  0
120.15  2     -0.01    0.00    1      2    0   0x00000106  198.5   0.00   0.00   3000  0
120.17  2     -0.01    0.00    1      2    0   0x00000106  198.3   0.00   0.00   3000  0
120.19  2     -0.01    0.00    1      2    0   0x00000106  198.1   0.00   0.00   3000  0
120.21  2     -0.01    0.00    1      2    0   0x00000106  197.9   0.00   0.00   3000  0
120.23  2     -0.01    0.00    1      2    0   0x00000106  197.7   0.00   0.00   3000  0
120.25  2     -0.01    0.00    1      2    0   0x00000106  197.5   0.00   0.00   3000  0
120.27  2     -0.01    0.00    1      2    0   0x00000106  197.3   0.00   0.00   3000  0
120.29  2     -0.01    0.00    1      2    0   0x00000106  197.1   0.00   0.00   3000  0
120.31  2     -0.01    0.00    1      2    0   0x00000106  196.9   0.00   0.00   3000  0
120.33  2     -0.01    0.00    1      2    0   0x00000106  196.7   0.00   0.00   3000  0
120.35  2     -0.01    0.00    1      2    0   0x00000106  196.5   0.00   0.00   3000  0
120.37  2     -0.01    0.00    1      2    0   0x00000106  196.3   0.00   0.00   3000  0
120.39  2     -0.01    0.00    1      2    0   0x00000106  196.1   0.00   0.00   3000  0
120.41  2     -0.01    0.00    1      2    0   0x00000106  195.9   0.00   0.00   3000  0
120.43  2     -0.01    0.00    1      2    0   0x00000106  195.7   0.00   0.00   3000  0
120.45  2     -0.01    0.00    1      2    0   0x00000106  195.5   0.00   0.00   3000  0
120.47  2     -0.01    0.00    1      2    0   0x00000106  195.3   0.00   0.00   3000  0
120.49  2     -0.01    0.00    1      2    0   0x00000106  195.1   0.00   0.00   3000  0
120.51  2     -0.01    0.00    1      2    0   0x00000106  194.9   0.00   0.00   3000  0
120.53  2     -0.01    0.00    1      2    0   0x00000106  194.7   0.00   0.00   3000  0
120.55  2     -0.01    0.00    1      2    0   0x00000106  194.5   0.00   0.00   3000  0
120.57  2     -0.01    0.00    1      2    0   0x00000106  194.3   0.00   0.00   3000  0
120.59  2     -0.01    0.00    1      2    0   0x00000106  194.1   0.00   0.00   3000  0
120.61  2     -0.01    0.00    1      2    0   0x00000106  193.9   0.00   0.00   3000  0
120.63  2     -0.01    0.00    1      2    0   0x00000106  193.7   0.00   0.00   3000  0
120.65  2     -0.01    0.00    1      2    0   0x00000106  193.5   0.00   0.00   3000  0
120.67  2     -0.01    0.00    1      2    0   0x00000106  193.3   0.00   0.00   3000  0
120.69  2     -0.01    0.00    1      2    0   0x00000106  193.1   0.00   0.00   3000  0
120.71  2     -0.01    0.00    1      2    0   0x00000106  192.9   0.00   0.00   3000  0
120.73  2     -0.01    0.00    1      2    0   0x00000106  192.7   0.00   0.00   3000  0
120.75  2     -0.01    0.00    1      2    0   0x00000106  192.5   0.00   0.00   3000  0
120.77  2     -0.01    0.00    1      2    0   0x00000106  192.3   0.00   0.00   3000  0
120.79  2     -0.01    0.00    1      2    0   0x00000106  192.1   0.00   0.00   3000  0
120.81  2     -0.01    0.00    1      2    0   0x00000106  191.9   0.00   0.00   3000  0
120.83  2     -0.01    0.00    1      2    0   0x00000106  191.7   0.00   0.00   3000  0
120.85  2     -0.01    0.00    1      2    0   0x00000106  191.5   0.00   0.00   3000  0
120.87  2     -0.01    0.00    1      2    0   0x00000106  191.3   0.00   0.00   3000  0
120.89  2     -0.01    0.00    1      2    0   0x00000106  191.1   0.00   0.00   3000  0
120.91  2     -0.01    0.00    1      2    0   0x00000106  190.9   0.00   0.00   3000  0
120.93  2     -0.01    0.00    1      2    0   0x00000106  190.7   0.00   0.00   3000  0
120.95  2     -0.01    0.00    1      2    0   0x00000106  190.5   0.00   0.00   3000  0
120.97  2     -0.01    0.00    1      2    0   0x00000106  190.3   0.00   0.00   3000  0
120.99  2     -0.01    0.00    1      2    0   0x00000106  190.1   0.00   0.00   3000  0
121.01  2     -0.01    0.00    1      2    0   0x00000106  189.9   0.00   0.00   3000  0
121.03  2     -0.01    0.00    1      2    0   0x00000106  189.7   0.00   0.00   3000  0
121.05  2     -0.01    0.00    1      2    0   0x00000106  189.5   0.00   0.00   3000  0
121.07  2     -0.01    0.00    1      2    0   0x00000106  189.3   0.00   0.00   3000  0
121.09  2     -0.01    0.00    1      2    0   0x00000106  189.1   0.00   0.00   3000  0
121.11  2     -0.01    0.00    1      2    0   0x00000106  188.9   0.00   0.00   3000  0
121.13  2     -0.01    0.00    1      2    0   0x00000106  188.7   0.00   0.00   3000  0
121.15  2     -0.01    0.00    1      2    0   0x00000106  188.5   0.00   0.00   3000  0
121.17  2     -0.01    0.00    1      2    0   0x00000106  188.3   0.00   0.00   3000  0
121.19  2     -0.01    0.00    1      2    0   0x00000106  188.1   0.00   0.00   3000  0
121.21  2     -0.01    0.00    1      2    0   0x00000106  187.9   0.00   0.00   3000  0
121.23  2     -0.01    0.00    1      2    0   0x00000106  187.7   0.00   0.00   3000  0
121.25  2     -0.01    0.00    1      2    0   0x00000106  187.5   0.00   0.00   3000  0
121.27  2     -0.01    0.00    1      2    0   0x00000106  187.3   0.00   0.00   3000  0
121.29  2     -0.01    0.00    1      2    0   0x00000106  187.1   0.00   0.00   3000  0
121.31  2     -0.01    0.00    1      2    0   0x00000106  186.9   0.00   0.00   3000  0
121.33  2     -0.01    0.00    1      2    0   0x00000106  186.7   0.00   0.00   3000  0
121.35  2     -0.01    0.00    1      2    0   0x00000106  186.5   0.00   0.00   3000  0
121.37  2     -0.01    0.00    1      2    0   0x00000106  186.3   0.00   0.00   3000  0
121.39  2     -0.01    0.00    1      2    0   0x00000106  186.1   0.00   0.00   3000  0
121.41  2     -0.01    0.00    1      2    0   0x00000106  185.9   0.00   0.00   3000  0
121.43  2     -0.01    0.00    1      2    0   0x00000106  185.7   0.00   0.00   3000  0
121.45  2     -0.01    0.00    1      2    0   0x00000106  185.5   0.00   0.00   3000  0
121.47  2     -0.01    0.00    1      2    0   0x00000106  185.3   0.00   0.00   3000  0
121.49  2     -0.01    0.00    1      2    0   0x00000106  185.1   0.00   0.00   3000  0
121.51  2     -0.01    0.00    1      2    0   0x00000106  184.9   0.00   0.00   3000  0
121.53  2     -0.01    0.00    1      2    0   0x00000106  184.7   0.00   0.00   3000  0
121.55  2     -0.01    0.00    1      2    0   0x00000106  184.5   0.00   0.00   3000  0
121.57  2     -0.01    0.00    1      2    0   0x00000106  184.3   0.00   0.00   3000  0
121.59  2     -0.01    0.00    1      2    0   0x00000106  184.1   0.00   0.00   3000  0
121.61  2     -0.01    0.00    1      2    0   0x00000106  183.9   0.00   0.00   3000  0
121.63  2     -0.01    0.00    1      2    0   0x00000106  183.7   0.00   0.00   3000  0
121.65  2     -0.01    0.00    1      2    0   0x00000106  183.5   0.00   0.00   3000  0
121.67  2     -0.01    0.00    1      2    0   0x00000106  183.3   0.00   0.00   3000  0
121.69  2     -0.01    0.00    1      2    0   0x00000106  183.1   0.00   0.00   3000  0
121.71  2     -0.01    0.00    1      2    0   0x00000106  182.9   0.00   0.00   3000  0
121.73  2     -0.01    0.00    1      2    0   0x00000106  182.7   0.00   0.00   3000  0
121.75  2     -0.01    0.00    1      2    0   0x00000106  182.5   0.00   0.00   3000  0
121.77  2     -0.01    0.00    1      2    0   0x00000106  182.3   0.00   0.00   3000  0
121.79  2     -0.01    0.00    1      2    0   0x00000106  182.1   0.00   0.00   3000  0
121.81  2     -0.01    0.00    1      2    0   0x00000106  181.9   0.00   0.00   3000  0
121.83  2     -0.01    0.00    1      2    0   0x00000106  181.7   0.00   0.00   3000  0
121.85  2     -0.01    0.00    1      2    0   0x00000106  181.5   0.00   0.00   3000  0
121.87  2     -0.01    0.00    1      2    0   0x00000106  181.3   0.00   0.00   3000  0
121.89  2     -0.01    0.00    1      2    0   0x00000106  181.1   0.00   0.00   3000  0
121.91  2     -0.01    0.00    1      2    0   0x00000106  180.9   0.00   0.00   3000  0
121.93  2     -0.01    0.00    1      2    0   0x00000106  180.7   0.00   0.00   3000  0
121.95  2     -0.01    0.00    1      2    0   0x00000106  180.5   0.00   0.00   3000  0
121.97  2     -0.01    0.00    1      2    0   0x00000106  180.3   0.00   0.00   3000  0
121.99  2     -0.01    0.00    1      2    0   0x00000106  180.1   0.00   0.00   3000  0
122.01  2     -0.01    0.00    1      2    0   0x00000106  179.9   0.00   0.00   3000  0
122.03  2     -0.01    0.00    1      2    0   0x00000106  179.7   0.00   0.00   3000  0
122.05  2     -0.01    0.00    1      2    0   0x00000106  179.5   0.00   0.00   3000  0
122.07  2     -0.01    0.00    1      2    0   0x00000106  179.3   0.00   0.00   3000  0
122.09  2     -0.01    0.00    1      2    0   0x00000106  179.1   0.00   0.00   3000  0
122.11  2     -0.01    0.00    1      2    0   0x00000106  178.9   0.00   0.00   3000  0
122.13  2     -0.01    0.00    1      2    0   0x00000106  178.7   0.00   0.00   3000  0
122.15  2     -0.01    0.00    1      2    0   0x00000106  178.5   0.00   0.00   3000  0
122.17  2     -0.01    0.00    1      2    0   0x00000106  178.3   0.00   0.00   3000  0
122.19  2     -0.01    0.00    1      2    0   0x00000106  178.1   0.00   0.00   3000  0
122.21  2     -0.01    0.00    1      2    0   0x00000106  177.9   0.00   0.00   3000  0
122.23  2     -0.01    0.00    1      2    0   0x00000106  177.7   0.00   0.00   3000  0
122.25  2     -0.01    0.00    1      2    0   0x00000106  177.5   0.00   0.00   3000  0
122.27  2     -0.01    0.00    1      2    0   0x00000106  177.3   0.00   0.00   3000  0
122.29  2     -0.01    0.00    1      2    0   0x00000106  177.1   0.00   0.00   3000  0
122.31  2     -0.01    0.00    1      2    0   0x00000106  176.9   0.00   0.00   3000  0
122.33  2     -0.01    0.00    1      2    0   0x00000106  176.7   0.00   0.00   3000  0
122.35  2     -0.01    0.00    1      2    0   0x00000106  176.5   0.00   0.00   3000  0
122.37  2     -0.01    0.00    1      2    0   0x00000106  176.3   0.00   0.00   3000  0
122.39  2     -0.01    0.00    1      2    0   0x00000106  176.1   0.00   0.00   3000  0
122.41  2     -0.01    0.00    1      2    0   0x00000106  175.9   0.00   0.00   3000  0
122.43  2     -0.01    0.00    1      2    0   0x00000106  175.7   0.00   0.00   3000  0
122.45  2     -0.01    0.00    1      2    0   0x00000106  175.5   0.00   0.00   3000  0
122.47  2     -0.01    0.00    1      2    0   0x00000106  175.3   0.00   0.00   3000  0
122.49  2     -0.01    0.00    1      2    0   0x00000106  175.1   0.00   0.00   3000  0
122.51  2     -0.01    0.00    1      2    0   0x00000106  174.9   0.00   0.00   3000  0
122.53  2     -0.01    0.00    1      2    0   0x00000106  174.7   0.00   0.00   3000  0
122.55  2     -0.01    0.00    1      2    0   0x00000106  174.5   0.00   0.00   3000  0
122.57  2     -0.01    0.00    1      2    0   0x00000106  174.3   0.00   0.00   3000  0
122.59  2     -0.01    0.00    1      2    0   0x00000106  174.1   0.00   0.00   3000  0
122.61  2     -0.01    0.00    1      2    0   0x00000106  173.9   0.00   0.00   3000  0
122.63  2     -0.01    0.00    1      2    0   0x00000106  173.7   0.00   0.00   3000  0
122.65  2     -0.01    0.00    1      2    0   0x00000106  173.5   0.00   0.00   3000  0
122.67  2     -0.01    0.00    1      2    0   0x00000106  173.3   0.00   0.00   3000  0
122.69  2     -0.01    0.00    1      2    0   0x00000106  173.1   0.00   0.00   3000  0
122.71  2     -0.01    0.00    1      2    0   0x00000106  172.9   0.00   0.00   3000  0
122.73  2     -0.01    0.00    1      2    0   0x00000106  172.7   0.00   0.00   3000  0
122.75  2     -0.01    0.00    1      2    0   0x00000106  172.5   0.00   0.00   3000  0
122.77  2     -0.01    0.00    1      2    0   0x00000106  172.3   0.00   0.00   3000  0
122.79  2     -0.01    0.00    1      2    0   0x00000106  172.1   0.00   0.00   3000  0
122.81  2     -0.01    0.00    1      2    0   0x00000106  171.9   0.00   0.00   3000  0
122.83  2     -0.01    0.00    1      2    0   0x00000106  171.7   0.00   0.00   3000  0
122.85  2     -0.01    0.00    1      2    0   0x00000106  171.5   0.00   0.00   3000  0
122.87  2     -0.01    0.00    1      2    0   0x00000106  171.3   0.00   0.00   3000  0
122.89  2     -0.01    0.00    1      2    0   0x00000106  171.1   0.00   0.00   3000  0
122.91  2     -0.01    0.00    1      2    0   0x00000106  170.9   0.00   0.00   3000  0
122.93  2     -0.01    0.00    1      2    0   0x00000106  170.7   0.00   0.00   3000  0
122.95  2     -0.01    0.00    1      2    0   0x00000106  170.5   0.00   0.00   3000  0
122.97  2     -0.01    0.00    1      2    0   0x00000106  170.3   0.00   0.00   3000  0
122.99  2     -0.01    0.00    1      2    0   0x00000106  170.1   0.00   0.00   3000  0
123.01  2     -0.01    0.00    1      2    0   0x00000106  169.9   0.00   0.00   3000  0
123.03  2     -0.01    0.00    1      2    0   0x00000106  169.7   0.00   0.00   3000  0
123.05  2     -0.01    0.00    1      2    0   0x00000106  169.5   0.00   0.00   3000  0
123.07  2     -0.01    0.00    1      2    0   0x00000106  169.3   0.00   0.00   3000  0
123.09  2     -0.01    0.00    1      2    0   0x00000106  169.1   0.00   0.00   3000  0
123.11  2     -0.01    0.00    1      2    0   0x00000106  168.9   0.00   0.00   3000  0
123.13  2     -0.01    0.00    1      2    0   0x00000106  168.7   0.00   0.00   3000  0
123.15  2     -0.01    0.00    1      2    0   0x00000106  168.5   0.00   0.00   3000  0
123.17  2     -0.01    0.00    1      2    0   0x00000106  168.3   0.00   0.00   3000  0
123.19  2     -0.01    0.00    1      2    0   0x00000106  168.1   0.00   0.00   3000  0
123.21  2     -0.01    0.00    1      2    0   0x00000106  167.9   0.00   0.00   3000  0
123.23  2     -0.01    0.00    1      2    0   0x00000106  167.7   0.00   0.00   3000  0
123.25  2     -0.01    0.00    1      2    0   0x00000106  167.5   0.00   0.00   3000  0
123.27  2     -0.01    0.00    1      2    0   0x00000106  167.3   0.00   0.00   3000  0
123.29  2     -0.01    0.00    1      2    0   0x00000106  167.1   0.00   0.00   3000  0
123.31  2     -0.01    0.00    1      2    0   0x00000106  166.9   0.00   0.00   3000  0
123.33  2     -0.01    0.00    1      2    0   0x00000106  166.7   0.00   0.00   3000  0
123.35  2     -0.01    0.00    1      2    0   0x00000106  166.5   0.00   0.00   3000  0
123.37  2     -0.01    0.00    1      2    0   0x00000106  166.3   0.00   0.00   3000  0
123.39  2     -0.01    0.00    1      2    0   0x00000106  166.1   0.00   0.00   3000  0
123.41  2     -0.01    0.00    1      2    0   0x00000106  165.9   0.00   0.00   3000  0
123.43  2     -0.01    0.00    1      2    0   0x00000106  165.7   0.00   0.00   3000  0
123.45  2     -0.01    0.00    1      2    0   0x00000106  165.5   0.00   0.00   3000  0
123.47  2     -0.01    0.00    1      2    0   0x00000106  165.3   0.00   0.00   3000  0
123.49  2     -0.01    0.00    1      2    0   0x00000106  165.1   0.00   0.00   3000  0
123.51  2     -0.01    0.00    1      2    0   0x00000106  164.9   0.00   0.00   3000  0
123.53  2     -0.01    0.00    1      2    0   0x00000106  164.7   0.00   0.00   3000  0
123.55  2     -0.01    0.00    1      2    0   0x00000106  164.5   0.00   0.00   3000  0
123.57  2     -0.01    0.00    1      2    0   0x00000106  164.3   0.00   0.00   3000  0
123.59  2     -0.01    0.00    1      2    0   0x00000106  164.1   0.00   0.00   3000  0
123.61  2     -0.01    0.00    1      2    0   0x00000106  163.9   0.00   0.00   3000  0
123.63  2     -0.01    0.00    1      2    0   0x00000106  163.7   0.00   0.00   3000  0
123.65  2     -0.01    0.00    1      2    0   0x00000106  163.5   0.00   0.00   3000  0
123.67  2     -0.01    0.00    1      2    0   0x00000106  163.3   0.00   0.00   3000  0
123.69  2     -0.01    0.00    1      2    0   0x00000106  163.1   0.00   0.00   3000  0
123.71  2     -0.01    0.00    1      2    0   0x00000106  162.9   0.00   0.00   3000  0
123.73  2     -0.01    0.00    1      2    0   0x00000106  162.7   0.00   0.00   3000  0
123.75  2     -0.01    0.00    1      2    0   0x00000106  162.5   0.00   0.00   3000  0
123.77  2     -0.01    0.00    1      2    0   0x00000106  162.3   0.00   0.00   3000  0
123.79  2     -0.01    0.00    1      2    0   0x00000106  162.1   0.00   0.00   3000  0
123.81  2     -0.01    0.00    1      2    0   0x00000106  161.9   0.00   0.00   3000  0
123.83  2     -0.01    0.00    1      2    0   0x00000106  161.7   0.00   0.00   3000  0
123.85  2     -0.01    0.00    1      2    0   0x00000106  161.5   0.00   0.00   3000  0
123.87  2     -0.01    0.00    1      2    0   0x00000106  161.3   0.00   0.00   3000  0
123.89  2     -0.01    0.00    1      2    0   0x00000106  161.1   0.00   0.00   3000  0
123.91  2     -0.01    0.00    1      2    0   0x00000106  160.9   0.00   0.00   3000  0
123.93  2     -0.01    0.00    1      2    0   0x00000106  160.7   0.00   0.00   3000  0
123.95  2     -0.01    0.00    1      2    0   0x00000106  160.5   0.00   0.00   3000  0
123.97  2     -0.01    0.00    1      2    0   0x00000106  160.3   0.00   0.00   3000  0
123.99  2     -0.01    0.00    1      2    0   0x00000106  160.1   0.00   0.00   3000  0
124.01  2     -0.01    0.00    1      2    0   0x00000106  159.9   0.00   0.00   3000  0
124.03  2     -0.01    0.00    1      2    0   0x00000106  159.7   0.00   0.00   3000  0
124.05  2     -0.01    0.00    1      2    0   0x00000106  159.5   0.00   0.00   3000  0
124.07  2     -0.01    0.00    1      2    0   0x00000106  159.3   0.00   0.00   3000  0
124.09  2     -0.01    0.00    1      2    0   0x00000106  159.1   0.00   0.00   3000  0
124.11  2     -0.01    0.00    1      2    0   0x00000106  158.9   0.00   0.00   3000  0
124.13  2     -0.01    0.00    1      2    0   0x00000106  158.7   0.00   0.00   3000  0
124.15  2     -0.01    0.00    1      2    0   0x00000106  158.5   0.00   0.00   3000  0
124.17  2     -0.01    0.00    1      2    0   0x00000106  158.3   0.00   0.00   3000  0
124.19  2     -0.01    0.00    1      2    0   0x00000106  158.1   0.00   0.00   3000  0
124.21  2     -0.01    0.00    1      2    0   0x00000106  157.9   0.00   0.00   3000  0
124.23  2     -0.01    0.00    1      2    0   0x00000106  157.7   0.00   0.00   3000  0
124.25  2     -0.01    0.00    1      2    0   0x00000106  157.5   0.00   0.00   3000  0
124.27  2     -0.01    0.00    1      2    0   0x00000106  157.3   0.00   0.00   3000  0
124.29  2     -0.01    0.00    1      2    0   0x00000106  157.1   0.00   0.00   3000  0
124.31  2     -0.01    0.00    1      2    0   0x00000106  156.9   0.00   0.00   3000  0
124.33  2     -0.01    0.00    1      2    0   0x00000106  156.7   0.00   0.00   3000  0
124.35  2     -0.01    0.00    1      2    0   0x00000106  156.5   0.00   0.00   3000  0
124.37  2     -0.01    0.00    1      2    0   0x00000106  156.3   0.00   0.00   3000  0
124.39  2     -0.01    0.00    1      2    0   0x00000106  156.1   0.00   0.00   3000  0
124.41  2     -0.01    0.00    1      2    0   0x00000106  155.9   0.00   0.00   3000  0
124.43  2     -0.01    0.00    1      2    0   0x00000106  155.7   0.00   0.00   3000  0
124.45  2     -0.01    0.00    1      2    0   0x00000106  155.5   0.00   0.00   3000  0
124.47  2     -0.01    0.00    1      2    0   0x00000106  155.3   0.00   0.00   3000  0
124.49  2     -0.01    0.00    1      2    0   0x00000106  155.1   0.00   0.00   3000  0
124.51  2     -0.01    0.00    1      2    0   0x00000106  154.9   0.00   0.00   3000  0
124.53  2     -0.01    0.00    1      2    0   0x00000106  154.7   0.00   0.00   3000  0
124.55  2     -0.01    0.00    1      2    0   0x00000106  154.5   0.00   0.00   3000  0
124.57  2     -0.01    0.00    1      2    0   0x00000106  154.3   0.00   0.00   3000  0
124.59  2     -0.01    0.00    1      2    0   0x00000106  154.1   0.00   0.00   3000  0
124.61  2     -0.01    0.00    1      2    0   0x00000106  153.9   0.00   0.00   3000  0
124.63  2     -0.01    0.00    1      2    0   0x00000106  153.7   0.00   0.00   3000  0
124.65  2     -0.01    0.00    1      2    0   0x00000106  153.5   0.00   0.00   3000  0
124.67  2     -0.01    0.00    1      2    0   0x00000106  153.3   0.00   0.00   3000  0
124.69  2     -0.01    0.00    1      2    0   0x00000106  153.1   0.00   0.00   3000  0
124.71  2     -0.01    0.00    1      2    0   0x00000106  152.9   0.00   0.00   3000  0
124.73  2     -0.01    0.00    1      2    0   0x00000106  152.7   0.00   0.00   3000  0
124.75  2     -0.01    0.00    1      2    0   0x00000106  152.5   0.00   0.00   3000  0
124.77  2     -0.01    0.00    1      2    0   0x00000106  152.3   0.00   0.00   3000  0
124.79  2     -0.01    0.00    1      2    0   0x00000106  152.1   0.00   0.00   3000  0
124.81  2     -0.01    0.00    1      2    0   0x00000106  151.9   0.00   0.00   3000  0
124.83  2     -0.01    0.00    1      2    0   0x00000106  151.7   0.00   0.00   3000  0
124.85  2     -0.01    0.00    1      2    0   0x00000106  151.5   0.00   0.00   3000  0
124.87  2     -0.01    0.00    1      2    0   0x00000106  151.3   0.00   0.00   3000  0
124.89  2     -0.01    0.00    1      2    0   0x00000106  151.1   0.00   0.00   3000  0
124.91  2     -0.01    0.00    1      2    0   0x00000106  150.9   0.00   0.00   3000  0
124.93  2     -0.01    0.00    1      2    0   0x00000106  150.7   0.00   0.00   3000  0
124.95  2     -0.01    0.00    1      2    0   0x00000106  150.5   0.00   0.00   3000  0
124.97  2     -0.01    0.00    1      2    0   0x00000106  150.3   0.00   0.00   3000  0
124.99  2     -0.01    0.00    1      2    0   0x00000106  150.1   0.00   0.00   3000  0
125.01  2     -0.01    0.00    1      2    0   0x00000106  149.9   0.00   0.00   3000  0
125.03  2     -0.01    0.00    1      2    0   0x00000106  149.7   0.00   0.00   3000  0
125.05  2     -0.01    0.00    1      2    0   0x00000106  149.5   0.00   0.00   3000  0
125.07  2     -0.01    0.00    1      2    0   0x00000106  149.3   0.00   0.00   3000  0
125.09  2     -0.01    0.00    1      2    0   0x00000106  149.1   0.00   0.00   3000  0
125.11  2     -0.01    0.00    1      2    0   0x00000106  148.9   0.00   0.00   3000  0
125.13  2     -0.01    0.00    1      2    0   0x00000106  148.7   0.00   0.00   3000  0
125.15  2     -0.01    0.00    1      2    0   0x00000106  148.5   0.00   0.00   3000  0
125.17  2     -0.01    0.00    1      2    0   0x00000106  148.3   0.00   0.00   3000  0
125.19  2     -0.01    0.00    1      2    0   0x00000106  148.1   0.00   0.00   3000  0
125.21  2     -0.01    0.00    1      2    0   0x00000106  147.9   0.00   0.00   3000  0
125.23  2     -0.01    0.00    1      2    0   0x00000106  147.7   0.00   0.00   3000  0
125.25  2     -0.01    0.00    1      2    0   0x00000106  147.5   0.00   0.00   3000  0
125.27  2     -0.01    0.00    1      2    0   0x00000106  147.3   0.00   0.00   3000  0
125.29  2     -0.01    0.00    1      2    0   0x00000106  147.1   0.00   0.00   3000  0
125.31  2     -0.01    0.00    1      2    0   0x00000106  146.9   0.00   0.00   3000  0
125.33  2     -0.01    0.00    1      2    0   0x00000106  146.7   0.00   0.00   3000  0
125.35  2     -0.01    0.00    1      2    0   0x00000106  146.5   0.00   0.00   3000  0
125.37  2     -0.01    0.00    1      2    0   0x00000106  146.3   0.00   0.00   3000  0
125.39  2     -0.01    0.00    1      2    0   0x00000106  146.1   0.00   0.00   3000  0
125.41  2     -0.01    0.00    1      2    0   0x00000106  145.9   0.00   0.00   3000  0
125.43  2     -0.01    0.00    1      2    0   0x00000106  145.7   0.00   0.00   3000  0
125.45  2     -0.01    0.00    1      2    0   0x00000106  145.5   0.00   0.00   3000  0
125.47  2     -0.01    0.00    1      2    0   0x00000106  145.3   0.00   0.00   3000  0
125.49  2     -0.01    0.00    1      2    0   0x00000106  145.1   0.00   0.00   3000  0
125.51  2     -0.01    0.00    1      2    0   0x00000106  144.9   0.00   0.00   3000  0
125.53  2     -0.01    0.00    1      2    0   0x00000106  144.7   0.00   0.00   3000  0
125.55  2     -0.01    0.00    1      2    0   0x00000106  144.5   0.00   0.00   3000  0
125.57  2     -0.01    0.00    1      2    0   0x00000106  144.3   0.00   0.00   3000  0
125.59  2     -0.01    0.00    1      2    0   0x00000106  144.1   0.00   0.00   3000  0
125.61  2     -0.01    0.00    1      2    0   0x00000106  143.9   0.00   0.00   3000  0
125.63  2     -0.01    0.00    1      2    0   0x00000106  143.7   0.00   0.00   3000  0
125.65  2     -0.01    0.00    1      2    0   0x00000106  143.5   0.00   0.00   3000  0
125.67  2     -0.01    0.00    1      2    0   0x00000106  143.3   0.00   0.00   3000  0
125.69  2     -0.01    0.00    1      2    0   0x00000106  143.1   0.00   0.00   3000  0
125.71  2     -0.01    0.00    1      2    0   0x00000106  142.9   0.00   0.00   3000  0
125.73  2     -0.01    0.00    1      2    0   0x00000106  142.7   0.00   0.00   3000  0
125.75  2     -0.01    0.00    1      2    0   0x00000106  142.5   0.00   0.00   3000  0
125.77  2     -0.01    0.00    1      2    0   0x00000106  142.3   0.00   0.00   3000  0
125.79  2     -0.01    0.00    1      2    0   0x00000106  142.1   0.00   0.00   3000  0
125.81  2     -0.01    0.00    1      2    0   0x00000106  141.9   0.00   0.00   3000  0
125.83  2     -0.01    0.00    1      2    0   0x00000106  141.7   0.00   0.00   3000  0
125.85  2     -0.01    0.00    1      2    0   0x00000106  141.5   0.00   0.00   3000  0
125.87  2     -0.01    0.00    1      2    0   0x00000106  141.3   0.00   0.00   3000  0
125.89  2     -0.01    0.00    1      2    0   0x00000106  141.1   0.00   0.00   3000  0
125.91  2     -0.01    0.00    1      2    0   0x00000106  140.9   0.00   0.00   3000  0
125.93  2     -0.01    0.00    1      2    0   0x00000106  140.7   0.00   0.00   3000  0
125.95  2     -0.01    0.00    1      2    0   0x00000106  140.5   0.00   0.00   3000  0
125.97  2     -0.01    0.00    1      2    0   0x00000106  140.3   0.00   0.00   3000  0
125.99  2     -0.01    0.00    1      2    0   0x00000106  140.1   0.00   0.00   3000  0
126.01  2     -0.01    0.00    1      2    0   0x00000106  139.9   0.00   0.00   3000  0
126.03  2     -0.01    0.00    1      2    0   0x00000106  139.7   0.00   0.00   3000  0
126.05  2     -0.01    0.00    1      2    0   0x00000106  139.5   0.00   0.00   3000  0
126.07  2     -0.01    0.00    1      2    0   0x00000106  139.3   0.00   0.00   3000  0
126.09  2     -0.01    0.00    1      2    0   0x00000106  139.1   0.00   0.00   3000  0
126.11  2     -0.01    0.00    1      2    0   0x00000106  138.9   0.00   0.00   3000  0
126.13  2     -0.01    0.00    1      2    0   0x00000106  138.7   0.00   0.00   3000  0
126.15  2     -0.01    0.00    1      2    0   0x00000106  138.5   0.00   0.00   3000  0
126.17  2     -0.01    0.00    1      2    0   0x00000106  138.3   0.00   0.00   3000  0
126.19  2     -0.01    0.00    1      2    0   0x00000106  138.1   0.00   0.00   3000  0
126.21  2     -0.01    0.00    1      2    0   0x00000106  137.9   0.00   0.00   3000  0
126.23  2     -0.01    0.00    1      2    0   0x00000106  137.7   0.00   0.00   3000  0
126.25  2     -0.01    0.00    1      2    0   0x00000106  137.5   0.00   0.00   3000  0
126.27  2     -0.01    0.00    1      2    0   0x00000106  137.3   0.00   0.00   3000  0
126.29  2     -0.01    0.00    1      2    0   0x00000106  137.1   0.00   0.00   3000  0
126.31  2     -0.01    0.00    1      2    0   0x00000106  136.9   0.00   0.00   3000  0
126.33  2     -0.01    0.00    1      2    0   0x00000106  136.7   0.00   0.00   3000  0
126.35  2     -0.01    0.00    1      2    0   0x00000106  136.5   0.00   0.00   3000  0
126.37  2     -0.00    0.00    1      2    0   0x00000106  136.3   0.00   0.00   3000  0
126.39  2     -0.00    0.00    1      2    0   0x00000106  136.1   0.00   0.00   3000  0
126.41  2     -0.00    0.00    1      2    0   0x00000106  135.9   0.00   0.00   3000  0
126.43  2     -0.00    0.00    1      2    0   0x00000106  135.7   0.00   0.00   3000  0
126.45  2     -0.00    0.00    1      2    0   0x00000106  135.5   0.00   0.00   3000  0
126.47  2     -0.00    0.00    1      2    0   0x00000106  135.3   0.00   0.00   3000  0
126.49  2     -0.00    0.00    1      2    0   0x00000106  135.1   0.00   0.00   3000  0
126.51  2     -0.00    0.00    1      2    0   0x00000106  134.9   0.00   0.00   3000  0
126.53  2     -0.00    0.00    1      2    0   0x00000106  134.7   0.00   0.00   3000  0
126.55  2     -0.00    0.00    1      2    0   0x00000106  134.5   0.00   0.00   3000  0
126.57  2     -0.00    0.00    1      2    0   0x00000106  134.3   0.00   0.00   3000  0
126.59  2     -0.00    0.00    1      2    0   0x00000106  134.1   0.00   0.00   3000  0
126.61  2     -0.00    0.00    1      2    0   0x00000106  133.9   0.00   0.00   3000  0
126.63  2     -0.00    0.00    1      2    0   0x00000106  133.7   0.00   0.00   3000  0
126.65  2     -0.00    0.00    1      2    0   0x00000106  133.5   0.00   0.00   3000  0
126.67  2     -0.00    0.00    1      2    0   0x00000106  133.3   0.00   0.00   3000  0
126.69  2     -0.00    0.00    1      2    0   0x00000106  133.1   0.00   0.00   3000  0
126.71  2     -0.00    0.00    1      2    0   0x00000106  132.9   0.00   0.00   3000  0
126.73  2     -0.00    0.00    1      2    0   0x00000106  132.7   0.00   0.00   3000  0
126.75  2     -0.00    0.00    1      2    0   0x00000106  132.5   0.00   0.00   3000  0
126.77  2     -0.00    0.00    1      2    0   0x00000106  132.3   0.00   0.00   3000  0
126.79  2     -0.00    0.00    1      2    0   0x00000106  132.1   0.00   0.00   3000  0
126.81  2     -0.00    0.00    1      2    0   0x00000106  131.9   0.00   0.00   3000  0
126.83  2     -0.00    0.00    1      2    0   0x00000106  131.7   0.00   0.00   3000  0
126.85  2     -0.00    0.00    1      2    0   0x00000106  131.5   0.00   0.00   3000  0
126.87  2     -0.00    0.00    1      2    0   0x00000106  131.3   0.00   0.00   3000  0
126.89  2     -0.00    0.00    1      2    0   0x00000106  131.1   0.00   0.00   3000  0
126.91  2     -0.00    0.00    1      2    0   0x00000106  130.9   0.00   0.00   3000  0
126.93  2     -0.00    0.00    1      2    0   0x00000106  130.7   0.00   0.00   3000  0
126.95  2     -0.00    0.00    1      2    0   0x00000106  130.5   0.00   0.00   3000  0
126.97  2     -0.00    0.00    1      2    0   0x00000106  130.3   0.00   0.00   3000  0
126.99  2     -0.00    0.00    1      2    0   0x00000106  130.1   0.00   0.00   3000  0
127.01  2     -0.00    0.00    1      2    0   0x00000106  129.9   0.00   0.00   3000  0
127.03  2     -0.00    0.00    1      2    0   0x00000106  129.7   0.00   0.00   3000  0
127.05  2     -0.00    0.00    1      2    0   0x00000106  129.5   0.00   0.00   3000  0
127.07  2     -0.00    0.00    1      2    0   0x00000106  129.3   0.00   0.00   3000  0
127.09  2     -0.00    0.00    1      2    0   0x00000106  129.1   0.00   0.00   3000  0
127.11  2     -0.00    0.00    1      2    0   0x00000106  128.9   0.00   0.00   3000  0
127.13  2     -0.00    0.00    1      2    0   0x00000106  128.7   0.00   0.00   3000  0
127.15  2     -0.00    0.00    1      2    0   0x00000106  128.5   0.00   0.00   3000  0
127.17  2     -0.00    0.00    1      2    0   0x00000106  128.3   0.00   0.00   3000  0
127.19  2     -0.00    0.00    1      2    0   0x00000106  128.1   0.00   0.00   3000  0
127.21  2     -0.00    0.00    1      2    0   0x00000106  127.9   0.00   0.00   3000  0
127.23  2     -0.00    0.00    1      2    0   0x00000106  127.7   0.00   0.00   3000  0
127.25  2     -0.00    0.00    1      2    0   0x00000106  127.5   0.00   0.00   3000  0
127.27  2     -0.00    0.00    1      2    0   0x00000106  127.3   0.00   0.00   3000  0
127.29  2     -0.00    0.00    1      2    0   0x00000106  127.1   0.00   0.00   3000  0
127.31  2     -0.00    0.00    1      2    0   0x00000106  126.9   0.00   0.00   3000  0
127.33  2     -0.00    0.00    1      2    0   0x00000106  126.7   0.00   0.00   3000  0
127.35  2     -0.00    0.00    1      2    0   0x00000106  126.5   0.00   0.00   3000  0
127.37  2     -0.00    0.00    1      2    0   0x00000106  126.3   0.00   0.00   3000  0
127.39  2     -0.00    0.00    1      2    0   0x00000106  126.1   0.00   0.00   3000  0
127.41  2     -0.00    0.00    1      2    0   0x00000106  125.9   0.00   0.00   3000  0
127.43  2     -0.00    0.00    1      2    0   0x00000106  125.7   0.00   0.00   3000  0
127.45  2     -0.00    0.00    1      2    0   0x00000106  125.5   0.00   0.00   3000  0
127.47  2     -0.00    0.00    1      2    0   0x00000106  125.3   0.00   0.00   3000  0
127.49  2     -0.00    0.00    1      2    0   0x00000106  125.1   0.00   0.00   3000  0
127.51  2     -0.00    0.00    1      2    0   0x00000106  124.9   0.00   0.00   3000  0
127.53  2     -0.00    0.00    1      2    0   0x00000106  124.7   0.00   0.00   3000  0
127.55  2     -0.00    0.00    1      2    0   0x00000106  124.5   0.00   0.00   3000  0
127.57  2     -0.00    0.00    1      2    0   0x00000106  124.3   0.00   0.00   3000  0
127.59  2     -0.00    0.00    1      2    0   0x00000106  124.1   0.00   0.00   3000  0
127.61  2     -0.00    0.00    1      2    0   0x00000106  123.9   0.00   0.00   3000  0
127.63  2     -0.00    0.00    1      2    0   0x00000106  123.7   0.00   0.00   3000  0
127.65  2     -0.00    0.00    1      2    0   0x00000106  123.5   0.00   0.00   3000  0
127.67  2     -0.00    0.00    1      2    0   0x00000106  123.3   0.00   0.00   3000  0
127.69  2     -0.00    0.00    1      2    0   0x00000106  123.1   0.00   0.00   3000  0
127.71  2     -0.00    0.00    1      2    0   0x00000106  122.9   0.00   0.00   3000  0
127.73  2     -0.00    0.00    1      2    0   0x00000106  122.7   0.00   0.00   3000  0
127.75  2     -0.00    0.00    1      2    0   0x00000106  122.5   0.00   0.00   3000  0
127.77  2     -0.00    0.00    1      2    0   0x00000106  122.3   0.00   0.00   3000  0
127.79  2     -0.00    0.00    1      2    0   0x00000106  122.1   0.00   0.00   3000  0
127.81  2     -0.00    0.00    1      2    0   0x00000106  121.9   0.00   0.00   3000  0
127.83  2     -0.00    0.00    1      2    0   0x00000106  121.7   0.00   0.00   3000  0
127.85  2     -0.00    0.00    1      2    0   0x00000106  121.5   0.00   0.00   3000  0
127.87  2     -0.00    0.00    1      2    0   0x00000106  121.3   0.00   0.00   3000  0
127.89  2     -0.00    0.00    1      2    0   0x00000106  121.1   0.00   0.00   3000  0
127.91  2     -0.00    0.00    1      2    0   0x00000106  120.9   0.00   0.00   3000  0
127.93  2     -0.00    0.00    1      2    0   0x00000106  120.7   0.00   0.00   3000  0
127.95  2     -0.00    0.00    1      2    0   0x00000106  120.5   0.00   0.00   3000  0
127.97  2     -0.00    0.00    1      2    0   0x00000106  120.3   0.00   0.00   3000  0
127.99  2     -0.00    0.00    1      2    0   0x00000106  120.1   0.00   0.00   3000  0
128.01  2     -0.00    0.00    1      2    0   0x00000106  119.9   0.00   0.00   3000  0
128.03  2     -0.00    0.00    1      2    0   0x00000106  119.7   0.00   0.00   3000  0
128.05  2     -0.00    0.00    1      2    0   0x00000106  119.5   0.00   0.00   3000  0
128.07  2     -0.00    0.00    1      2    0   0x00000106  119.3   0.00   0.00   3000  0
128.09  2     -0.00    0.00    1      2    0   0x00000106  119.1   0.00   0.00   3000  0
128.11  2     -0.00    0.00    1      2    0   0x00000106  118.9   0.00   0.00   3000  0
128.13  2     -0.00    0.00    1      2    0   0x00000106  118.7   0.00   0.00   3000  0
128.15  2     -0.00    0.00    1      2    0   0x00000106  118.5   0.00   0.00   3000  0
128.17  2     -0.00    0.00    1      2    0   0x00000106  118.3   0.00   0.00   3000  0
128.19  2     -0.00    0.00    1      2    0   0x00000106  118.1   0.00   0.00   3000  0
128.21  2     -0.00    0.00    1      2    0   0x00000106  117.9   0.00   0.00   3000  0
128.23  2     -0.00    0.00    1      2    0   0x00000106  117.7   0.00   0.00   3000  0
128.25  2     -0.00    0.00    1      2    0   0x00000106  117.5   0.00   0.00   3000  0
128.27  2     -0.00    0.00    1      2    0   0x00000106  117.3   0.00   0.00   3000  0
128.29  2     -0.00    0.00    1      2    0   0x00000106  117.1   0.00   0.00   3000  0
128.31  2     -0.00    0.00    1      2    0   0x00000106  116.9   0.00   0.00   3000  0
128.33  2     -0.00    0.00    1      2    0   0x00000106  116.7   0.00   0.00   3000  0
128.35  2     -0.00    0.00    1      2    0   0x00000106  116.5   0.00   0.00   3000  0
128.37  2     -0.00    0.00    1      2    0   0x00000106  116.3   0.00   0.00   3000  0
128.39  2     -0.00    0.00    1      2    0   0x00000106  116.1   0.00   0.00   3000  0
128.41  2     -0.00    0.00    1      2    0   0x00000106  115.9   0.00   0.00   3000  0
128.43  2     -0.00    0.00    1      2    0   0x00000106  115.7   0.00   0.00   3000  0
128.45  2     -0.00    0.00    1      2    0   0x00000106  115.5   0.00   0.00   3000  0
128.47  2     -0.00    0.00    1      2    0   0x00000106  115.3   0.00   0.00   3000  0
128.49  2     -0.00    0.00    1      2    0   0x00000106  115.1   0.00   0.00   3000  0
128.51  2     -0.00    0.00    1      2    0   0x00000106  114.9   0.00   0.00   3000  0
128.53  2     -0.00    0.00    1      2    0   0x00000106  114.7   0.00   0.00   3000  0
128.55  2     -0.00    0.00    1      2    0   0x00000106  114.5   0.00   0.00   3000  0
128.57  2     -0.00    0.00    1      2    0   0x00000106  114.3   0.00   0.00   3000  0
128.59  2     -0.00    0.00    1      2    0   0x00000106  114.1   0.00   0.00   3000  0
128.61  2     -0.00    0.00    1      2    0   0x00000106  113.9   0.00   0.00   3000  0
128.63  2     -0.00    0.00    1      2    0   0x00000106  113.7   0.00   0.00   3000  0
128.65  2     -0.00    0.00    1      2    0   0x00000106  113.5   0.00   0.00   3000  0
128.67  2     -0.00    0.00    1      2    0   0x00000106  113.3   0.00   0.00   3000  0
128.69  2     -0.00    0.00    1      2    0   0x00000106  113.1   0.00   0.00   3000  0
128.71  2     -0.00    0.00    1      2    0   0x00000106  112.9   0.00   0.00   3000  0
128.73  2     -0.00    0.00    1      2    0   0x00000106  112.7   0.00   0.00   3000  0
128.75  2     -0.00    0.00    1      2    0   0x00000106  112.5   0.00   0.00   3000  0
128.77  2     -0.00    0.00    1      2    0   0x00000106  112.3   0.00   0.00   3000  0
128.79  2     -0.00    0.00    1      2    0   0x00000106  112.1   0.00   0.00   3000  0
128.81  2     -0.00    0.00    1      2    0   0x00000106  111.9   0.00   0.00   3000  0
128.83  2     -0.00    0.00    1      2    0   0x00000106  111.7   0.00   0.00   3000  0
128.85  2     -0.00    0.00    1      2    0   0x00000106  111.5   0.00   0.00   3000  0
128.87  2     -0.00    0.00    1      2    0   0x00000106  111.3   0.00   0.00   3000  0
128.89  2     -0.00    0.00    1      2    0   0x00000106  111.1   0.00   0.00   3000  0
128.91  2     -0.00    0.00    1      2    0   0x00000106  110.9   0.00   0.00   3000  0
128.93  2     -0.00    0.00    1      2    0   0x00000106  110.7   0.00   0.00   3000  0
128.95  2     -0.00    0.00    1      2    0   0x00000106  110.5   0.00   0.00   3000  0
128.97  2     -0.00    0.00    1      2    0   0x00000106  110.3   0.00   0.00   3000  0
128.99  2     -0.00    0.00    1      2    0   0x00000106  110.1   0.00   0.00   3000  0
129.01  2     -0.00    0.00    1      2    0   0x00000106  109.9   0.00   0.00   3000  0
129.03  2     -0.00    0.00    1      2    0   0x00000106  109.7   0.00   0.00   3000  0
129.05  2     -0.00    0.00    1      2    0   0x00000106  109.5   0.00   0.00   3000  0
129.07  2     -0.00    0.00    1      2    0   0x00000106  109.3   0.00   0.00   3000  0
129.09  2     -0.00    0.00    1      2    0   0x00000106  109.1   0.00   0.00   3000  0
129.11  2     -0.00    0.00    1      2    0   0x00000106  108.9   0.00   0.00   3000  0
129.13  2     -0.00    0.00    1      2    0   0x00000106  108.7   0.00   0.00   3000  0
129.15  2     -0.00    0.00    1      2    0   0x00000106  108.5   0.00   0.00   3000  0
129.17  2     -0.00    0.00    1      2    0   0x00000106  108.3   0.00   0.00   3000  0
129.19  2     -0.00    0.00    1      2    0   0x00000106  108.1   0.00   0.00   3000  0
129.21  2     -0.00    0.00    1      2    0   0x00000106  107.9   0.00   0.00   3000  0
129.23  2     -0.00    0.00    1      2    0   0x00000106  107.7   0.00   0.00   3000  0
129.25  2     -0.00    0.00    1      2    0   0x00000106  107.5   0.00   0.00   3000  0
129.27  2     -0.00    0.00    1      2    0   0x00000106  107.3   0.00   0.00   3000  0
129.29  2     -0.00    0.00    1      2    0   0x00000106  107.1   0.00   0.00   3000  0
129.31  2     -0.00    0.00    1      2    0   0x00000106  106.9   0.00   0.00   3000  0
129.33  2     -0.00    0.00    1      2    0   0x00000106  106.7   0.00   0.00   3000  0
129.35  2     -0.00    0.00    1      2    0   0x00000106  106.5   0.00   0.00   3000  0
129.37  2     -0.00    0.00    1      2    0   0x00000106  106.3   0.00   0.00   3000  0
129.39  2     -0.00    0.00    1      2    0   0x00000106  106.1   0.00   0.00   3000  0
129.41  2     -0.00    0.00    1      2    0   0x00000106  105.9   0.00   0.00   3000  0
129.43  2     -0.00    0.00    1      2    0   0x00000106  105.7   0.00   0.00   3000  0
129.45  2     -0.00    0.00    1      2    0   0x00000106  105.5   0.00   0.00   3000  0
129.47  2     -0.00    0.00    1      2    0   0x00000106  105.3   0.00   0.00   3000  0
129.49  2     -0.00    0.00    1      2    0   0x00000106  105.1   0.00   0.00   3000  0
129.51  2     -0.00    0.00    1      2    0   0x00000106  104.9   0.00   0.00   3000  0
129.53  2     -0.00    0.00    1      2    0   0x00000106  104.7   0.00   0.00   3000  0
129.55  2     -0.00    0.00    1      2    0   0x00000106  104.5   0.00   0.00   3000  0
129.57  2     -0.00    0.00    1      2    0   0x00000106  104.3   0.00   0.00   3000  0
129.59  2     -0.00    0.00    1      2    0   0x00000106  104.1   0.00   0.00   3000  0
129.61  2     -0.00    0.00    1      2    0   0x00000106  103.9   0.00   0.00   3000  0
129.63  2     -0.00    0.00    1      2    0   0x00000106  103.7   0.00   0.00   3000  0
129.65  2     -0.00    0.00    1      2    0   0x00000106  103.5   0.00   0.00   3000  0
129.67  2     -0.00    0.00    1      2    0   0x00000106  103.3   0.00   0.00   3000  0
129.69  2     -0.00    0.00    1      2    0   0x00000106  103.1   0.00   0.00   3000  0
129.71  2     -0.00    0.00    1      2    0   0x00000106  102.9   0.00   0.00   3000  0
129.73  2     -0.00    0.00    1      2    0   0x00000106  102.7   0.00   0.00   3000  0
129.75  2     -0.00    0.00    1      2    0   0x00000106  102.5   0.00   0.00   3000  0
129.77  2     -0.00    0.00    1      2    0   0x00000106  102.3   0.00   0.00   3000  0
129.79  2     -0.00    0.00    1      2    0   0x00000106  102.1   0.00   0.00   3000  0
129.81  2     -0.00    0.00    1      2    0   0x00000106  101.9   0.00   0.00   3000  0
129.83  2     -0.00    0.00    1      2    0   0x00000106  101.7   0.00   0.00   3000  0
129.85  2     -0.00    0.00    1      2    0   0x00000106  101.5   0.00   0.00   3000  0
129.87  2     -0.00    0.00    1      2    0   0x00000106  101.3   0.00   0.00   3000  0
129.89  2     -0.00    0.00    1      2    0   0x00000106  101.1   0.00   0.00   3000  0
129.91  2     -0.00    0.00    1      2    0   0x00000106  100.9   0.00   0.00   3000  0
129.93  2     -0.00    0.00    1      2    0   0x00000106  100.7   0.00   0.00   3000  0
129.95  2     -0.00    0.00    1      2    0   0x00000106  100.5   0.00   0.00   3000  0
129.97  2     -0.00    0.00    1      2    0   0x00000106  100.3   0.00   0.00   3000  0
129.99  2     -0.00    0.00    1      2    0   0x00000106  100.1   0.00   0.00   3000  0
130.01  2     -0.00    0.00    1      2    0   0x00000106   99.9  -0.00   0.00   3000  0
130.03  2     -0.00    0.00    1      2    0   0x00000106   99.7  -0.00   0.00   3000  0
130.05  2     -0.00    0.00    1      2    0   0x00000106   99.5  -0.00   0.00   3000  0
130.07  2     -0.00    0.00    1      2    0   0x00000106   99.3  -0.00   0.00   3000  0
130.09  2     -0.00    0.00    1      2    0   0x00000106   99.1  -0.01   0.00   3000  0
130.11  2     -0.00    0.00    1      2    0   0x00000106   98.9  -0.01   0.00   3000  0
130.13  2     -0.00    0.00    1      2    0   0x00000106   98.7  -0.01   0.00   3000  0
130.15  2     -0.00    0.00    1      2    0   0x00000106   98.5  -0.01   0.00   3000  0
130.17  2     -0.00    0.00    1      2    0   0x00000106   98.3  -0.01   0.00   3000  0
130.19  2     -0.00    0.00    1      2    0   0x00000106   98.1  -0.01   0.00   3000  0
130.21  2     -0.00    0.00    1      2    0   0x00000106   97.9  -0.01   0.00   3000  0
130.23  2     -0.00    0.00    1      2    0   0x00000106   97.7  -0.01   0.00   3000  0
130.25  2     -0.00    0.00    1      2    0   0x00000106   97.5  -0.02   0.00   3000  0
130.27  2     -0.00    0.00    1      2    0   0x00000106   97.3  -0.02   0.00   3000  0
130.29  2     -0.00    0.00    1      2    0   0x00000106   97.1  -0.02   0.00   3000  0
130.31  2     -0.00    0.00    1      2    0   0x00000106   96.9  -0.02   0.00   3000  0
130.33  2     -0.00    0.00    1      2    0   0x00000106   96.7  -0.02   0.00   3000  0
130.35  2     -0.00    0.00    1      2    0   0x00000106   96.5  -0.02   0.00   3000  0
130.37  2     -0.00    0.00    1      2    0   0x00000106   96.3  -0.02   0.00   3000  0
130.39  2     -0.00    0.00    1      2    0   0x00000106   96.1  -0.02   0.00   3000  0
130.41  2     -0.00    0.00    1      2    0   0x00000106   95.9  -0.02   0.00   3000  0
130.43  2     -0.00    0.00    1      2    0   0x00000106   95.7  -0.03   0.00   3000  0
130.45  2     -0.00    0.00    1      2    0   0x00000106   95.5  -0.03   0.00   3000  0
130.47  2     -0.00    0.00    1      2    0   0x00000106   95.3  -0.03   0.00   3000  0
130.49  2     -0.00    0.00    1      2    0   0x00000106   95.1  -0.03   0.00   3000  0
130.51  2     -0.00    0.00    1      2    0   0x00000106   94.9  -0.03   0.00   3000  0
130.53  2     -0.00    0.00    1      2    0   0x00000106   94.7  -0.03   0.00   3000  0
130.55  2     -0.00    0.00    1      2    0   0x00000106   94.5  -0.03   0.00   3000  0
130.57  2     -0.00    0.00    1      2    0   0x00000106   94.3  -0.03   0.00   3000  0
130.59  2     -0.00    0.00    1      2    0   0x00000106   94.1  -0.04   0.00   3000  0
130.61  2     -0.00    0.00    1      2    0   0x00000106   93.9  -0.04   0.00   3000  0
130.63  2     -0.00    0.00    1      2    0   0x00000106   93.7  -0.04   0.00   3000  0
130.65  2     -0.00    0.00    1      2    0   0x00000106   93.5  -0.04   0.00   3000  0
130.67  2     -0.00    0.00    1      2    0   0x00000106   93.3  -0.04   0.00   3000  0
130.69  2     -0.00    0.00    1      2    0   0x00000106   93.1  -0.04   0.00   3000  0
130.71  2     -0.00    0.00    1      2    0   0x00000106   92.9  -0.04   0.00   3000  0
130.73  2     -0.00    0.00    1      2    0   0x00000106   92.7  -0.04   0.00   3000  0
130.75  2     -0.00    0.00    1      2    0   0x00000106   92.5  -0.05   0.00   3000  0
130.77  2     -0.00    0.00    1      2    0   0x00000106   92.3  -0.05   0.00   3000  0
130.79  2     -0.00    0.00    1      2    0   0x00000106   92.1  -0.05   0.00   3000  0
130.81  2     -0.00    0.00    1      2    0   0x00000106   91.9  -0.05   0.00   3000  0
130.83  2     -0.00    0.00    1      2    0   0x00000106   91.7  -0.05   0.00   3000  0
130.85  2     -0.00    0.00    1      2    0   0x00000106   91.5  -0.05   0.00   3000  0
130.87  2     -0.00    0.00    1      2    0   0x00000106   91.3  -0.05   0.00   3000  0
130.89  2     -0.00    0.00    1      2    0   0x00000106   91.1  -0.05   0.00   3000  0
130.91  2     -0.00    0.00    1      2    0   0x00000106   90.9  -0.05   0.00   3000  0
130.93  2     -0.00    0.00    1      2    0   0x00000106   90.7  -0.06   0.00   3000  0
130.95  2     -0.00    0.00    1      2    0   0x00000106   90.5  -0.06   0.00   3000  0
130.97  2     -0.00    0.00    1      2    0   0x00000106   90.3  -0.06   0.00   3000  0
130.99  2     -0.00    0.00    1      2    0   0x00000106   90.1  -0.06   0.00   3000  0
131.01  2     -0.00    0.00    1      2    0   0x00000106   89.9  -0.06   0.00   3000  0
131.03  2     -0.00    0.00    1      2    0   0x00000106   89.7  -0.06   0.00   3000  0
131.05  2     -0.00    0.00    1      2    0   0x00000106   89.5  -0.06   0.00   3000  0
131.07  2     -0.00    0.00    1      2    0   0x00000106   89.3  -0.06   0.00   3000  0
131.09  2     -0.00    0.00    1      2    0   0x00000106   89.1  -0.07   0.00   3000  0
131.11  2     -0.00    0.00    1      2    0   0x00000106   88.9  -0.07   0.00   3000  0
131.13  2     -0.00    0.00    1      2    0   0x00000106   88.7  -0.07   0.00   3000  0
131.15  2     -0.00    0.00    1      2    0   0x00000106   88.5  -0.07   0.00   3000  0
131.17  2     -0.00    0.00    1      2    0   0x00000106   88.3  -0.07   0.00   3000  0
131.19  2     -0.00    0.00    1      2    0   0x00000106   88.1  -0.07   0.00   3000  0
131.21  2     -0.00    0.00    1      2    0   0x00000106   87.9  -0.07   0.00   3000  0
131.23  2     -0.00    0.00    1      2    0   0x00000106   87.7  -0.07   0.00   3000  0
131.25  2     -0.00    0.00    1      2    0   0x00000106   87.5  -0.08   0.00   3000  0
131.27  2     -0.00    0.00    1      2    0   0x00000106   87.3  -0.08   0.00   3000  0
131.29  2     -0.00    0.00    1      2    0   0x00000106   87.1  -0.08   0.00   3000  0
131.31  2     -0.00    0.00    1      2    0   0x00000106   86.9  -0.08   0.00   3000  0
131.33  2     -0.00    0.00    1      2    0   0x00000106   86.7  -0.08   0.00   3000  0
131.35  2     -0.00    0.00    1      2    0   0x00000106   86.5  -0.08   0.00   3000  0
131.37  2     -0.00    0.00    1      2    0   0x00000106   86.3  -0.08   0.00   3000  0
131.39  2     -0.00    0.00    1      2    0   0x00000106   86.1  -0.08   0.00   3000  0
131.41  2     -0.00    0.00    1      2    0   0x00000106   85.9  -0.08   0.00   3000  0
131.43  2     -0.00    0.00    1      2    0   0x00000106   85.7  -0.09   0.00   3000  0
131.45  2     -0.00    0.00    1      2    0   0x00000106   85.5  -0.09   0.00   3000  0
131.47  2     -0.00    0.00    1      2    0   0x00000106   85.3  -0.09   0.00   3000  0
131.49  2     -0.00    0.00    1      2    0   0x00000106   85.1  -0.09   0.00   3000  0
131.51  2     -0.00    0.00    1      2    0   0x00000106   84.9  -0.09   0.00   3000  0
131.53  2     -0.00    0.00    1      2    0   0x00000106   84.7  -0.09   0.00   3000  0
131.55  2     -0.00    0.00    1      2    0   0x00000106   84.5  -0.09   0.00   3000  0
131.57  2     -0.00    0.00    1      2    0   0x00000106   84.3  -0.09   0.00   3000  0
131.59  2     -0.00    0.00    1      2    0   0x00000106   84.1  -0.10   0.00   3000  0
131.61  2     -0.00    0.00    1      2    0   0x00000106   83.9  -0.10   0.00   3000  0
131.63  2     -0.00    0.00    1      2    0   0x00000106   83.7  -0.10   0.00   3000  0
131.65  2     -0.00    0.00    1      2    0   0x00000106   83.5  -0.10   0.00   3000  0
131.67  2     -0.00    0.00    1      2    0   0x00000106   83.3  -0.10   0.00   3000  0
131.69  2     -0.00    0.00    1      2    0   0x00000106   83.1  -0.10   0.00   3000  0
131.71  2     -0.00    0.00    1      2    0   0x00000106   82.9  -0.10   0.00   3000  0
131.73  2     -0.00    0.00    1      2    0   0x00000106   82.7  -0.10   0.00   3000  0
131.75  2     -0.00    0.00    1      2    0   0x00000106   82.5  -0.11   0.00   3000  0
131.77  2     -0.00    0.00    1      2    0   0x00000106   82.3  -0.11   0.00   3000  0
131.79  2     -0.00    0.00    1      2    0   0x00000106   82.1  -0.11   0.00   3000  0
131.81  2     -0.00    0.00    1      2    0   0x00000106   81.9  -0.11   0.00   3000  0
131.83  2     -0.00    0.00    1      2    0   0x00000106   81.7  -0.11   0.00   3000  0
131.85  2     -0.00    0.00    1      2    0   0x00000106   81.5  -0.11   0.00   3000  0
131.87  2     -0.00    0.00    1      2    0   0x00000106   81.3  -0.11   0.00   3000  0
131.89  2     -0.00    0.00    1      2    0   0x00000106   81.1  -0.11   0.00   3000  0
131.91  2     -0.00    0.00    1      2    0   0x00000106   80.9  -0.11   0.00   3000  0
131.93  2     -0.00    0.00    1      2    0   0x00000106   80.7  -0.12   0.00   3000  0
131.95  2     -0.00    0.00    1      2    0   0x00000106   80.5  -0.12   0.00   3000  0
131.97  2     -0.00    0.00    1      2    0   0x00000106   80.3  -0.12   0.00   3000  0
131.99  2     -0.00    0.00    1      2    0   0x00000106   80.1  -0.12   0.00   3000  0
132.01  2     -0.00    0.00    1      2    0   0x00000106   79.9  -0.12   0.00   3000  0
132.03  2     -0.00    0.00    1      2    0   0x00000106   79.7  -0.12   0.00   3000  0
132.05  2     -0.00    0.00    1      2    0   0x00000106   79.5  -0.12   0.00   3000  0
132.07  2     -0.00    0.00    1      2    0   0x00000106   79.3  -0.12   0.00   3000  0
132.09  2     -0.00    0.00    1      2    0   0x00000106   79.1  -0.13   0.00   3000  0
132.11  2     -0.00    0.00    1      2    0   0x00000106   78.9  -0.13   0.00   3000  0
132.13  2     -0.00    0.00    1      2    0   0x00000106   78.7  -0.13   0.00   3000  0
132.15  2     -0.00    0.00    1      2    0   0x00000106   78.5  -0.13   0.00   3000  0
132.17  2     -0.00    0.00    1      2    0   0x00000106   78.3  -0.13   0.00   3000  0
132.19  2     -0.00    0.00    1      2    0   0x00000106   78.1  -0.13   0.00   3000  0
132.21  2     -0.00    0.00    1      2    0   0x00000106   77.9  -0.13   0.00   3000  0
132.23  2     -0.00    0.00    1      2    0   0x00000106   77.7  -0.13   0.00   3000  0
132.25  2     -0.00    0.00    1      2    0   0x00000106   77.5  -0.14   0.00   3000  0
132.27  2     -0.00    0.00    1      2    0   0x00000106   77.3  -0.14   0.00   3000  0
132.29  2     -0.00    0.00    1      2    0   0x00000106   77.1  -0.14   0.00   3000  0
132.31  2     -0.00    0.00    1      2    0   0x00000106   76.9  -0.14   0.00   3000  0
132.33  2     -0.00    0.00    1      2    0   0x00000106   76.7  -0.14   0.00   3000  0
132.35  2     -0.00    0.00    1      2    0   0x00000106   76.5  -0.14   0.00   3000  0
132.37  2     -0.00    0.00    1      2    0   0x00000106   76.3  -0.14   0.00   3000  0
132.39  2     -0.00    0.00    1      2    0   0x00000106   76.1  -0.14   0.00   3000  0
132.41  2     -0.00    0.00    1      2    0   0x00000106   75.9  -0.14   0.00   3000  0
132.43  2     -0.00    0.00    1      2    0   0x00000106   75.7  -0.15   0.00   3000  0
132.45  2     -0.00    0.00    1      2    0   0x00000106   75.5  -0.15   0.00   3000  0
132.47  2     -0.00    0.00    1      2    0   0x00000106   75.3  -0.15   0.00   3000  0
132.49  2     -0.00    0.00    1      2    0   0x00000106   75.1  -0.15   0.00   3000  0
132.51  2     -0.00    0.00    1      2    0   0x00000106   74.9  -0.15   0.00   3000  0
132.53  2     -0.00    0.00    1      2    0   0x00000106   74.7  -0.15   0.00   3000  0
132.55  2     -0.00    0.00    1      2    0   0x00000106   74.5  -0.15   0.00   3000  0
132.57  2     -0.00    0.00    1      2    0   0x00000106   74.3  -0.15   0.00   3000  0
132.59  2     -0.00    0.00    1      2    0   0x00000106   74.1  -0.16   0.00   3000  0
132.61  2     -0.00    0.00    1      2    0   0x00000106   73.9  -0.16   0.00   3000  0
132.63  2     -0.00    0.00    1      2    0   0x00000106   73.7  -0.16   0.00   3000  0
132.65  2     -0.00    0.00    1      2    0   0x00000106   73.5  -0.16   0.00   3000  0
132.67  2     -0.00    0.00    1      2    0   0x00000106   73.3  -0.16   0.00   3000  0
132.69  2     -0.00    0.00    1      2    0   0x00000106   73.1  -0.16   0.00   3000  0
132.71  2     -0.00    0.00    1      2    0   0x00000106   72.9  -0.16   0.00   3000  0
132.73  2     -0.00    0.00    1      2    0   0x00000106   72.7  -0.16   0.00   3000  0
132.75  2     -0.00    0.00    1      2    0   0x00000106   72.5  -0.17   0.00   3000  0
132.77  2     -0.00    0.00    1      2    0   0x00000106   72.3  -0.17   0.00   3000  0
132.79  2     -0.00    0.00    1      2    0   0x00000106   72.1  -0.17   0.00   3000  0
132.81  2     -0.00    0.00    1      2    0   0x00000106   71.9  -0.17   0.00   3000  0
132.83  2     -0.00    0.00    1      2    0   0x00000106   71.7  -0.17   0.00   3000  0
132.85  2     -0.00    0.00    1      2    0   0x00000106   71.5  -0.17   0.00   3000  0
132.87  2     -0.00    0.00    1      2    0   0x00000106   71.3  -0.17   0.00   3000  0
132.89  2     -0.00    0.00    1      2    0   0x00000106   71.1  -0.17   0.00   3000  0
132.91  2     -0.00    0.00    1      2    0   0x00000106   70.9  -0.17   0.00   3000  0
132.93  2     -0.00    0.00    1      2    0   0x00000106   70.7  -0.18   0.00   3000  0
132.95  2     -0.00    0.00    1      2    0   0x00000106   70.5  -0.18   0.00   3000  0
132.97  2     -0.00    0.00    1      2    0   0x00000106   70.3  -0.18   0.00   3000  0
132.99  2     -0.00    0.00    1      2    0   0x00000106   70.1  -0.18   0.00   3000  0
133.01  2     -0.00    0.00    1      2    0   0x00000106   69.9  -0.18   0.00   3000  0
133.03  2     -0.00    0.00    1      2    0   0x00000106   69.7  -0.18   0.00   3000  0
133.05  2     -0.00    0.00    1      2    0   0x00000106   69.5  -0.18   0.00   3000  0
133.07  2     -0.00    0.00    1      2    0   0x00000106   69.3  -0.18   0.00   3000  0
133.09  2     -0.00    0.00    1      2    0   0x00000106   69.1  -0.19   0.00   3000  0
133.11  2     -0.00    0.00    1      2    0   0x00000106   68.9  -0.19   0.00   3000  0
133.13  2     -0.00    0.00    1      2    0   0x00000106   68.7  -0.19   0.00   3000  0
133.15  2     -0.00    0.00    1      2    0   0x00000106   68.5  -0.19   0.00   3000  0
133.17  2     -0.00    0.00    1      2    0   0x00000106   68.3  -0.19   0.00   3000  0
133.19  2     -0.00    0.00    1      2    0   0x00000106   68.1  -0.19   0.00   3000  0
133.21  2     -0.00    0.00    1      2    0   0x00000106   67.9  -0.19   0.00   3000  0
133.23  2     -0.00    0.00    1      2    0   0x00000106   67.7  -0.19   0.00   3000  0
133.25  2     -0.00    0.00    1      2    0   0x00000106   67.5  -0.20   0.00   3000  0
133.27  2     -0.00    0.00    1      2    0   0x00000106   67.3  -0.20   0.00   3000  0
133.29  2     -0.00    0.00    1      2    0   0x00000106   67.1  -0.20   0.00   3000  0
133.31  2     -0.00    0.00    1      2    0   0x00000106   66.9  -0.20   0.00   3000  0
133.33  2     -0.00    0.00    1      2    0   0x00000106   66.7  -0.20   0.00   3000  0
133.35  2     -0.00    0.00    1      2    0   0x00000106   66.5  -0.20   0.00   3000  0
133.37  2     -0.00    0.00    1      2    0   0x00000106   66.3  -0.20   0.00   3000  0
133.39  2     -0.00    0.00    1      2    0   0x00000106   66.1  -0.20   0.00   3000  0
133.41  2     -0.00    0.00    1      2    0   0x00000106   65.9  -0.20   0.00   3000  0
133.43  2     -0.00    0.00    1      2    0   0x00000106   65.7  -0.21   0.00   3000  0
133.45  2     -0.00    0.00    1      2    0   0x00000106   65.5  -0.21   0.00   3000  0
133.47  2     -0.00    0.00    1      2    0   0x00000106   65.3  -0.21   0.00   3000  0
133.49  2     -0.00    0.00    1      2    0   0x00000106   65.1  -0.21   0.00   3000  0
133.51  2     -0.00    0.00    1      2    0   0x00000106   64.9  -0.21   0.00   3000  0
133.53  2     -0.00    0.00    1      2    0   0x00000106   64.7  -0.21   0.00   3000  0
133.55  2     -0.00    0.00    1      2    0   0x00000106   64.5  -0.21   0.00   3000  0
133.57  2     -0.00    0.00    1      2    0   0x00000106   64.3  -0.21   0.00   3000  0
133.59  2     -0.00    0.00    1      2    0   0x00000106   64.1  -0.22   0.00   3000  0
133.61  2     -0.00    0.00    1      2    0   0x00000106   63.9  -0.22   0.00   3000  0
133.63  2     -0.00    0.00    1      2    0   0x00000106   63.7  -0.22   0.00   3000  0
133.65  2     -0.00    0.00    1      2    0   0x00000106   63.5  -0.22   0.00   3000  0
133.67  2     -0.00    0.00    1      2    0   0x00000106   63.3  -0.22   0.00   3000  0
133.69  2     -0.00    0.00    1      2    0   0x00000106   63.1  -0.22   0.00   3000  0
133.71  2     -0.00    0.00    1      2    0   0x00000106   62.9  -0.22   0.00   3000  0
133.73  2     -0.00    0.00    1      2    0   0x00000106   62.7  -0.22   0.00   3000  0
133.75  2     -0.00    0.00    1      2    0   0x00000106   62.5  -0.23   0.00   3000  0
133.77  2     -0.00    0.00    1      2    0   0x00000106   62.3  -0.23   0.00   3000  0
133.79  2     -0.00    0.00    1      2    0   0x00000106   62.1  -0.23   0.00   3000  0
133.81  2     -0.00    0.00    1      2    0   0x00000106   61.9  -0.23   0.00   3000  0
133.83  2     -0.00    0.00    1      2    0   0x00000106   61.7  -0.23   0.00   3000  0
133.85  2     -0.00    0.00    1      2    0   0x00000106   61.5  -0.23   0.00   3000  0
133.87  2     -0.00    0.00    1      2    0   0x00000106   61.3  -0.23   0.00   3000  0
133.89  2     -0.00    0.00    1      2    0   0x00000106   61.1  -0.23   0.00   3000  0
133.91  2     -0.00    0.00    1      2    0   0x00000106   60.9  -0.23   0.00   3000  0
133.93  2     -0.00    0.00    1      2    0   0x00000106   60.7  -0.24   0.00   3000  0
133.95  2     -0.00    0.00    1      2    0   0x00000106   60.5  -0.24   0.00   3000  0
133.97  2     -0.00    0.00    1      2    0   0x00000106   60.3  -0.24   0.00   3000  0
133.99  2     -0.00    0.00    1      2    0   0x00000106   60.1  -0.24   0.00   3000  0
134.01  2     -0.00    0.00    1      2    0   0x00000106   59.9  -0.24   0.00   3000  0
134.03  2     -0.00    0.00    1      2    0   0x00000106   59.7  -0.24   0.00   3000  0
134.05  2     -0.00    0.00    1      2    0   0x00000106   59.5  -0.24   0.00   3000  0
134.07  2     -0.00    0.00    1      2    0   0x00000106   59.3  -0.24   0.00   3000  0
134.09  2     -0.00    0.00    1      2    0   0x00000106   59.1  -0.25   0.00   3000  0
134.11  2     -0.00    0.00    1      2    0   0x00000106   58.9  -0.25   0.00   3000  0
134.13  2     -0.00    0.00    1      2    0   0x00000106   58.7  -0.25   0.00   3000  0
134.15  2     -0.00    0.00    1      2    0   0x00000106   58.5  -0.25   0.00   3000  0
134.17  2     -0.00    0.00    1      2    0   0x00000106   58.3  -0.25   0.00   3000  0
134.19  2     -0.00    0.00    1      2    0   0x00000106   58.1  -0.25   0.00   3000  0
134.21  2     -0.00    0.00    1      2    0   0x00000106   57.9  -0.25   0.00   3000  0
134.23  2     -0.00    0.00    1      2    0   0x00000106   57.7  -0.25   0.00   3000  0
134.25  2     -0.00    0.00    1      2    0   0x00000106   57.5  -0.26   0.00   3000  0
134.27  2     -0.00    0.00    1      2    0   0x00000106   57.3  -0.26   0.00   3000  0
134.29  2     -0.00    0.00    1      2    0   0x00000106   57.1  -0.26   0.00   3000  0
134.31  2     -0.00    0.00    1      2    0   0x00000106   56.9  -0.26   0.00   3000  0
134.33  2     -0.00    0.00    1      2    0   0x00000106   56.7  -0.26   0.00   3000  0
134.35  2     -0.00    0.00    1      2    0   0x00000106   56.5  -0.26   0.00   3000  0
134.37  2     -0.00    0.00    1      2    0   0x00000106   56.3  -0.26   0.00   3000  0
134.39  2     -0.00    0.00    1      2    0   0x00000106   56.1  -0.26   0.00   3000  0
134.41  2     -0.00    0.00    1      2    0   0x00000106   55.9  -0.26   0.00   3000  0
134.43  2     -0.00    0.00    1      2    0   0x00000106   55.7  -0.27   0.00   3000  0
134.45  2     -0.00    0.00    1      2    0   0x00000106   55.5  -0.27   0.00   3000  0
134.47  2     -0.00    0.00    1      2    0   0x00000106   55.3  -0.27   0.00   3000  0
134.49  2     -0.00    0.00    1      2    0   0x00000106   55.1  -0.27   0.00   3000  0
134.51  2     -0.00    0.00    1      2    0   0x00000106   54.9  -0.27   0.00   3000  0
134.53  2     -0.00    0.00    1      2    0   0x00000106   54.7  -0.27   0.00   3000  0
134.55  2     -0.00    0.00    1      2    0   0x00000106   54.5  -0.27   0.00   3000  0
134.57  2     -0.00    0.00    1      2    0   0x00000106   54.3  -0.27   0.00   3000  0
134.59  2     -0.00    0.00    1      2    0   0x00000106   54.1  -0.28   0.00   3000  0
134.61  2     -0.00    0.00    1      2    0   0x00000106   53.9  -0.28   0.00   3000  0
134.63  2     -0.00    0.00    1      2    0   0x00000106   53.7  -0.28   0.00   3000  0
134.65  2     -0.00    0.00    1      2    0   0x00000106   53.5  -0.28   0.00   3000  0
134.67  2     -0.00    0.00    1      2    0   0x00000106   53.3  -0.28   0.00   3000  0
134.69  2     -0.00    0.00    1      2    0   0x00000106   53.1  -0.28   0.00   3000  0
134.71  2     -0.00    0.00    1      2    0   0x00000106   52.9  -0.28   0.00   3000  0
134.73  2     -0.00    0.00    1      2    0   0x00000106   52.7  -0.28   0.00   3000  0
134.75  2     -0.00    0.00    1      2    0   0x00000106   52.5  -0.29   0.00   3000  0
134.77  2     -0.00    0.00    1      2    0   0x00000106   52.3  -0.29   0.00   3000  0
134.79  2     -0.00    0.00    1      2    0   0x00000106   52.1  -0.29   0.00   3000  0
134.81  2     -0.00    0.00    1      2    0   0x00000106   51.9  -0.29   0.00   3000  0
134.83  2     -0.00    0.00    1      2    0   0x00000106   51.7  -0.29   0.00   3000  0
134.85  2     -0.00    0.00    1      2    0   0x00000106   51.5  -0.29   0.00   3000  0
134.87  2     -0.00    0.00    1      2    0   0x00000106   51.3  -0.29   0.00   3000  0
134.89  2     -0.00    0.00    1      2    0   0x00000106   51.1  -0.29   0.00   3000  0
134.91  2     -0.00    0.00    1      2    0   0x00000106   50.9  -0.29   0.00   3000  0
134.93  2     -0.00    0.00    1      2    0   0x00000106   50.7  -0.30   0.00   3000  0
134.95  2     -0.00    0.00    1      2    0   0x00000106   50.5  -0.30   0.00   3000  0
134.97  2     -0.00    0.00    1      2    0   0x00000106   50.3  -0.30   0.00   3000  0
134.99  2     -0.00    0.00    1      2    0   0x00000106   50.1  -0.30   0.00   3000  0
135.01  1     -0.04   -1.87    1      2    0   0x80001106   49.9  -0.30   0.00   3000  0
135.03  1     -0.14   -5.16    1      2    0   0x80003906   49.8  -0.30   0.00   3000  0
135.05  1     -0.32   -8.96    1      2    0   0x80008106   49.7  -0.30   0.00   3000  0
135.07  1     -0.57  -12.61    1      2    0   0x0000E506   49.6  -0.30   0.00   3000  0
135.09  1     -0.89  -15.75    1      2    0   0x80016106   49.4  -0.30   0.00   3000  0
135.11  1     -1.26  -18.27    1      2    0   0x0001F506   49.3  -0.30   0.00   3000  0
135.13  1     -1.66  -20.19    1      2    0   0x00029506   49.2  -0.31   0.00   3000  0
135.15  1     -2.09  -21.61    0      2    0   0x00034506   49.1  -0.31   0.00   3000  0
135.17  1     -2.54  -22.63    0      2    0   0x8003F906   49.0  -0.31   0.00   3000  0
135.19  1     -3.01  -23.34    0      2    0   0x8004B506   48.8  -0.31   0.00   3000  0
135.21  1     -3.49  -23.84    0      2    0   0x80057106   48.7  -0.31   0.00   3000  0
135.23  1     -3.97  -24.19    0      2    0   0x80063506   48.6  -0.31   0.00   3000  0
135.25  1     -4.46  -24.43    0      2    0   0x8006F506   48.5  -0.31   0.00   3000  0
135.27  1     -4.95  -24.60    0      2    0   0x0007BD06   48.4  -0.31   0.00   3000  0
135.29  1     -5.45  -24.72    0      2    0   0x00088106   48.2  -0.31   0.00   3000  0
135.31  1     -5.94  -24.80    0      2    0   0x00094906   48.1  -0.31   0.00   3000  0
135.33  1     -6.44  -24.86    0      2    0   0x000A0D06   48.0  -0.31   0.00   3000  0
135.35  1     -6.94  -24.90    0      2    0   0x000AD506   47.9  -0.31   0.00   3000  0
135.37  1     -7.44  -24.93    0      2    0   0x800B9D06   47.8  -0.31   0.00   3000  0
135.39  1     -7.94  -24.95    0      2    0   0x800C6506   47.6  -0.32   0.00   3000  0
135.41  1     -8.43  -24.97    0      2    0   0x000D2D06   47.5  -0.32   0.00   3000  0
135.43  1     -8.93  -24.98    0      2    0   0x000DF506   47.4  -0.32   0.00   3000  0
135.45  1     -9.43  -24.98    0      2    0   0x000EBD06   47.3  -0.32   0.00   3000  0
135.47  1     -9.93  -24.99    0      2    0   0x000F8506   47.2  -0.32   0.00   3000  0
135.49  1    -10.43  -24.99    0      2    0   0x00104D06   47.0  -0.32   0.00   3000  0
135.51  1    -10.93  -24.99    0      2    0   0x00111506   46.9  -0.32   0.00   3000  0
135.53  1    -11.43  -25.00    0      2    0   0x8011DD06   46.8  -0.32   0.00   3000  0
135.55  1    -11.93  -25.00    0      2    0   0x8012A506   46.7  -0.32   0.00   3000  0
135.57  1    -12.43  -25.00    0      2    0   0x80136D06   46.6  -0.32   0.00   3000  0
135.59  1    -12.93  -25.00    0      2    0   0x80143506   46.4  -0.32   0.00   3000  0
135.61  1    -13.43  -25.00    0      2    0   0x0014FD06   46.3  -0.32   0.00   3000  0
135.63  1    -13.93  -25.00    0      2    0   0x0015C506   46.2  -0.33   0.00   3000  0
135.65  1    -14.43  -25.00    0      2    0   0x00168D06   46.1  -0.33   0.00   3000  0
135.67  1    -14.93  -25.00    0      2    0   0x80175506   46.0  -0.33   0.00   3000  0
135.69  1    -15.43  -25.00    0      2    0   0x80181D06   45.8  -0.33   0.00   3000  0
135.71  1    -15.93  -25.00    0      2    0   0x0018E506   45.7  -0.33   0.00   3000  0
135.73  1    -16.43  -25.00    0      2    0   0x8019AD06   45.6  -0.33   0.00   3000  0
135.75  1    -16.93  -25.00    0      2    0   0x801A7506   45.5  -0.33   0.00   3000  0
135.77  1    -17.43  -25.00    0      2    0   0x001B3D06   45.4  -0.33   0.00   3000  0
135.79  1    -17.93  -25.00    0      2    0   0x001C0506   45.2  -0.33   0.00   3000  0
135.81  1    -18.43  -25.00    0      2    0   0x801CCD06   45.1  -0.33   0.00   3000  0
135.83  1    -18.93  -25.00    0      2    0   0x801D9506   45.0  -0.33   0.00   3000  0
135.85  1    -19.43  -25.00    0      2    0   0x001E5D06   44.9  -0.33   0.00   3000  0
135.87  1    -19.93  -25.00    0      2    0   0x801F2506   44.8  -0.33   0.00   3000  0
135.89  1    -20.43  -25.00    0      2    0   0x001FED06   44.6  -0.34   0.00   3000  0
135.91  1    -20.93  -25.00    0      2    0   0x8020B506   44.5  -0.34   0.00   3000  0
135.93  1    -21.43  -25.00    0      2    0   0x80217D06   44.4  -0.34   0.00   3000  0
135.95  1    -21.93  -25.00    0      2    0   0x00224506   44.3  -0.34   0.00   3000  0
135.97  1    -22.43  -25.00    0      2    0   0x80230D06   44.2  -0.34   0.00   3000  0
135.99  1    -22.93  -25.00    0      2    0   0x8023D506   44.0  -0.34   0.00   3000  0
136.01  1    -23.43  -25.00    0      2    0   0x00249D06   43.9  -0.34   0.00   3000  0
136.03  1    -23.93  -25.00    0      2    0   0x00256506   43.8  -0.34   0.00   3000  0
136.05  1    -24.43  -25.00    0      2    0   0x00262D06   43.7  -0.34   0.00   3000  0
136.07  1    -24.93  -25.00    0      2    0   0x0026F506   43.6  -0.34   0.00   3000  0
136.09  1    -25.43  -25.00    0      2    0   0x8027BD06   43.4  -0.34   0.00   3000  0
136.11  1    -25.93  -25.00    0      2    0   0x00288506   43.3  -0.34   0.00   3000  0
136.13  1    -26.43  -25.00    0      2    0   0x00294D06   43.2  -0.35   0.00   3000  0
136.15  1    -26.93  -25.00    0      2    0   0x802A1506   43.1  -0.35   0.00   3000  0
136.17  1    -27.43  -25.00    0      2    0   0x002ADD06   43.0  -0.35   0.00   3000  0
136.19  1    -27.93  -25.00    0      2    0   0x802BA506   42.8  -0.35   0.00   3000  0
136.21  1    -28.43  -25.00    0      2    0   0x802C6D06   42.7  -0.35   0.00   3000  0
136.23  1    -28.93  -25.00    0      2    0   0x802D3506   42.6  -0.35   0.00   3000  0
136.25  1    -29.43  -25.00    0      2    0   0x002DFD06   42.5  -0.35   0.00   3000  0
136.27  1    -29.93  -25.00    0      2    0   0x802EC506   42.4  -0.35   0.00   3000  0
136.29  1    -30.43  -25.00    0      2    0   0x002F8D06   42.2  -0.35   0.00   3000  0
136.31  1    -30.93  -25.00    0      2    0   0x80305506   42.1  -0.35   0.00   3000  0
136.33  1    -31.43  -25.00    0      2    0   0x00311D06   42.0  -0.35   0.00   3000  0
136.35  1    -31.92  -24.55    0      2    0   0x0031E106   41.9  -0.35   0.00   3000  0
136.37  1    -32.38  -22.85    0      2    0   0x00329906   41.8  -0.35   0.00   3000  0
136.39  1    -32.77  -19.45    0      2    0   0x80333506   41.6  -0.36   0.00   3000  0
136.41  1    -33.06  -14.47    0      2    0   0x8033A506   41.5  -0.36   0.00   3000  0
136.43  1    -33.23   -8.40    0      2    0   0x0033E906   41.4  -0.36   0.00   3000  0
136.45  1    -33.27   -2.00    0      2    0   0x8033F906   41.3  -0.36   0.00   3000  0
136.47  1    -33.19    3.86    0      2    0   0x8033DD06   41.2  -0.36   0.00   3000  0
136.49  1    -33.02    8.46    0      2    0   0x80339906   41.0  -0.36   0.00   3000  0
136.51  1    -32.80   11.23    0      2    0   0x00333D06   40.9  -0.36   0.00   3000  0
136.53  1    -32.56   11.90    0      2    0   0x0032DD06   40.8  -0.36   0.00   3000  0
136.55  1    -32.35   10.47    0      2    0   0x80328906   40.7  -0.36   0.00   3000  0
136.57  1    -32.21    7.21    0      2    0   0x80325106   40.6  -0.36   0.00   3000  0
136.59  1    -32.15    2.63    0      2    0   0x80323D06   40.4  -0.36   0.00   3000  0
136.61  1    -32.20   -2.53    0      2    0   0x80325106   40.3  -0.36   0.00   3000  0
136.63  1    -32.35   -7.51    0      2    0   0x00328D06   40.2  -0.37   0.00   3000  0
136.65  1    -32.59  -11.75    0      2    0   0x8032E906   40.1  -0.37   0.00   3000  0
136.67  1    -32.88  -14.77    0      2    0   0x00336106   40.0  -0.37   0.00   3000  0
136.69  1    -33.21  -16.18    0      2    0   0x8033E106   39.8  -0.37   0.00   3000  0
136.71  1    -33.52  -15.86    0      2    0   0x80346106   39.7  -0.37   0.00   3000  0
136.73  1    -33.80  -13.91    0      2    0   0x0034D106   39.6  -0.37   0.00   3000  0
136.75  1    -34.02  -10.65    0      2    0   0x00352506   39.5  -0.37   0.00   3000  0
136.77  1    -34.15   -6.61    0      2    0   0x80355906   39.4  -0.37   0.00   3000  0
136.79  1    -34.20   -2.36    0      2    0   0x00356D06   39.2  -0.37   0.00   3000  0
136.81  1    -34.16    1.54    0      2    0   0x00356106   39.1  -0.37   0.00   3000  0
136.83  1    -34.07    4.59    0      2    0   0x00353D06   39.0  -0.37   0.00   3000  0
136.85  1    -33.94    6.40    0      2    0   0x80350906   38.9  -0.37   0.00   3000  0
136.87  1    -33.81    6.79    0      2    0   0x0034D106   38.8  -0.37   0.00   3000  0
136.89  1    -33.69    5.75    0      2    0   0x0034A506   38.6  -0.38   0.00   3000  0
136.91  1    -33.62    3.51    0      2    0   0x80348906   38.5  -0.38   0.00   3000  0
136.93  1    -33.62    0.42    0      2    0   0x80348506   38.4  -0.38   0.00   3000  0
136.95  1    -33.68   -3.06    0      2    0   0x80349D06   38.3  -0.38   0.00   3000  0
136.97  1    -33.81   -6.46    0      2    0   0x0034D106   38.2  -0.38   0.00   3000  0
136.99  1    -33.99   -9.34    0      2    0   0x80351D06   38.0  -0.38   0.00   3000  0
137.01  1    -34.22  -11.31    0      2    0   0x00357506   37.9  -0.38   0.00   3000  0
137.03  1    -34.46  -12.15    0      2    0   0x0035D906   37.8  -0.38   0.00   3000  0
137.05  1    -34.70  -11.80    0      2    0   0x80363506   37.7  -0.38   0.00   3000  0
137.07  1    -34.90  -10.38    0      2    0   0x00368906   37.6  -0.38   0.00   3000  0
137.09  1    -35.07   -8.11    0      2    0   0x8036C906   37.4  -0.38   0.00   3000  0
137.11  1    -35.17   -5.34    0      2    0   0x8036F506   37.3  -0.38   0.00   3000  0
137.13  1    -35.22   -2.45    0      2    0   0x00370906   37.2  -0.39   0.00   3000  0
137.15  1    -35.22    0.16    0      2    0   0x00370506   37.1  -0.39   0.00   3000  0
137.17  1    -35.18    2.14    0      2    0   0x8036F506   37.0  -0.39   0.00   3000  0
137.19  1    -35.11    3.26    0      2    0   0x8036DD06   36.8  -0.39   0.00   3000  0
137.21  1    -35.04    3.40    0      2    0   0x0036C106   36.7  -0.39   0.00   3000  0
137.23  1    -34.99    2.61    0      2    0   0x0036AD06   36.6  -0.39   0.00   3000  0
137.25  1    -34.97    1.03    0      2    0   0x8036A506   36.5  -0.39   0.00   3000  0
137.27  1    -34.99   -1.11    0      2    0   0x0036AD06   36.4  -0.39   0.00   3000  0
137.29  1    -35.06   -3.49    0      2    0   0x8036C906   36.2  -0.39   0.00   3000  0
137.31  1    -35.18   -5.79    0      2    0   0x8036F506   36.1  -0.39   0.00   3000  0
137.33  1    -35.33   -7.67    0      2    0   0x00373506   36.0  -0.39   0.00   3000  0
137.35  1    -35.51   -8.92    0      2    0   0x00377D06   35.9  -0.39   0.00   3000  0
137.37  1    -35.70   -9.40    0      2    0   0x0037C506   35.8  -0.39   0.00   3000  0
137.39  1    -35.88   -9.10    0      2    0   0x00381106   35.6  -0.40   0.00   3000  0
137.41  1    -36.04   -8.06    0      2    0   0x80385106   35.5  -0.40   0.00   3000  0
137.43  1    -36.17   -6.47    0      2    0   0x80388506   35.4  -0.40   0.00   3000  0
137.45  1    -36.26   -4.55    0      2    0   0x0038A906   35.3  -0.40   0.00   3000  0
137.47  1    -36.31   -2.60    0      2    0   0x0038BD06   35.2  -0.40   0.00   3000  0
137.49  1    -36.33   -0.88    0      2    0   0x0038C506   35.0  -0.40   0.00   3000  0
137.51  1    -36.32    0.40    0      2    0   0x8038C106   34.9  -0.40   0.00   3000  0
137.53  1    -36.30    1.09    0      2    0   0x8038B906   34.8  -0.40   0.00   3000  0
137.55  1    -36.28    1.13    0      2    0   0x8038AD06   34.7  -0.40   0.00   3000  0
137.57  1    -36.27    0.53    0      2    0   0x0038A906   34.6  -0.40   0.00   3000  0
137.59  1    -36.28   -0.61    0      2    0   0x0038B106   34.4  -0.40   0.00   3000  0
137.61  1    -36.32   -2.09    0      2    0   0x8038C106   34.3  -0.40   0.00   3000  0
137.63  1    -36.40   -3.71    0      2    0   0x0038DD06   34.2  -0.41   0.00   3000  0
137.65  1    -36.50   -5.23    0      2    0   0x80390906   34.1  -0.41   0.00   3000  0
137.67  1    -36.63   -6.47    0      2    0   0x00393D06   34.0  -0.41   0.00   3000  0
137.69  1    -36.78   -7.27    0      2    0   0x00397506   33.8  -0.41   0.00   3000  0
137.71  1    -36.93   -7.55    0      2    0   0x8039B106   33.7  -0.41   0.00   3000  0
137.73  1    -37.07   -7.28    0      2    0   0x8039ED06   33.6  -0.41   0.00   3000  0
137.75  1    -37.20   -6.51    0      2    0   0x803A2106   33.5  -0.41   0.00   3000  0
137.77  1    -37.31   -5.40    0      2    0   0x803A4D06   33.4  -0.41   0.00   3000  0
137.79  1    -37.39   -4.10    0      2    0   0x003A6D06   33.2  -0.41   0.00   3000  0
137.81  1    -37.45   -2.80    0      2    0   0x803A8106   33.1  -0.41   0.00   3000  0
137.83  1    -37.48   -1.65    0      2    0   0x003A9106   33.0  -0.41   0.00   3000  0
137.85  1    -37.50   -0.80    0      2    0   0x803A9506   32.9  -0.41   0.00   3000  0
137.87  1    -37.51   -0.38    0      2    0   0x803A9906   32.8  -0.41   0.00   3000  0
137.89  1    -37.51   -0.42    0      2    0   0x003A9D06   32.6  -0.42   0.00   3000  0
137.91  1    -37.53   -0.88    0      2    0   0x803AA506   32.5  -0.42   0.00   3000  0
137.93  1    -37.57   -1.67    0      2    0   0x803AB106   32.4  -0.42   0.00   3000  0
137.95  1    -37.62   -2.68    0      2    0   0x803AC506   32.3  -0.42   0.00   3000  0
137.97  1    -37.69   -3.78    0      2    0   0x003AE506   32.2  -0.42   0.00   3000  0
137.99  1    -37.79   -4.81    0      2    0   0x803B0D06   32.0  -0.42   0.00   3000  0
138.01  1    -37.90   -5.63    0      2    0   0x003B3906   31.9  -0.42   0.00   3000  0
138.03  1    -38.03   -6.13    0      2    0   0x003B6906   31.8  -0.42   0.00   3000  0
138.05  1    -38.15   -6.26    0      2    0   0x803B9D06   31.7  -0.42   0.00   3000  0
138.07  1    -38.27   -6.04    0      2    0   0x803BCD06   31.6  -0.42   0.00   3000  0
138.09  1    -38.38   -5.51    0      2    0   0x003BF906   31.4  -0.42   0.00   3000  0
138.11  1    -38.48   -4.74    0      2    0   0x803C1D06   31.3  -0.42   0.00   3000  0
138.13  1    -38.55   -3.85    0      2    0   0x003C3D06   31.2  -0.43   0.00   3000  0
138.15  1    -38.61   -2.95    0      2    0   0x803C5506   31.1  -0.43   0.00   3000  0
138.17  1    -38.66   -2.19    0      2    0   0x803C6506   31.0  -0.43   0.00   3000  0
138.19  1    -38.69   -1.66    0      2    0   0x003C7506   30.8  -0.43   0.00   3000  0
138.21  1    -38.72   -1.42    0      2    0   0x803C7D06   30.7  -0.43   0.00   3000  0
138.23  1    -38.75   -1.47    0      2    0   0x003C8906   30.6  -0.43   0.00   3000  0
138.25  1    -38.78   -1.79    0      2    0   0x803C9906   30.5  -0.43   0.00   3000  0
138.27  1    -38.83   -2.35    0      2    0   0x003CAD06   30.4  -0.43   0.00   3000  0
138.29  1    -38.89   -3.06    0      2    0   0x803CC506   30.2  -0.43   0.00   3000  0
138.31  1    -38.97   -3.81    0      2    0   0x803CE106   30.1  -0.43   0.00   3000  0
138.33  1    -39.06   -4.49    0      2    0   0x003D0506   30.0  -0.43   0.00   3000  0
138.35  1    -39.16   -5.01    0      2    0   0x003D2D06   29.9  -0.43   0.00   3000  0
138.37  1    -39.27   -5.33    0      2    0   0x003D5906   29.8  -0.43   0.00   3000  0
138.39  1    -39.37   -5.41    0      2    0   0x803D8506   29.6  -0.44   0.00   3000  0
138.41  1    -39.48   -5.24    0      2    0   0x803DAD06   29.5  -0.44   0.00   3000  0
138.43  1    -39.58   -4.85    0      2    0   0x803DD506   29.4  -0.44   0.00   3000  0
138.45  1    -39.66   -4.30    0      2    0   0x003DF906   29.3  -0.44   0.00   3000  0
138.47  1    -39.73   -3.69    0      2    0   0x803E1506   29.2  -0.44   0.00   3000  0
138.49  1    -39.80   -3.10    0      2    0   0x003E2D06   29.0  -0.44   0.00   3000  0
138.51  1    -39.85   -2.61    0      2    0   0x003E4106   28.9  -0.44   0.00   3000  0
138.53  1    -39.89   -2.26    0      2    0   0x003E5506   28.8  -0.44   0.00   3000  0
138.55  1    -39.94   -2.12    0      2    0   0x003E6506   28.7  -0.44   0.00   3000  0
138.57  1    -39.98   -2.19    0      2    0   0x803E7906   28.6  -0.44   0.00   3000  0
138.59  1    -40.03   -2.45    0      2    0   0x803E8906   28.4  -0.44   0.00   3000  0
138.61  1    -40.09   -2.85    0      2    0   0x803EA106   28.3  -0.44   0.00   3000  0
138.63  1    -40.15   -3.31    0      2    0   0x003EBD06   28.2  -0.45   0.00   3000  0
138.65  1    -40.23   -3.81    0      2    0   0x803ED906   28.1  -0.45   0.00   3000  0
138.67  1    -40.31   -4.26    0      2    0   0x803EFD06   28.0  -0.45   0.00   3000  0
138.69  1    -40.41   -4.60    0      2    0   0x803F2106   27.8  -0.45   0.00   3000  0
138.71  1    -40.50   -4.78    0      2    0   0x003F4906   27.7  -0.45   0.00   3000  0
138.73  1    -40.60   -4.79    0      2    0   0x003F6D06   27.6  -0.45   0.00   3000  0
138.75  1    -40.69   -4.65    0      2    0   0x803F9506   27.5  -0.45   0.00   3000  0
138.77  1    -40.78   -4.38    0      2    0   0x003FB506   27.4  -0.45   0.00   3000  0
138.79  1    -40.86   -4.01    0      2    0   0x003FD506   27.2  -0.45   0.00   3000  0
138.81  1    -40.93   -3.60    0      2    0   0x803FF506   27.1  -0.45   0.00   3000  0
138.83  1    -40.99   -3.20    0      2    0   0x80400D06   27.0  -0.45   0.00   3000  0
138.85  1    -41.05   -2.88    0      2    0   0x80402506   26.9  -0.45   0.00   3000  0
138.87  1    -41.11   -2.68    0      2    0   0x00403906   26.8  -0.45   0.00   3000  0
138.89  1    -41.16   -2.61    0      2    0   0x00404D06   26.6  -0.46   0.00   3000  0
138.91  1    -41.21   -2.66    0      2    0   0x00406506   26.5  -0.46   0.00   3000  0
138.93  1    -41.27   -2.83    0      2    0   0x80407906   26.4  -0.46   0.00   3000  0
138.95  1    -41.33   -3.11    0      2    0   0x80409106   26.3  -0.46   0.00   3000  0
138.97  1    -41.40   -3.45    0      2    0   0x8040AD06   26.2  -0.46   0.00   3000  0
138.99  1    -41.47   -3.79    0      2    0   0x8040CD06   26.0  -0.46   0.00   3000  0
139.01  1    -41.56   -4.08    0      2    0   0x0040ED06   25.9  -0.46   0.00   3000  0
139.03  1    -41.64   -4.28    0      2    0   0x80411106   25.8  -0.46   0.00   3000  0
139.05  1    -41.73   -4.40    0      2    0   0x00413106   25.7  -0.46   0.00   3000  0
139.07  1    -41.82   -4.41    0      2    0   0x80415506   25.6  -0.46   0.00   3000  0
139.09  1    -41.90   -4.30    0      2    0   0x00417906   25.4  -0.46   0.00   3000  0
139.11  1    -41.99   -4.11    0      2    0   0x80419906   25.3  -0.46   0.00   3000  0
139.13  1    -42.06   -3.84    0      2    0   0x0041B906   25.2  -0.47   0.00   3000  0
139.15  1    -42.13   -3.56    0      2    0   0x0041D506   25.1  -0.47   0.00   3000  0
139.17  1    -42.20   -3.31    0      2    0   0x8041ED06   25.0  -0.47   0.00   3000  0
139.19  1    -42.26   -3.10    0      2    0   0x80420906   24.8  -0.47   0.00   3000  0
139.21  1    -42.32   -2.97    0      2    0   0x80422106   24.7  -0.47   0.00   3000  0
139.23  1    -42.38   -2.91    0      2    0   0x80423506   24.6  -0.47   0.00   3000  0
139.25  1    -42.44   -2.96    0      2    0   0x80424D06   24.5  -0.47   0.00   3000  0
139.27  1    -42.50   -3.10    0      2    0   0x80426906   24.4  -0.47   0.00   3000  0
139.29  1    -42.57   -3.30    0      2    0   0x80428106   24.2  -0.47   0.00   3000  0
139.31  1    -42.64   -3.52    0      2    0   0x00429D06   24.1  -0.47   0.00   3000  0
139.33  1    -42.71   -3.74    0      2    0   0x8042BD06   24.0  -0.47   0.00   3000  0
139.35  1    -42.79   -3.93    0      2    0   0x8042DD06   23.9  -0.47   0.00   3000  0
139.37  1    -42.87   -4.08    0      2    0   0x0042FD06   23.8  -0.47   0.00   3000  0
139.39  1    -42.96   -4.16    0      2    0   0x00431D06   23.6  -0.48   0.00   3000  0
139.41  1    -43.04   -4.15    0      2    0   0x80433D06   23.5  -0.48   0.00   3000  0
139.43  1    -43.12   -4.05    0      2    0   0x80435D06   23.4  -0.48   0.00   3000  0
139.45  1    -43.20   -3.91    0      2    0   0x00437D06   23.3  -0.48   0.00   3000  0
139.47  1    -43.27   -3.75    0      2    0   0x80439D06   23.2  -0.48   0.00   3000  0
139.49  1    -43.34   -3.56    0      2    0   0x8043B906   23.0  -0.48   0.00   3000  0
139.51  1    -43.41   -3.39    0      2    0   0x8043D506   22.9  -0.48   0.00   3000  0
139.53  1    -43.48   -3.24    0      2    0   0x0043ED06   22.8  -0.48   0.00   3000  0
139.55  1    -43.54   -3.15    0      2    0   0x80440506   22.7  -0.48   0.00   3000  0
139.57  1    -43.60   -3.14    0      2    0   0x80442106   22.6  -0.48   0.00   3000  0
139.59  1    -43.67   -3.19    0      2    0   0x80443906   22.4  -0.48   0.00   3000  0
139.61  1    -43.73   -3.28    0      2    0   0x80445506   22.3  -0.48   0.00   3000  0
139.63  1    -43.80   -3.40    0      2    0   0x00446D06   22.2  -0.49   0.00   3000  0
139.65  1    -43.87   -3.55    0      2    0   0x80448D06   22.1  -0.49   0.00   3000  0
139.67  1    -43.94   -3.71    0      2    0   0x8044A906   22.0  -0.49   0.00   3000  0
139.69  1    -44.02   -3.85    0      2    0   0x8044C906   21.8  -0.49   0.00   3000  0
139.71  1    -44.10   -3.94    0      2    0   0x0044E906   21.7  -0.49   0.00   3000  0
139.73  1    -44.18   -3.97    0      2    0   0x00450906   21.6  -0.49   0.00   3000  0
139.75  1    -44.26   -3.96    0      2    0   0x80452506   21.5  -0.49   0.00   3000  0
139.77  1    -44.34   -3.90    0      2    0   0x80454506   21.4  -0.49   0.00   3000  0
139.79  1    -44.41   -3.81    0      2    0   0x00456506   21.2  -0.49   0.00   3000  0
139.81  1    -44.49   -3.69    0      2    0   0x00458106   21.1  -0.49   0.00   3000  0
139.83  1    -44.56   -3.55    0      2    0   0x80459D06   21.0  -0.49   0.00   3000  0
139.85  1    -44.63   -3.43    0      2    0   0x8045B906   20.9  -0.49   0.00   3000  0
139.87  1    -44.69   -3.35    0      2    0   0x8045D506   20.8  -0.49   0.00   3000  0
139.89  1    -44.76   -3.30    0      2    0   0x0045ED06   20.6  -0.50   0.00   3000  0
139.91  1    -44.83   -3.29    0      2    0   0x00460906   20.5  -0.50   0.00   3000  0
139.93  1    -44.89   -3.31    0      2    0   0x80462506   20.4  -0.50   0.00   3000  0
139.95  1    -44.96   -3.38    0      2    0   0x80463D06   20.3  -0.50   0.00   3000  0
139.97  1    -45.03   -3.48    0      2    0   0x00465906   20.2  -0.50   0.00   3000  0
139.99  1    -45.10   -3.59    0      2    0   0x80467906   20.0  -0.50   0.00   3000  0
140.01  1    -45.17   -3.60    0      2    0   0x00469506   20.0  -0.50   0.00   3000  0
140.03  1    -45.24   -3.36    0      2    0   0x0046B106   19.9  -0.50   0.00   3000  0
140.05  1    -45.30   -2.81    0      2    0   0x0046C506   19.9  -0.50   0.00   3000  0
140.07  1    -45.34   -1.96    0      2    0   0x8046D506   19.9  -0.50   0.00   3000  0
140.09  1    -45.35   -0.90    0      2    0   0x0046DD06   19.8  -0.50   0.00   3000  0
140.11  1    -45.35    0.22    0      2    0   0x8046D906   19.8  -0.50   0.00   3000  0
140.13  1    -45.32    1.26    0      2    0   0x0046D106   19.7  -0.50   0.00   3000  0
140.15  1    -45.28    2.08    0      2    0   0x8046C106   19.7  -0.50   0.00   3000  0
140.17  1    -45.23    2.59    0      2    0   0x8046AD06   19.7  -0.50   0.00   3000  0
140.19  1    -45.18    2.73    0      2    0   0x00469506   19.6  -0.50   0.00   3000  0
140.21  1    -45.13    2.50    0      2    0   0x00468106   19.6  -0.50   0.00   3000  0
140.23  1    -45.09    1.95    0      2    0   0x00467106   19.5  -0.50   0.00   3000  0
140.25  1    -45.06    1.16    0      2    0   0x00466906   19.5  -0.50   0.00   3000  0
140.27  1    -45.06    0.25    0      2    0   0x00466506   19.5  -0.50   0.00   3000  0
140.29  1    -45.07   -0.65    0      2    0   0x80466D06   19.4  -0.50   0.00   3000  0
140.31  1    -45.10   -1.42    0      2    0   0x80467906   19.4  -0.50   0.00   3000  0
140.33  1    -45.14   -1.97    0      2    0   0x80468506   19.3  -0.50   0.00   3000  0
140.35  1    -45.18   -2.22    0      2    0   0x00469906   19.3  -0.50   0.00   3000  0
140.37  1    -45.23   -2.17    0      2    0   0x0046A906   19.3  -0.50   0.00   3000  0
140.39  1    -45.26   -1.82    0      2    0   0x8046B906   19.2  -0.50   0.00   3000  0
140.41  1    -45.29   -1.25    0      2    0   0x8046C106   19.2  -0.50   0.00   3000  0
140.43  1    -45.30   -0.53    0      2    0   0x0046C506   19.1  -0.50   0.00   3000  0
140.45  1    -45.30    0.23    0      2    0   0x0046C506   19.1  -0.50   0.00   3000  0
140.47  1    -45.28    0.92    0      2    0   0x0046BD06   19.1  -0.50   0.00   3000  0
140.49  1    -45.25    1.46    0      2    0   0x0046B106   19.0  -0.50   0.00   3000  0
140.51  1    -45.21    1.78    0      2    0   0x0046A506   19.0  -0.50   0.00   3000  0
140.53  1    -45.17    1.85    0      2    0   0x00469506   18.9  -0.50   0.00   3000  0
140.55  1    -45.14    1.67    0      2    0   0x80468906   18.9  -0.50   0.00   3000  0
140.57  1    -45.12    1.27    0      2    0   0x00467D06   18.9  -0.50   0.00   3000  0
140.59  1    -45.10    0.72    0      2    0   0x80467906   18.8  -0.50   0.00   3000  0
140.61  1    -45.10    0.10    0      2    0   0x80467506   18.8  -0.50   0.00   3000  0
140.63  1    -45.11   -0.50    0      2    0   0x80467906   18.7  -0.50   0.00   3000  0
140.65  1    -45.13   -1.01    0      2    0   0x00468106   18.7  -0.50   0.00   3000  0
140.67  1    -45.16   -1.36    0      2    0   0x00468D06   18.7  -0.50   0.00   3000  0
140.69  1    -45.19   -1.51    0      2    0   0x00469906   18.6  -0.50   0.00   3000  0
140.71  1    -45.22   -1.45    0      2    0   0x0046A506   18.6  -0.50   0.00   3000  0
140.73  1    -45.24   -1.20    0      2    0   0x0046B106   18.5  -0.50   0.00   3000  0
140.75  1    -45.26   -0.79    0      2    0   0x8046B506   18.5  -0.50   0.00   3000  0
140.77  1    -45.26   -0.30    0      2    0   0x8046B906   18.5  -0.50   0.00   3000  0
140.79  1    -45.26    0.21    0      2    0   0x8046B506   18.4  -0.50   0.00   3000  0
140.81  1    -45.24    0.67    0      2    0   0x0046B106   18.4  -0.50   0.00   3000  0
140.83  1    -45.22    1.03    0      2    0   0x0046A906   18.3  -0.50   0.00   3000  0
140.85  1    -45.20    1.22    0      2    0   0x80469D06   18.3  -0.50   0.00   3000  0
140.87  1    -45.17    1.25    0      2    0   0x00469506   18.3  -0.50   0.00   3000  0
140.89  1    -45.15    1.11    0      2    0   0x00468D06   18.2  -0.50   0.00   3000  0
140.91  1    -45.14    0.83    0      2    0   0x80468506   18.2  -0.50   0.00   3000  0
140.93  1    -45.13    0.45    0      2    0   0x00468106   18.1  -0.50   0.00   3000  0
140.95  1    -45.13    0.03    0      2    0   0x00468106   18.1  -0.50   0.00   3000  0
140.97  1    -45.13   -0.38    0      2    0   0x80468506   18.1  -0.50   0.00   3000  0
140.99  1    -45.15   -0.72    0      2    0   0x80468906   18.0  -0.50   0.00   3000  0
141.01  1    -45.17   -0.94    0      2    0   0x80469106   18.0  -0.50   0.00   3000  0
141.03  1    -45.19   -1.02    0      2    0   0x00469906   17.9  -0.50   0.00   3000  0
141.05  1    -45.21   -0.97    0      2    0   0x8046A106   17.9  -0.50   0.00   3000  0
141.07  1    -45.22   -0.78    0      2    0   0x0046A906   17.9  -0.50   0.00   3000  0
141.09  1    -45.23   -0.50    0      2    0   0x8046AD06   17.8  -0.50   0.00   3000  0
141.11  1    -45.24   -0.16    0      2    0   0x8046AD06   17.8  -0.50   0.00   3000  0
141.13  1    -45.23    0.18    0      2    0   0x8046AD06   17.7  -0.50   0.00   3000  0
141.15  1    -45.22    0.49    0      2    0   0x0046A906   17.7  -0.50   0.00   3000  0
141.17  1    -45.21    0.72    0      2    0   0x8046A106   17.7  -0.50   0.00   3000  0
141.19  1    -45.19    0.84    0      2    0   0x80469D06   17.6  -0.50   0.00   3000  0
141.21  1    -45.17    0.85    0      2    0   0x00469506   17.6  -0.50   0.00   3000  0
141.23  1    -45.16    0.74    0      2    0   0x00468D06   17.5  -0.50   0.00   3000  0
141.25  1    -45.15    0.54    0      2    0   0x80468906   17.5  -0.50   0.00   3000  0
141.27  1    -45.14    0.28    0      2    0   0x80468906   17.5  -0.50   0.00   3000  0
141.29  1    -45.14   -0.01    0      2    0   0x80468906   17.4  -0.50   0.00   3000  0
141.31  1    -45.15   -0.28    0      2    0   0x80468906   17.4  -0.50   0.00   3000  0
141.33  1    -45.16   -0.50    0      2    0   0x00468D06   17.3  -0.50   0.00   3000  0
141.35  1    -45.17   -0.65    0      2    0   0x00469506   17.3  -0.50   0.00   3000  0
141.37  1    -45.19   -0.69    0      2    0   0x00469906   17.3  -0.50   0.00   3000  0
141.39  1    -45.20   -0.64    0      2    0   0x80469D06   17.2  -0.50   0.00   3000  0
141.41  1    -45.21   -0.51    0      2    0   0x8046A106   17.2  -0.50   0.00   3000  0
141.43  1    -45.21   -0.31    0      2    0   0x0046A506   17.1  -0.50   0.00   3000  0
141.45  1    -45.22   -0.08    0      2    0   0x0046A506   17.1  -0.50   0.00   3000  0
141.47  1    -45.21    0.15    0      2    0   0x0046A506   17.1  -0.50   0.00   3000  0
141.49  1    -45.21    0.35    0      2    0   0x8046A106   17.0  -0.50   0.00   3000  0
141.51  1    -45.20    0.50    0      2    0   0x80469D06   17.0  -0.50   0.00   3000  0
141.53  1    -45.18    0.58    0      2    0   0x00469906   16.9  -0.50   0.00   3000  0
141.55  1    -45.17    0.57    0      2    0   0x00469506   16.9  -0.50   0.00   3000  0
141.57  1    -45.16    0.49    0      2    0   0x80469106   16.9  -0.50   0.00   3000  0
141.59  1    -45.16    0.35    0      2    0   0x00468D06   16.8  -0.50   0.00   3000  0
141.61  1    -45.15    0.17    0      2    0   0x00468D06   16.8  -0.50   0.00   3000  0
141.63  1    -45.15   -0.03    0      2    0   0x00468D06   16.7  -0.50   0.00   3000  0
141.65  1    -45.16   -0.21    0      2    0   0x00468D06   16.7  -0.50   0.00   3000  0
141.67  1    -45.16   -0.35    0      2    0   0x80469106   16.7  -0.50   0.00   3000  0
141.69  1    -45.17   -0.44    0      2    0   0x00469506   16.6  -0.50   0.00   3000  0
141.71  1    -45.18   -0.47    0      2    0   0x00469906   16.6  -0.50   0.00   3000  0
141.73  1    -45.19   -0.43    0      2    0   0x80469D06   16.5  -0.50   0.00   3000  0
141.75  1    -45.20   -0.33    0      2    0   0x80469D06   16.5  -0.50   0.00   3000  0
141.77  1    -45.20   -0.19    0      2    0   0x8046A106   16.5  -0.50   0.00   3000  0
141.79  1    -45.20   -0.04    0      2    0   0x8046A106   16.4  -0.50   0.00   3000  0
141.81  1    -45.20    0.12    0      2    0   0x8046A106   16.4  -0.50   0.00   3000  0
141.83  1    -45.20    0.26    0      2    0   0x80469D06   16.3  -0.50   0.00   3000  0
141.85  1    -45.19    0.35    0      2    0   0x00469906   16.3  -0.50   0.00   3000  0
141.87  1    -45.18    0.40    0      2    0   0x00469906   16.3  -0.50   0.00   3000  0
141.89  1    -45.17    0.39    0      2    0   0x00469506   16.2  -0.50   0.00   3000  0
141.91  1    -45.17    0.33    0      2    0   0x80469106   16.2  -0.50   0.00   3000  0
141.93  1    -45.16    0.23    0      2    0   0x80469106   16.1  -0.50   0.00   3000  0
141.95  1    -45.16    0.10    0      2    0   0x00468D06   16.1  -0.50   0.00   3000  0
141.97  1    -45.16   -0.03    0      2    0   0x80469106   16.1  -0.50   0.00   3000  0
141.99  1    -45.16   -0.15    0      2    0   0x80469106   16.0  -0.50   0.00   3000  0
142.01  1    -45.17   -0.25    0      2    0   0x80469106   16.0  -0.50   0.00   3000  0
142.03  1    -45.17   -0.30    0      2    0   0x00469506   15.9  -0.50   0.00   3000  0
142.05  1    -45.18   -0.31    0      2    0   0x00469906   15.9  -0.50   0.00   3000  0
142.07  1    -45.19   -0.28    0      2    0   0x00469906   15.9  -0.50   0.00   3000  0
142.09  1    -45.19   -0.21    0      2    0   0x80469D06   15.8  -0.50   0.00   3000  0
142.11  1    -45.19   -0.12    0      2    0   0x80469D06   15.8  -0.50   0.00   3000  0
142.13  1    -45.19   -0.01    0      2    0   0x80469D06   15.7  -0.50   0.00   3000  0
142.15  1    -45.19    0.10    0      2    0   0x80469D06   15.7  -0.50   0.00   3000  0
142.17  1    -45.19    0.18    0      2    0   0x00469906   15.7  -0.50   0.00   3000  0
142.19  1    -45.18    0.25    0      2    0   0x00469906   15.6  -0.50   0.00   3000  0
142.21  1    -45.18    0.27    0      2    0   0x00469506   15.6  -0.50   0.00   3000  0
142.23  1    -45.17    0.26    0      2    0   0x00469506   15.5  -0.50   0.00   3000  0
142.25  1    -45.17    0.22    0      2    0   0x80469106   15.5  -0.50   0.00   3000  0
142.27  1    -45.16    0.15    0      2    0   0x80469106   15.5  -0.50   0.00   3000  0
142.29  1    -45.16    0.06    0      2    0   0x80469106   15.4  -0.50   0.00   3000  0
142.31  1    -45.16   -0.03    0      2    0   0x80469106   15.4  -0.50   0.00   3000  0
142.33  1    -45.17   -0.11    0      2    0   0x80469106   15.3  -0.50   0.00   3000  0
142.35  1    -45.17   -0.17    0      2    0   0x80469106   15.3  -0.50   0.00   3000  0
142.37  1    -45.17   -0.20    0      2    0   0x00469506   15.3  -0.50   0.00   3000  0
142.39  1    -45.18   -0.21    0      2    0   0x00469506   15.2  -0.50   0.00   3000  0
142.41  1    -45.18   -0.19    0      2    0   0x00469906   15.2  -0.50   0.00   3000  0
142.43  1    -45.18   -0.14    0      2    0   0x00469906   15.1  -0.50   0.00   3000  0
142.45  1    -45.19   -0.07    0      2    0   0x00469906   15.1  -0.50   0.00   3000  0
142.47  1    -45.19    0.00    0      2    0   0x00469906   15.1  -0.50   0.00   3000  0
142.49  1    -45.18    0.07    0      2    0   0x00469906   15.0  -0.50   0.00   3000  0
142.51  1    -45.18    0.13    0      2    0   0x00469906   15.0  -0.50   0.00   3000  0
142.53  1    -45.18    0.17    0      2    0   0x00469506   14.9  -0.50   0.00   3000  0
142.55  1    -45.17    0.19    0      2    0   0x00469506   14.9  -0.50   0.00   3000  0
142.57  1    -45.17    0.18    0      2    0   0x00469506   14.9  -0.50   0.00   3000  0
142.59  1    -45.17    0.15    0      2    0   0x80469106   14.8  -0.50   0.00   3000  0
142.61  1    -45.17    0.10    0      2    0   0x80469106   14.8  -0.50   0.00   3000  0
142.63  1    -45.16    0.04    0      2    0   0x80469106   14.7  -0.50   0.00   3000  0
142.65  1    -45.17   -0.02    0      2    0   0x80469106   14.7  -0.50   0.00   3000  0
142.67  1    -45.17   -0.08    0      2    0   0x80469106   14.7  -0.50   0.00   3000  0
142.69  1    -45.17   -0.12    0      2    0   0x80469106   14.6  -0.50   0.00   3000  0
142.71  1    -45.17   -0.14    0      2    0   0x00469506   14.6  -0.50   0.00   3000  0
142.73  1    -45.17   -0.14    0      2    0   0x00469506   14.5  -0.50   0.00   3000  0
142.75  1    -45.18   -0.12    0      2    0   0x00469506   14.5  -0.50   0.00   3000  0
142.77  1    -45.18   -0.09    0      2    0   0x00469506   14.5  -0.50   0.00   3000  0
142.79  1    -45.18   -0.04    0      2    0   0x00469506   14.4  -0.50   0.00   3000  0
142.81  1    -45.18    0.01    0      2    0   0x00469506   14.4  -0.50   0.00   3000  0
142.83  1    -45.18    0.06    0      2    0   0x00469506   14.3  -0.50   0.00   3000  0
142.85  1    -45.18    0.10    0      2    0   0x00469506   14.3  -0.50   0.00   3000  0
142.87  1    -45.17    0.12    0      2    0   0x00469506   14.3  -0.50   0.00   3000  0
142.89  1    -45.17    0.13    0      2    0   0x00469506   14.2  -0.50   0.00   3000  0
142.91  1    -45.17    0.12    0      2    0   0x80469106   14.2  -0.50   0.00   3000  0
142.93  1    -45.17    0.10    0      2    0   0x80469106   14.1  -0.50   0.00   3000  0
142.95  1    -45.17    0.06    0      2    0   0x80469106   14.1  -0.50   0.00   3000  0
142.97  1    -45.17    0.02    0      2    0   0x80469106   14.1  -0.50   0.00   3000  0
142.99  1    -45.17   -0.02    0      2    0   0x80469106   14.0  -0.50   0.00   3000  0
143.01  1    -45.17   -0.05    0      2    0   0x80469106   14.0  -0.50   0.00   3000  0
143.03  1    -45.17   -0.08    0      2    0   0x80469106   13.9  -0.50   0.00   3000  0
143.05  1    -45.17   -0.09    0      2    0   0x00469506   13.9  -0.50   0.00   3000  0
143.07  1    -45.17   -0.09    0      2    0   0x00469506   13.9  -0.50   0.00   3000  0
143.09  1    -45.17   -0.08    0      2    0   0x00469506   13.8  -0.50   0.00   3000  0
143.11  1    -45.17   -0.05    0      2    0   0x00469506   13.8  -0.50   0.00   3000  0
143.13  1    -45.17   -0.02    0      2    0   0x00469506   13.7  -0.50   0.00   3000  0
143.15  1    -45.17    0.01    0      2    0   0x00469506   13.7  -0.50   0.00   3000  0
143.17  1    -45.17    0.04    0      2    0   0x00469506   13.7  -0.50   0.00   3000  0
143.19  1    -45.17    0.07    0      2    0   0x00469506   13.6  -0.50   0.00   3000  0
143.21  1    -45.17    0.09    0      2    0   0x00469506   13.6  -0.50   0.00   3000  0
143.23  1    -45.17    0.09    0      2    0   0x80469106   13.5  -0.50   0.00   3000  0
143.25  1    -45.17    0.08    0      2    0   0x80469106   13.5  -0.50   0.00   3000  0
143.27  1    -45.17    0.07    0      2    0   0x80469106   13.5  -0.50   0.00   3000  0
143.29  1    -45.17    0.04    0      2    0   0x80469106   13.4  -0.50   0.00   3000  0
143.31  1    -45.16    0.01    0      2    0   0x80469106   13.4  -0.50   0.00   3000  0
143.33  1    -45.17   -0.01    0      2    0   0x80469106   13.3  -0.50   0.00   3000  0
143.35  1    -45.17   -0.04    0      2    0   0x80469106   13.3  -0.50   0.00   3000  0
143.37  1    -45.17   -0.05    0      2    0   0x80469106   13.3  -0.50   0.00   3000  0
143.39  1    -45.17   -0.06    0      2    0   0x80469106   13.2  -0.50   0.00   3000  0
143.41  1    -45.17   -0.06    0      2    0   0x80469106   13.2  -0.50   0.00   3000  0
143.43  1    -45.17   -0.05    0      2    0   0x00469506   13.1  -0.50   0.00   3000  0
143.45  1    -45.17   -0.03    0      2    0   0x00469506   13.1  -0.50   0.00   3000  0
143.47  1    -45.17   -0.01    0      2    0   0x00469506   13.1  -0.50   0.00   3000  0
143.49  1    -45.17    0.01    0      2    0   0x00469506   13.0  -0.50   0.00   3000  0
143.51  1    -45.17    0.03    0      2    0   0x00469506   13.0  -0.50   0.00   3000  0
143.53  1    -45.17    0.05    0      2    0   0x80469106   12.9  -0.50   0.00   3000  0
143.55  1    -45.17    0.06    0      2    0   0x80469106   12.9  -0.50   0.00   3000  0
143.57  1    -45.17    0.06    0      2    0   0x80469106   12.9  -0.50   0.00   3000  0
143.59  1    -45.17    0.06    0      2    0   0x80469106   12.8  -0.50   0.00   3000  0
143.61  1    -45.16    0.05    0      2    0   0x80469106   12.8  -0.50   0.00   3000  0
143.63  1    -45.16    0.03    0      2    0   0x80469106   12.7  -0.50   0.00   3000  0
143.65  1    -45.16    0.01    0      2    0   0x80469106   12.7  -0.50   0.00   3000  0
143.67  1    -45.16   -0.01    0      2    0   0x80469106   12.7  -0.50   0.00   3000  0
143.69  1    -45.16   -0.02    0      2    0   0x80469106   12.6  -0.50   0.00   3000  0
143.71  1    -45.17   -0.03    0      2    0   0x80469106   12.6  -0.50   0.00   3000  0
143.73  1    -45.17   -0.04    0      2    0   0x80469106   12.5  -0.50   0.00   3000  0
143.75  1    -45.17   -0.04    0      2    0   0x80469106   12.5  -0.50   0.00   3000  0
143.77  1    -45.17   -0.03    0      2    0   0x80469106   12.5  -0.50   0.00   3000  0
143.79  1    -45.17   -0.02    0      2    0   0x80469106   12.4  -0.50   0.00   3000  0
143.81  1    -45.17   -0.00    0      2    0   0x80469106   12.4  -0.50   0.00   3000  0
143.83  1    -45.17    0.01    0      2    0   0x80469106   12.3  -0.50   0.00   3000  0
143.85  1    -45.17    0.03    0      2    0   0x80469106   12.3  -0.50   0.00   3000  0
143.87  1    -45.17    0.04    0      2    0   0x80469106   12.3  -0.50   0.00   3000  0
143.89  1    -45.17    0.04    0      2    0   0x80469106   12.2  -0.50   0.00   3000  0
143.91  1    -45.16    0.04    0      2    0   0x80469106   12.2  -0.50   0.00   3000  0
143.93  1    -45.16    0.04    0      2    0   0x80469106   12.1  -0.50   0.00   3000  0
143.95  1    -45.16    0.03    0      2    0   0x80469106   12.1  -0.50   0.00   3000  0
143.97  1    -45.16    0.02    0      2    0   0x80469106   12.1  -0.50   0.00   3000  0
143.99  1    -45.16    0.01    0      2    0   0x80469106   12.0  -0.50   0.00   3000  0
144.01  1    -45.16   -0.00    0      2    0   0x80469106   12.0  -0.50   0.00   3000  0
144.03  1    -45.16   -0.02    0      2    0   0x80469106   11.9  -0.50   0.00   3000  0
144.05  1    -45.16   -0.02    0      2    0   0x80469106   11.9  -0.50   0.00   3000  0
144.07  1    -45.16   -0.02    0      2    0   0x80469106   11.9  -0.50   0.00   3000  0
144.09  1    -45.16   -0.02    0      2    0   0x80469106   11.8  -0.50   0.00   3000  0
144.11  1    -45.16   -0.02    0      2    0   0x80469106   11.8  -0.50   0.00   3000  0
144.13  1    -45.16   -0.01    0      2    0   0x80469106   11.7  -0.50   0.00   3000  0
144.15  1    -45.16    0.00    0      2    0   0x80469106   11.7  -0.50   0.00   3000  0
144.17  1    -45.16    0.01    0      2    0   0x80469106   11.7  -0.50   0.00   3000  0
144.19  1    -45.16    0.02    0      2    0   0x80469106   11.6  -0.50   0.00   3000  0
144.21  1    -45.16    0.03    0      2    0   0x80469106   11.6  -0.50   0.00   3000  0
144.23  1    -45.16    0.03    0      2    0   0x80469106   11.5  -0.50   0.00   3000  0
144.25  1    -45.16    0.03    0      2    0   0x80469106   11.5  -0.50   0.00   3000  0
144.27  1    -45.16    0.03    0      2    0   0x80469106   11.5  -0.50   0.00   3000  0
144.29  1    -45.16    0.02    0      2    0   0x80469106   11.4  -0.50   0.00   3000  0
144.31  1    -45.16    0.01    0      2    0   0x80469106   11.4  -0.50   0.00   3000  0
144.33  1    -45.16    0.01    0      2    0   0x80469106   11.3  -0.50   0.00   3000  0
144.35  1    -45.16   -0.00    0      2    0   0x80469106   11.3  -0.50   0.00   3000  0
144.37  1    -45.16   -0.01    0      2    0   0x80469106   11.3  -0.50   0.00   3000  0
144.39  1    -45.16   -0.01    0      2    0   0x80469106   11.2  -0.50   0.00   3000  0
144.41  1    -45.16   -0.01    0      2    0   0x80469106   11.2  -0.50   0.00   3000  0
144.43  1    -45.16   -0.01    0      2    0   0x80469106   11.1  -0.50   0.00   3000  0
144.45  1    -45.16   -0.01    0      2    0   0x80469106   11.1  -0.50   0.00   3000  0
144.47  1    -45.16   -0.00    0      2    0   0x80469106   11.1  -0.50   0.00   3000  0
144.49  1    -45.16    0.00    0      2    0   0x80469106   11.0  -0.50   0.00   3000  0
144.51  1    -45.16    0.01    0      2    0   0x80469106   11.0  -0.50   0.00   3000  0
144.53  1    -45.16    0.02    0      2    0   0x80469106   10.9  -0.50   0.00   3000  0
144.55  1    -45.16    0.02    0      2    0   0x80469106   10.9  -0.50   0.00   3000  0
144.57  1    -45.16    0.02    0      2    0   0x80469106   10.9  -0.50   0.00   3000  0
144.59  1    -45.16    0.02    0      2    0   0x00468D06   10.8  -0.50   0.00   3000  0
144.61  1    -45.16    0.02    0      2    0   0x00468D06   10.8  -0.50   0.00   3000  0
144.63  1    -45.16    0.02    0      2    0   0x00468D06   10.7  -0.50   0.00   3000  0
144.65  1    -45.16    0.01    0      2    0   0x00468D06   10.7  -0.50   0.00   3000  0
144.67  1    -45.16    0.01    0      2    0   0x00468D06   10.7  -0.50   0.00   3000  0
144.69  1    -45.16    0.00    0      2    0   0x00468D06   10.6  -0.50   0.00   3000  0
144.71  1    -45.16   -0.00    0      2    0   0x00468D06   10.6  -0.50   0.00   3000  0
144.73  1    -45.16   -0.01    0      2    0   0x00468D06   10.5  -0.50   0.00   3000  0
144.75  1    -45.16   -0.01    0      2    0   0x00468D06   10.5  -0.50   0.00   3000  0
144.77  1    -45.16   -0.01    0      2    0   0x00468D06   10.5  -0.50   0.00   3000  0
144.79  1    -45.16   -0.00    0      2    0   0x00468D06   10.4  -0.50   0.00   3000  0
144.81  1    -45.16    0.00    0      2    0   0x00468D06   10.4  -0.50   0.00   3000  0
144.83  1    -45.16    0.01    0      2    0   0x00468D06   10.3  -0.50   0.00   3000  0
144.85  1    -45.16    0.01    0      2    0   0x00468D06   10.3  -0.50   0.00   3000  0
144.87  1    -45.16    0.01    0      2    0   0x00468D06   10.3  -0.50   0.00   3000  0
144.89  1    -45.16    0.02    0      2    0   0x00468D06   10.2  -0.50   0.00   3000  0
144.91  1    -45.16    0.02    0      2    0   0x00468D06   10.2  -0.50   0.00   3000  0
144.93  1    -45.16    0.02    0      2    0   0x00468D06   10.1  -0.50   0.00   3000  0
144.95  1    -45.16    0.02    0      2    0   0x00468D06   10.1  -0.50   0.00   3000  0
144.97  1    -45.16    0.01    0      2    0   0x00468D06   10.1  -0.50   0.00   3000  0
144.99  1    -45.16    0.01    0      2    0   0x00468D06   10.0  -0.50   0.00   3000  0
145.01  1    -45.15    0.14    0      2    0   0x00468D06   10.0  -0.50   0.00   3000  0
145.03  1    -45.14    0.53    0      2    0   0x80468906   10.0  -0.50   0.00   3000  0
145.05  1    -45.12    1.20    0      2    0   0x00467D06    9.9  -0.50   0.00   3000  0
145.07  1    -45.08    2.10    0      2    0   0x80466D06    9.9  -0.50   0.00   3000  0
145.09  1    -45.01    3.14    0      2    0   0x00465506    9.9  -0.50   0.00   3000  0
145.11  1    -44.93    4.20    0      2    0   0x00463506    9.9  -0.50   0.00   3000  0
145.13  1    -44.83    5.14    0      2    0   0x00460906    9.9  -0.49   0.00   3000  0
145.15  1    -44.71    5.83    0      2    0   0x0045DD06    9.8  -0.49   0.00   3000  0
145.17  1    -44.59    6.18    0      2    0   0x0045A906    9.8  -0.49   0.00   3000  0
145.19  1    -44.46    6.17    0      2    0   0x80457906    9.8  -0.49   0.00   3000  0
145.21  1    -44.35    5.82    0      2    0   0x80454906    9.8  -0.49   0.00   3000  0
145.23  1    -44.24    5.20    0      2    0   0x00452106    9.8  -0.49   0.00   3000  0
145.25  1    -44.16    4.39    0      2    0   0x0044FD06    9.7  -0.49   0.00   3000  0
145.27  1    -44.09    3.51    0      2    0   0x8044E106    9.7  -0.49   0.00   3000  0
145.29  1    -44.03    2.67    0      2    0   0x0044CD06    9.7  -0.49   0.00   3000  0
145.31  1    -43.99    2.01    0      2    0   0x8044BD06    9.7  -0.49   0.00   3000  0
145.33  1    -43.96    1.59    0      2    0   0x8044B106    9.7  -0.49   0.00   3000  0
145.35  1    -43.93    1.47    0      2    0   0x8044A506    9.6  -0.49   0.00   3000  0
145.37  1    -43.90    1.63    0      2    0   0x80449506    9.6  -0.49   0.00   3000  0
145.39  1    -43.86    2.04    0      2    0   0x00448506    9.6  -0.48   0.00   3000  0
145.41  1    -43.80    2.66    0      2    0   0x80447106    9.6  -0.48   0.00   3000  0
145.43  1    -43.74    3.38    0      2    0   0x80445506    9.6  -0.48   0.00   3000  0
145.45  1    -43.65    4.10    0      2    0   0x80443506    9.5  -0.48   0.00   3000  0
145.47  1    -43.56    4.71    0      2    0   0x80441106    9.5  -0.48   0.00   3000  0
145.49  1    -43.46    5.14    0      2    0   0x8043E506    9.5  -0.48   0.00   3000  0
145.51  1    -43.35    5.36    0      2    0   0x0043BD06    9.5  -0.48   0.00   3000  0
145.53  1    -43.24    5.34    0      2    0   0x80439106    9.5  -0.48   0.00   3000  0
145.55  1    -43.14    5.08    0      2    0   0x00436906    9.4  -0.48   0.00   3000  0
145.57  1    -43.05    4.64    0      2    0   0x00434106    9.4  -0.48   0.00   3000  0
145.59  1    -42.97    4.07    0      2    0   0x00432106    9.4  -0.48   0.00   3000  0
145.61  1    -42.90    3.47    0      2    0   0x00430506    9.4  -0.48   0.00   3000  0
145.63  1    -42.84    2.92    0      2    0   0x0042F106    9.4  -0.47   0.00   3000  0
145.65  1    -42.79    2.49    0      2    0   0x8042DD06    9.3  -0.47   0.00   3000  0
145.67  1    -42.75    2.23    0      2    0   0x8042C906    9.3  -0.47   0.00   3000  0
145.69  1    -42.70    2.15    0      2    0   0x0042B906    9.3  -0.47   0.00   3000  0
145.71  1    -42.66    2.28    0      2    0   0x8042A506    9.3  -0.47   0.00   3000  0
145.73  1    -42.61    2.59    0      2    0   0x00429106    9.3  -0.47   0.00   3000  0
145.75  1    -42.55    3.03    0      2    0   0x00427906    9.2  -0.47   0.00   3000  0
145.77  1    -42.47    3.51    0      2    0   0x00425D06    9.2  -0.47   0.00   3000  0
145.79  1    -42.40    3.98    0      2    0   0x00423D06    9.2  -0.47   0.00   3000  0
145.81  1    -42.31    4.39    0      2    0   0x00421906    9.2  -0.47   0.00   3000  0
145.83  1    -42.21    4.68    0      2    0   0x8041F506    9.2  -0.47   0.00   3000  0
145.85  1    -42.12    4.81    0      2    0   0x0041CD06    9.1  -0.47   0.00   3000  0
145.87  1    -42.02    4.77    0      2    0   0x8041A906    9.1  -0.47   0.00   3000  0
145.89  1    -41.93    4.57    0      2    0   0x00418506    9.1  -0.46   0.00   3000  0
145.91  1    -41.85    4.26    0      2    0   0x00416106    9.1  -0.46   0.00   3000  0
145.93  1    -41.77    3.88    0      2    0   0x80414106    9.1  -0.46   0.00   3000  0
145.95  1    -41.70    3.48    0      2    0   0x00412506    9.0  -0.46   0.00   3000  0
145.97  1    -41.64    3.11    0      2    0   0x00410D06    9.0  -0.46   0.00   3000  0
145.99  1    -41.58    2.82    0      2    0   0x0040F506    9.0  -0.46   0.00   3000  0
146.01  1    -41.53    2.65    0      2    0   0x0040E106    9.0  -0.46   0.00   3000  0
146.03  1    -41.47    2.63    0      2    0   0x8040CD06    9.0  -0.46   0.00   3000  0
146.05  1    -41.42    2.74    0      2    0   0x8040B506    8.9  -0.46   0.00   3000  0
146.07  1    -41.36    2.95    0      2    0   0x8040A106    8.9  -0.46   0.00   3000  0
146.09  1    -41.30    3.24    0      2    0   0x80408506    8.9  -0.46   0.00   3000  0
146.11  1    -41.22    3.57    0      2    0   0x00406906    8.9  -0.46   0.00   3000  0
146.13  1    -41.15    3.90    0      2    0   0x80404906    8.9  -0.45   0.00   3000  0
146.15  1    -41.06    4.17    0      2    0   0x80402906    8.8  -0.45   0.00   3000  0
146.17  1    -40.98    4.35    0      2    0   0x00400506    8.8  -0.45   0.00   3000  0
146.19  1    -40.89    4.42    0      2    0   0x803FE106    8.8  -0.45   0.00   3000  0
146.21  1    -40.80    4.38    0      2    0   0x803FBD06    8.8  -0.45   0.00   3000  0
146.23  1    -40.71    4.25    0      2    0   0x003F9D06    8.8  -0.45   0.00   3000  0
146.25  1    -40.63    4.03    0      2    0   0x803F7D06    8.7  -0.45   0.00   3000  0
146.27  1    -40.56    3.77    0      2    0   0x003F5D06    8.7  -0.45   0.00   3000  0
146.29  1    -40.49    3.48    0      2    0   0x803F4106    8.7  -0.45   0.00   3000  0
146.31  1    -40.42    3.24    0      2    0   0x003F2906    8.7  -0.45   0.00   3000  0
146.33  1    -40.36    3.06    0      2    0   0x803F1106    8.7  -0.45   0.00   3000  0
146.35  1    -40.30    2.96    0      2    0   0x003EF906    8.6  -0.45   0.00   3000  0
146.37  1    -40.24    2.95    0      2    0   0x003EE106    8.6  -0.45   0.00   3000  0
146.39  1    -40.18    3.04    0      2    0   0x003EC906    8.6  -0.44   0.00   3000  0
146.41  1    -40.12    3.21    0      2    0   0x803EAD06    8.6  -0.44   0.00   3000  0
146.43  1    -40.05    3.43    0      2    0   0x003E9506    8.6  -0.44   0.00   3000  0
146.45  1    -39.98    3.65    0      2    0   0x803E7506    8.5  -0.44   0.00   3000  0
146.47  1    -39.90    3.85    0      2    0   0x003E5906    8.5  -0.44   0.00   3000  0
146.49  1    -39.82    4.02    0      2    0   0x003E3906    8.5  -0.44   0.00   3000  0
146.51  1    -39.74    4.13    0      2    0   0x803E1506    8.5  -0.44   0.00   3000  0
146.53  1    -39.65    4.17    0      2    0   0x003DF506    8.5  -0.44   0.00   3000  0
146.55  1    -39.57    4.12    0      2    0   0x803DD506    8.4  -0.44   0.00   3000  0
146.57  1    -39.49    4.00    0      2    0   0x803DB506    8.4  -0.44   0.00   3000  0
146.59  1    -39.42    3.84    0      2    0   0x003D9506    8.4  -0.44   0.00   3000  0
146.61  1    -39.34    3.67    0      2    0   0x803D7906    8.4  -0.44   0.00   3000  0
146.63  1    -39.27    3.49    0      2    0   0x803D5D06    8.4  -0.43   0.00   3000  0
146.65  1    -39.21    3.33    0      2    0   0x003D4106    8.3  -0.43   0.00   3000  0
146.67  1    -39.14    3.21    0      2    0   0x803D2906    8.3  -0.43   0.00   3000  0
146.69  1    -39.08    3.16    0      2    0   0x803D0D06    8.3  -0.43   0.00   3000  0
146.71  1    -39.02    3.17    0      2    0   0x803CF506    8.3  -0.43   0.00   3000  0
146.73  1    -38.95    3.25    0      2    0   0x803CDD06    8.3  -0.43   0.00   3000  0
146.75  1    -38.88    3.36    0      2    0   0x003CC106    8.2  -0.43   0.00   3000  0
146.77  1    -38.81    3.49    0      2    0   0x803CA506    8.2  -0.43   0.00   3000  0
146.79  1    -38.74    3.64    0      2    0   0x003C8906    8.2  -0.43   0.00   3000  0
146.81  1    -38.66    3.79    0      2    0   0x803C6906    8.2  -0.43   0.00   3000  0
146.83  1    -38.59    3.91    0      2    0   0x003C4906    8.2  -0.43   0.00   3000  0
146.85  1    -38.51    3.97    0      2    0   0x003C2906    8.1  -0.43   0.00   3000  0
146.87  1    -38.43    3.98    0      2    0   0x803C0906    8.1  -0.43   0.00   3000  0
146.89  1    -38.35    3.94    0      2    0   0x803BE906    8.1  -0.42   0.00   3000  0
146.91  1    -38.27    3.87    0      2    0   0x803BCD06    8.1  -0.42   0.00   3000  0
146.93  1    -38.20    3.77    0      2    0   0x803BAD06    8.1  -0.42   0.00   3000  0
146.95  1    -38.12    3.64    0      2    0   0x803B9106    8.0  -0.42   0.00   3000  0
146.97  1    -38.05    3.50    0      2    0   0x803B7506    8.0  -0.42   0.00   3000  0
146.99  1    -37.99    3.40    0      2    0   0x003B5906    8.0  -0.42   0.00   3000  0
147.01  1    -37.92    3.34    0      2    0   0x803B3D06    8.0  -0.42   0.00   3000  0
147.03  1    -37.85    3.31    0      2    0   0x803B2506    8.0  -0.42   0.00   3000  0
147.05  1    -37.79    3.32    0      2    0   0x003B0906    7.9  -0.42   0.00   3000  0
147.07  1    -37.72    3.36    0      2    0   0x803AED06    7.9  -0.42   0.00   3000  0
147.09  1    -37.65    3.44    0      2    0   0x803AD106    7.9  -0.42   0.00   3000  0
147.11  1    -37.58    3.55    0      2    0   0x003AB506    7.9  -0.42   0.00   3000  0
147.13  1    -37.51    3.66    0      2    0   0x803A9906    7.9  -0.41   0.00   3000  0
147.15  1    -37.43    3.75    0      2    0   0x803A7D06    7.8  -0.41   0.00   3000  0
147.17  1    -37.35    3.81    0      2    0   0x003A5D06    7.8  -0.41   0.00   3000  0
147.19  1    -37.28    3.85    0      2    0   0x003A3D06    7.8  -0.41   0.00   3000  0
147.21  1    -37.20    3.86    0      2    0   0x803A2106    7.8  -0.41   0.00   3000  0
147.23  1    -37.12    3.84    0      2    0   0x003A0106    7.8  -0.41   0.00   3000  0
147.25  1    -37.05    3.78    0      2    0   0x8039E106    7.7  -0.41   0.00   3000  0
147.27  1    -36.97    3.70    0      2    0   0x8039C506    7.7  -0.41   0.00   3000  0
147.29  1    -36.90    3.61    0      2    0   0x8039A906    7.7  -0.41   0.00   3000  0
147.31  1    -36.83    3.54    0      2    0   0x80398D06    7.7  -0.41   0.00   3000  0
147.33  1    -36.76    3.47    0      2    0   0x80397106    7.7  -0.41   0.00   3000  0
147.35  1    -36.69    3.43    0      2    0   0x80395506    7.6  -0.41   0.00   3000  0
147.37  1    -36.63    3.40    0      2    0   0x80393906    7.6  -0.41   0.00   3000  0
147.39  1    -36.56    3.41    0      2    0   0x80391D06    7.6  -0.40   0.00   3000  0
147.41  1    -36.49    3.45    0      2    0   0x00390106    7.6  -0.40   0.00   3000  0
147.43  1    -36.42    3.51    0      2    0   0x8038E506    7.6  -0.40   0.00   3000  0
147.45  1    -36.35    3.58    0      2    0   0x0038C906    7.5  -0.40   0.00   3000  0
147.47  1    -36.27    3.64    0      2    0   0x8038AD06    7.5  -0.40   0.00   3000  0
147.49  1    -36.20    3.70    0      2    0   0x00388D06    7.5  -0.40   0.00   3000  0
147.51  1    -36.12    3.75    0      2    0   0x00387106    7.5  -0.40   0.00   3000  0
147.53  1    -36.05    3.78    0      2    0   0x80385106    7.5  -0.40   0.00   3000  0
147.55  1    -35.97    3.79    0      2    0   0x00383506    7.4  -0.40   0.00   3000  0
147.57  1    -35.90    3.75    0      2    0   0x80381506    7.4  -0.40   0.00   3000  0
147.59  1    -35.82    3.71    0      2    0   0x0037F906    7.4  -0.40   0.00   3000  0
147.61  1    -35.75    3.67    0      2    0   0x0037DD06    7.4  -0.40   0.00   3000  0
147.63  1    -35.68    3.62    0      2    0   0x0037BD06    7.4  -0.39   0.00   3000  0
147.65  1    -35.61    3.56    0      2    0   0x8037A106    7.3  -0.39   0.00   3000  0
147.67  1    -35.54    3.50    0      2    0   0x80378506    7.3  -0.39   0.00   3000  0
147.69  1    -35.47    3.47    0      2    0   0x00376906    7.3  -0.39   0.00   3000  0
147.71  1    -35.40    3.47    0      2    0   0x00374D06    7.3  -0.39   0.00   3000  0
147.73  1    -35.33    3.49    0      2    0   0x80373106    7.3  -0.39   0.00   3000  0
147.75  1    -35.26    3.51    0      2    0   0x80371506    7.2  -0.39   0.00   3000  0
147.77  1    -35.19    3.54    0      2    0   0x8036F906    7.2  -0.39   0.00   3000  0
147.79  1    -35.12    3.58    0      2    0   0x8036DD06    7.2  -0.39   0.00   3000  0
147.81  1    -35.04    3.64    0      2    0   0x0036C106    7.2  -0.39   0.00   3000  0
147.83  1    -34.97    3.69    0      2    0   0x0036A106    7.2  -0.39   0.00   3000  0
147.85  1    -34.89    3.71    0      2    0   0x00368506    7.1  -0.39   0.00   3000  0
147.87  1    -34.82    3.72    0      2    0   0x80366906    7.1  -0.39   0.00   3000  0
147.89  1    -34.75    3.72    0      2    0   0x00364906    7.1  -0.38   0.00   3000  0
147.91  1    -34.67    3.71    0      2    0   0x80362D06    7.1  -0.38   0.00   3000  0
147.93  1    -34.60    3.69    0      2    0   0x00360D06    7.1  -0.38   0.00   3000  0
147.95  1    -34.53    3.65    0      2    0   0x0035F106    7.0  -0.38   0.00   3000  0
147.97  1    -34.45    3.60    0      2    0   0x0035D506    7.0  -0.38   0.00   3000  0
147.99  1    -34.38    3.56    0      2    0   0x0035B906    7.0  -0.38   0.00   3000  0
148.01  1    -34.31    3.54    0      2    0   0x00359D06    7.0  -0.38   0.00   3000  0
148.03  1    -34.24    3.53    0      2    0   0x80358106    7.0  -0.38   0.00   3000  0
148.05  1    -34.17    3.52    0      2    0   0x80356506    6.9  -0.38   0.00   3000  0
148.07  1    -34.10    3.52    0      2    0   0x00354506    6.9  -0.38   0.00   3000  0
148.09  1    -34.03    3.53    0      2    0   0x00352906    6.9  -0.38   0.00   3000  0
148.11  1    -33.96    3.57    0      2    0   0x00350D06    6.9  -0.38   0.00   3000  0
148.13  1    -33.89    3.61    0      2    0   0x8034F106    6.9  -0.37   0.00   3000  0
148.15  1    -33.81    3.64    0      2    0   0x8034D506    6.8  -0.37   0.00   3000  0
148.17  1    -33.74    3.65    0      2    0   0x8034B506    6.8  -0.37   0.00   3000  0
148.19  1    -33.67    3.67    0      2    0   0x00349906    6.8  -0.37   0.00   3000  0
148.21  1    -33.59    3.69    0      2    0   0x00347D06    6.8  -0.37   0.00   3000  0
148.23  1    -33.52    3.69    0      2    0   0x80345D06    6.8  -0.37   0.00   3000  0
148.25  1    -33.45    3.68    0      2    0   0x00344106    6.7  -0.37   0.00   3000  0
148.27  1    -33.37    3.65    0      2    0   0x80342506    6.7  -0.37   0.00   3000  0
148.29  1    -33.30    3.62    0      2    0   0x00340506    6.7  -0.37   0.00   3000  0
148.31  1    -33.23    3.60    0      2    0   0x0033E906    6.7  -0.37   0.00   3000  0
148.33  1    -33.16    3.59    0      2    0   0x0033CD06    6.7  -0.37   0.00   3000  0
148.35  1    -33.08    3.57    0      2    0   0x8033B106    6.6  -0.37   0.00   3000  0
148.37  1    -33.01    3.54    0      2    0   0x80339506    6.6  -0.37   0.00   3000  0
148.39  1    -32.94    3.54    0      2    0   0x00337906    6.6  -0.36   0.00   3000  0
148.41  1    -32.87    3.55    0      2    0   0x00335D06    6.6  -0.36   0.00   3000  0
148.43  1    -32.80    3.57    0      2    0   0x80334106    6.6  -0.36   0.00   3000  0
148.45  1    -32.73    3.59    0      2    0   0x80332106    6.5  -0.36   0.00   3000  0
148.47  1    -32.66    3.60    0      2    0   0x80330506    6.5  -0.36   0.00   3000  0
148.49  1    -32.58    3.62    0      2    0   0x8032E906    6.5  -0.36   0.00   3000  0
148.51  1    -32.51    3.65    0      2    0   0x8032CD06    6.5  -0.36   0.00   3000  0
148.53  1    -32.44    3.66    0      2    0   0x8032AD06    6.5  -0.36   0.00   3000  0
148.55  1    -32.36    3.67    0      2    0   0x80329106    6.4  -0.36   0.00   3000  0
148.57  1    -32.29    3.65    0      2    0   0x80327506    6.4  -0.36   0.00   3000  0
148.59  1    -32.22    3.65    0      2    0   0x00325506    6.4  -0.36   0.00   3000  0
148.61  1    -32.15    3.64    0      2    0   0x00323906    6.4  -0.36   0.00   3000  0
148.63  1    -32.07    3.63    0      2    0   0x00321D06    6.4  -0.35   0.00   3000  0
148.65  1    -32.00    3.61    0      2    0   0x80320106    6.3  -0.35   0.00   3000  0
148.67  1    -31.93    3.58    0      2    0   0x0031E106    6.3  -0.35   0.00   3000  0
148.69  1    -31.86    3.57    0      2    0   0x0031C506    6.3  -0.35   0.00   3000  0
148.71  1    -31.79    3.57    0      2    0   0x0031A906    6.3  -0.35   0.00   3000  0
148.73  1    -31.72    3.57    0      2    0   0x00318D06    6.3  -0.35   0.00   3000  0
148.75  1    -31.64    3.58    0      2    0   0x00317106    6.2  -0.35   0.00   3000  0
148.77  1    -31.57    3.57    0      2    0   0x00315506    6.2  -0.35   0.00   3000  0
148.79  1    -31.50    3.59    0      2    0   0x00313906    6.2  -0.35   0.00   3000  0
148.81  1    -31.43    3.61    0      2    0   0x80311906    6.2  -0.35   0.00   3000  0
148.83  1    -31.36    3.63    0      2    0   0x0030FD06    6.2  -0.35   0.00   3000  0
148.85  1    -31.28    3.64    0      2    0   0x8030E106    6.1  -0.35   0.00   3000  0
148.87  1    -31.21    3.64    0      2    0   0x8030C506    6.1  -0.35   0.00   3000  0
148.89  1    -31.14    3.64    0      2    0   0x8030A506    6.1  -0.34   0.00   3000  0
148.91  1    -31.06    3.64    0      2    0   0x00308906    6.1  -0.34   0.00   3000  0
148.93  1    -30.99    3.65    0      2    0   0x00306D06    6.1  -0.34   0.00   3000  0
148.96  1    -30.92    3.63    0      2    0   0x80304D06    6.0  -0.34   0.00   3000  0
148.98  1    -30.85    3.63    0      2    0   0x00303106    6.0  -0.34   0.00   3000  0
149.00  1    -30.77    3.64    0      2    0   0x00301506    6.0  -0.34   0.00   3000  0
149.02  1    -30.70    3.64    0      2    0   0x002FF906    6.0  -0.34   0.00   3000  0
149.04  1    -30.63    3.62    0      2    0   0x802FD906    6.0  -0.34   0.00   3000  0
149.06  1    -30.56    3.60    0      2    0   0x002FBD06    5.9  -0.34   0.00   3000  0
149.08  1    -30.48    3.59    0      2    0   0x802FA106    5.9  -0.34   0.00   3000  0
149.10  1    -30.41    3.59    0      2    0   0x802F8506    5.9  -0.34   0.00   3000  0
149.12  1    -30.34    3.59    0      2    0   0x002F6906    5.9  -0.34   0.00   3000  0
149.14  1    -30.27    3.59    0      2    0   0x802F4906    5.9  -0.33   0.00   3000  0
149.16  1    -30.20    3.58    0      2    0   0x002F2D06    5.8  -0.33   0.00   3000  0
149.18  1    -30.13    3.59    0      2    0   0x002F1106    5.8  -0.33   0.00   3000  0
149.20  1    -30.05    3.60    0      2    0   0x802EF506    5.8  -0.33   0.00   3000  0
149.22  1    -29.98    3.61    0      2    0   0x002ED906    5.8  -0.33   0.00   3000  0
149.24  1    -29.91    3.62    0      2    0   0x002EB906    5.8  -0.33   0.00   3000  0
149.26  1    -29.84    3.62    0      2    0   0x002E9D06    5.7  -0.33   0.00   3000  0
149.28  1    -29.76    3.62    0      2    0   0x802E8106    5.7  -0.33   0.00   3000  0
149.30  1    -29.69    3.63    0      2    0   0x802E6506    5.7  -0.33   0.00   3000  0
149.32  1    -29.62    3.64    0      2    0   0x002E4506    5.7  -0.33   0.00   3000  0
149.34  1    -29.55    3.63    0      2    0   0x002E2906    5.7  -0.33   0.00   3000  0
149.36  1    -29.47    3.61    0      2    0   0x002E0D06    5.6  -0.33   0.00   3000  0
149.38  1    -29.40    3.61    0      2    0   0x002DF106    5.6  -0.32   0.00   3000  0
149.40  1    -29.33    3.61    0      2    0   0x802DD106    5.6  -0.32   0.00   3000  0
149.42  1    -29.26    3.61    0      2    0   0x002DB506    5.6  -0.32   0.00   3000  0
149.44  1    -29.19    3.60    0      2    0   0x802D9906    5.6  -0.32   0.00   3000  0
149.46  1    -29.11    3.59    0      2    0   0x802D7D06    5.5  -0.32   0.00   3000  0
149.48  1    -29.04    3.59    0      2    0   0x002D6106    5.5  -0.32   0.00   3000  0
149.50  1    -28.97    3.60    0      2    0   0x002D4506    5.5  -0.32   0.00   3000  0
149.52  1    -28.90    3.61    0      2    0   0x002D2506    5.5  -0.32   0.00   3000  0
149.54  1    -28.83    3.61    0      2    0   0x802D0906    5.5  -0.32   0.00   3000  0
149.56  1    -28.75    3.60    0      2    0   0x002CED06    5.4  -0.32   0.00   3000  0
149.58  1    -28.68    3.61    0      2    0   0x002CD106    5.4  -0.32   0.00   3000  0
149.60  1    -28.61    3.62    0      2    0   0x002CB106    5.4  -0.32   0.00   3000  0
149.62  1    -28.54    3.63    0      2    0   0x002C9506    5.4  -0.32   0.00   3000  0
149.64  1    -28.46    3.63    0      2    0   0x802C7906    5.4  -0.31   0.00   3000  0
149.66  1    -28.39    3.62    0      2    0   0x802C5D06    5.3  -0.31   0.00   3000  0
149.68  1    -28.32    3.61    0      2    0   0x802C3D06    5.3  -0.31   0.00   3000  0
149.70  1    -28.25    3.62    0      2    0   0x002C2106    5.3  -0.31   0.00   3000  0
149.72  1    -28.17    3.62    0      2    0   0x002C0506    5.3  -0.31   0.00   3000  0
149.74  1    -28.10    3.61    0      2    0   0x002BE906    5.3  -0.31   0.00   3000  0
149.76  1    -28.03    3.60    0      2    0   0x002BCD06    5.2  -0.31   0.00   3000  0
149.78  1    -27.96    3.59    0      2    0   0x002BAD06    5.2  -0.31   0.00   3000  0
149.80  1    -27.89    3.60    0      2    0   0x002B9106    5.2  -0.31   0.00   3000  0
149.82  1    -27.81    3.61    0      2    0   0x002B7506    5.2  -0.31   0.00   3000  0
149.84  1    -27.74    3.61    0      2    0   0x802B5906    5.2  -0.31   0.00   3000  0
149.86  1    -27.67    3.60    0      2    0   0x002B3D06    5.1  -0.31   0.00   3000  0
149.88  1    -27.60    3.60    0      2    0   0x802B1D06    5.1  -0.30   0.00   3000  0
149.90  1    -27.53    3.61    0      2    0   0x002B0106    5.1  -0.30   0.00   3000  0
149.92  1    -27.45    3.62    0      2    0   0x802AE506    5.1  -0.30   0.00   3000  0
149.94  1    -27.38    3.62    0      2    0   0x002AC906    5.1  -0.30   0.00   3000  0
149.96  1    -27.31    3.61    0      2    0   0x002AA906    5.0  -0.30   0.00   3000  0
149.98  1    -27.24    3.61    0      2    0   0x002A8D06    5.0  -0.30   0.00   3000  0
150.00  1    -27.16    3.62    0      2    0   0x002A7106    5.0  -0.30   0.00   3000  0
150.02  1    -27.09    3.69    0      2    0   0x002A5506    5.0  -0.30   0.00   3000  0
150.04  1    -27.01    3.89    0      2    0   0x002A3506    5.0  -0.30   0.00   3000  0
150.06  1    -26.93    4.22    0      2    0   0x002A1106    4.9  -0.30   0.00   3000  0
150.08  1    -26.84    4.66    0      2    0   0x0029ED06    4.9  -0.30   0.00   3000  0
150.10  1    -26.73    5.18    0      2    0   0x0029C506    4.9  -0.29   0.00   3000  0
150.12  1    -26.62    5.70    0      2    0   0x00299506    4.9  -0.29   0.00   3000  0
150.14  1    -26.49    6.17    0      2    0   0x00296506    4.9  -0.29   0.00   3000  0
150.16  1    -26.36    6.51    0      2    0   0x80293106    4.8  -0.29   0.00   3000  0
150.18  1    -26.23    6.68    0      2    0   0x0028FD06    4.8  -0.29   0.00   3000  0
150.20  1    -26.10    6.67    0      2    0   0x8028C506    4.8  -0.29   0.00   3000  0
150.22  1    -25.97    6.50    0      2    0   0x00289106    4.8  -0.29   0.00   3000  0
150.24  1    -25.84    6.20    0      2    0   0x00286106    4.8  -0.29   0.00   3000  0
150.26  1    -25.73    5.80    0      2    0   0x00283106    4.7  -0.28   0.00   3000  0
150.28  1    -25.62    5.36    0      2    0   0x80280906    4.7  -0.28   0.00   3000  0
150.30  1    -25.52    4.94    0      2    0   0x8027E106    4.7  -0.28   0.00   3000  0
150.32  1    -25.43    4.62    0      2    0   0x0027B906    4.7  -0.28   0.00   3000  0
150.34  1    -25.34    4.42    0      2    0   0x80279906    4.7  -0.28   0.00   3000  0
150.36  1    -25.25    4.36    0      2    0   0x00277506    4.6  -0.28   0.00   3000  0
150.38  1    -25.16    4.43    0      2    0   0x00275106    4.6  -0.28   0.00   3000  0
150.40  1    -25.07    4.63    0      2    0   0x80272D06    4.6  -0.28   0.00   3000  0
150.42  1    -24.97    4.94    0      2    0   0x80270506    4.6  -0.28   0.00   3000  0
150.44  1    -24.87    5.30    0      2    0   0x8026D906    4.6  -0.27   0.00   3000  0
150.46  1    -24.75    5.65    0      2    0   0x8026AD06    4.5  -0.27   0.00   3000  0
150.48  1    -24.64    5.95    0      2    0   0x00267D06    4.5  -0.27   0.00   3000  0
150.50  1    -24.51    6.16    0      2    0   0x00264D06    4.5  -0.27   0.00   3000  0
150.52  1    -24.39    6.27    0      2    0   0x80261906    4.5  -0.27   0.00   3000  0
150.54  1    -24.26    6.27    0      2    0   0x8025E906    4.5  -0.27   0.00   3000  0
150.56  1    -24.14    6.14    0      2    0   0x8025B506    4.4  -0.27   0.00   3000  0
150.58  1    -24.02    5.91    0      2    0   0x80258906    4.4  -0.27   0.00   3000  0
150.60  1    -23.91    5.63    0      2    0   0x00255906    4.4  -0.26   0.00   3000  0
150.62  1    -23.80    5.34    0      2    0   0x80253106    4.4  -0.26   0.00   3000  0
150.64  1    -23.70    5.08    0      2    0   0x00250506    4.4  -0.26   0.00   3000  0
150.66  1    -23.60    4.86    0      2    0   0x8024E106    4.3  -0.26   0.00   3000  0
150.68  1    -23.51    4.73    0      2    0   0x0024B906    4.3  -0.26   0.00   3000  0
150.70  1    -23.41    4.69    0      2    0   0x80249506    4.3  -0.26   0.00   3000  0
150.72  1    -23.32    4.75    0      2    0   0x00246D06    4.3  -0.26   0.00   3000  0
150.74  1    -23.22    4.92    0      2    0   0x00244906    4.3  -0.26   0.00   3000  0
150.76  1    -23.12    5.13    0      2    0   0x80241D06    4.2  -0.25   0.00   3000  0
150.78  1    -23.01    5.36    0      2    0   0x0023F506    4.2  -0.25   0.00   3000  0
150.80  1    -22.90    5.59    0      2    0   0x0023C506    4.2  -0.25   0.00   3000  0
150.82  1    -22.78    5.79    0      2    0   0x00239906    4.2  -0.25   0.00   3000  0
150.84  1    -22.66    5.94    0      2    0   0x00236906    4.2  -0.25   0.00   3000  0
150.86  1    -22.54    6.01    0      2    0   0x00233906    4.1  -0.25   0.00   3000  0
150.88  1    -22.42    5.98    0      2    0   0x00230906    4.1  -0.25   0.00   3000  0
150.90  1    -22.31    5.88    0      2    0   0x0022D906    4.1  -0.25   0.00   3000  0
150.92  1    -22.19    5.73    0      2    0   0x0022AD06    4.1  -0.25   0.00   3000  0
150.94  1    -22.08    5.55    0      2    0   0x80228106    4.1  -0.24   0.00   3000  0
150.96  1    -21.97    5.35    0      2    0   0x80225506    4.0  -0.24   0.00   3000  0
150.98  1    -21.87    5.16    0      2    0   0x80222D06    4.0  -0.24   0.00   3000  0
151.00  1    -21.77    5.02    0      2    0   0x80220506    4.0  -0.24   0.00   3000  0
151.02  1    -21.67    4.94    0      2    0   0x8021DD06    4.0  -0.24   0.00   3000  0
151.04  1    -21.57    4.93    0      2    0   0x0021B506    4.0  -0.24   0.00   3000  0
151.06  1    -21.47    4.98    0      2    0   0x80218D06    3.9  -0.24   0.00   3000  0
151.08  1    -21.37    5.08    0      2    0   0x80216506    3.9  -0.24   0.00   3000  0
151.10  1    -21.27    5.22    0      2    0   0x80213906    3.9  -0.23   0.00   3000  0
151.12  1    -21.16    5.39    0      2    0   0x00210D06    3.9  -0.23   0.00   3000  0
151.14  1    -21.05    5.56    0      2    0   0x0020E106    3.9  -0.23   0.00   3000  0
151.16  1    -20.93    5.69    0      2    0   0x8020B506    3.8  -0.23   0.00   3000  0
151.18  1    -20.82    5.77    0      2    0   0x80208506    3.8  -0.23   0.00   3000  0
151.20  1    -20.70    5.81    0      2    0   0x00205906    3.8  -0.23   0.00   3000  0
151.22  1    -20.59    5.79    0      2    0   0x80202906    3.8  -0.23   0.00   3000  0
151.24  1    -20.47    5.73    0      2    0   0x801FFD06    3.8  -0.23   0.00   3000  0
151.26  1    -20.36    5.62    0      2    0   0x001FD106    3.7  -0.22   0.00   3000  0
151.28  1    -20.25    5.49    0      2    0   0x001FA506    3.7  -0.22   0.00   3000  0
151.30  1    -20.14    5.34    0      2    0   0x801F7906    3.7  -0.22   0.00   3000  0
151.32  1    -20.04    5.23    0      2    0   0x001F4D06    3.7  -0.22   0.00   3000  0
151.34  1    -19.94    5.15    0      2    0   0x801F2506    3.7  -0.22   0.00   3000  0
151.36  1    -19.83    5.10    0      2    0   0x001EFD06    3.6  -0.22   0.00   3000  0
151.38  1    -19.73    5.08    0      2    0   0x001ED506    3.6  -0.22   0.00   3000  0
151.40  1    -19.63    5.12    0      2    0   0x001EAD06    3.6  -0.22   0.00   3000  0
151.42  1    -19.53    5.19    0      2    0   0x801E8106    3.6  -0.22   0.00   3000  0
151.44  1    -19.42    5.31    0      2    0   0x801E5906    3.6  -0.21   0.00   3000  0
151.46  1    -19.31    5.42    0      2    0   0x801E2D06    3.5  -0.21   0.00   3000  0
151.48  1    -19.20    5.52    0      2    0   0x001E0106    3.5  -0.21   0.00   3000  0
151.50  1    -19.09    5.60    0      2    0   0x801DD106    3.5  -0.21   0.00   3000  0
151.52  1    -18.98    5.66    0      2    0   0x801DA506    3.5  -0.21   0.00   3000  0
151.54  1    -18.86    5.69    0      2    0   0x001D7906    3.5  -0.21   0.00   3000  0
151.56  1    -18.75    5.70    0      2    0   0x001D4906    3.4  -0.21   0.00   3000  0
151.58  1    -18.64    5.65    0      2    0   0x801D1D06    3.4  -0.21   0.00   3000  0
151.60  1    -18.52    5.58    0      2    0   0x801CF106    3.4  -0.20   0.00   3000  0
151.62  1    -18.41    5.48    0      2    0   0x001CC506    3.4  -0.20   0.00   3000  0
151.64  1    -18.31    5.38    0      2    0   0x001C9906    3.4  -0.20   0.00   3000  0
151.66  1    -18.20    5.31    0      2    0   0x001C7106    3.3  -0.20   0.00   3000  0
151.68  1    -18.10    5.24    0      2    0   0x801C4506    3.3  -0.20   0.00   3000  0
151.70  1    -17.99    5.19    0      2    0   0x001C1D06    3.3  -0.20   0.00   3000  0
151.72  1    -17.89    5.17    0      2    0   0x001BF106    3.3  -0.20   0.00   3000  0
151.74  1    -17.78    5.19    0      2    0   0x801BC906    3.3  -0.20   0.00   3000  0
151.76  1    -17.68    5.25    0      2    0   0x001B9D06    3.2  -0.19   0.00   3000  0
151.78  1    -17.57    5.32    0      2    0   0x001B7506    3.2  -0.19   0.00   3000  0
151.80  1    -17.47    5.39    0      2    0   0x001B4906    3.2  -0.19   0.00   3000  0
151.82  1    -17.36    5.46    0      2    0   0x801B1D06    3.2  -0.19   0.00   3000  0
151.84  1    -17.25    5.53    0      2    0   0x801AF106    3.2  -0.19   0.00   3000  0
151.86  1    -17.13    5.59    0      2    0   0x001AC506    3.1  -0.19   0.00   3000  0
151.88  1    -17.02    5.61    0      2    0   0x001A9906    3.1  -0.19   0.00   3000  0
151.90  1    -16.91    5.60    0      2    0   0x001A6906    3.1  -0.19   0.00   3000  0
151.92  1    -16.80    5.56    0      2    0   0x801A3D06    3.1  -0.19   0.00   3000  0
151.94  1    -16.69    5.51    0      2    0   0x001A1106    3.1  -0.18   0.00   3000  0
151.96  1    -16.58    5.46    0      2    0   0x8019E506    3.0  -0.18   0.00   3000  0
151.98  1    -16.47    5.40    0      2    0   0x0019BD06    3.0  -0.18   0.00   3000  0
152.00  1    -16.36    5.33    0      2    0   0x80199106    3.0  -0.18   0.00   3000  0
152.02  1    -16.26    5.28    0      2    0   0x00196506    3.0  -0.18   0.00   3000  0
152.04  1    -16.15    5.25    0      2    0   0x80193D06    3.0  -0.18   0.00   3000  0
152.06  1    -16.05    5.26    0      2    0   0x00191106    2.9  -0.18   0.00   3000  0
152.08  1    -15.94    5.28    0      2    0   0x0018E906    2.9  -0.18   0.00   3000  0
152.10  1    -15.84    5.30    0      2    0   0x8018BD06    2.9  -0.17   0.00   3000  0
152.12  1    -15.73    5.34    0      2    0   0x80189506    2.9  -0.17   0.00   3000  0
152.14  1    -15.62    5.40    0      2    0   0x80186906    2.9  -0.17   0.00   3000  0
152.16  1    -15.51    5.46    0      2    0   0x00183D06    2.8  -0.17   0.00   3000  0
152.18  1    -15.40    5.51    0      2    0   0x80181106    2.8  -0.17   0.00   3000  0
152.20  1    -15.29    5.53    0      2    0   0x0017E506    2.8  -0.17   0.00   3000  0
152.22  1    -15.18    5.53    0      2    0   0x0017B906    2.8  -0.17   0.00   3000  0
152.24  1    -15.07    5.53    0      2    0   0x80178D06    2.8  -0.17   0.00   3000  0
152.26  1    -14.96    5.52    0      2    0   0x00176106    2.7  -0.16   0.00   3000  0
152.28  1    -14.85    5.49    0      2    0   0x80173506    2.7  -0.16   0.00   3000  0
152.30  1    -14.74    5.43    0      2    0   0x80170906    2.7  -0.16   0.00   3000  0
152.32  1    -14.63    5.38    0      2    0   0x0016DD06    2.7  -0.16   0.00   3000  0
152.34  1    -14.53    5.35    0      2    0   0x0016B106    2.7  -0.16   0.00   3000  0
152.36  1    -14.42    5.33    0      2    0   0x80168906    2.6  -0.16   0.00   3000  0
152.38  1    -14.31    5.31    0      2    0   0x80165D06    2.6  -0.16   0.00   3000  0
152.40  1    -14.21    5.30    0      2    0   0x80163106    2.6  -0.16   0.00   3000  0
152.42  1    -14.10    5.31    0      2    0   0x00160906    2.6  -0.16   0.00   3000  0
152.44  1    -14.00    5.34    0      2    0   0x0015DD06    2.6  -0.15   0.00   3000  0
152.46  1    -13.89    5.38    0      2    0   0x0015B106    2.5  -0.15   0.00   3000  0
152.48  1    -13.78    5.42    0      2    0   0x80158506    2.5  -0.15   0.00   3000  0
152.50  1    -13.67    5.44    0      2    0   0x80155D06    2.5  -0.15   0.00   3000  0
152.52  1    -13.56    5.47    0      2    0   0x80153106    2.5  -0.15   0.00   3000  0
152.54  1    -13.45    5.49    0      2    0   0x00150506    2.5  -0.15   0.00   3000  0
152.56  1    -13.34    5.51    0      2    0   0x0014D906    2.4  -0.15   0.00   3000  0
152.58  1    -13.23    5.50    0      2    0   0x0014AD06    2.4  -0.15   0.00   3000  0
152.60  1    -13.12    5.48    0      2    0   0x80148106    2.4  -0.14   0.00   3000  0
152.62  1    -13.01    5.45    0      2    0   0x80145506    2.4  -0.14   0.00   3000  0
152.64  1    -12.90    5.42    0      2    0   0x00142906    2.4  -0.14   0.00   3000  0
152.66  1    -12.80    5.40    0      2    0   0x8013FD06    2.3  -0.14   0.00   3000  0
152.68  1    -12.69    5.38    0      2    0   0x0013D106    2.3  -0.14   0.00   3000  0
152.70  1    -12.58    5.35    0      2    0   0x0013A906    2.3  -0.14   0.00   3000  0
152.72  1    -12.48    5.33    0      2    0   0x00137D06    2.3  -0.14   0.00   3000  0
152.74  1    -12.37    5.33    0      2    0   0x80135106    2.3  -0.14   0.00   3000  0
152.76  1    -12.26    5.35    0      2    0   0x80132906    2.2  -0.13   0.00   3000  0
152.78  1    -12.15    5.37    0      2    0   0x0012FD06    2.2  -0.13   0.00   3000  0
152.80  1    -12.05    5.39    0      2    0   0x8012D106    2.2  -0.13   0.00   3000  0
152.82  1    -11.94    5.41    0      2    0   0x8012A506    2.2  -0.13   0.00   3000  0
152.84  1    -11.83    5.43    0      2    0   0x80127D06    2.2  -0.13   0.00   3000  0
152.86  1    -11.72    5.46    0      2    0   0x00125106    2.1  -0.13   0.00   3000  0
152.88  1    -11.61    5.47    0      2    0   0x00122506    2.1  -0.13   0.00   3000  0
152.90  1    -11.50    5.47    0      2    0   0x8011F906    2.1  -0.13   0.00   3000  0
152.92  1    -11.39    5.46    0      2    0   0x0011CD06    2.1  -0.13   0.00   3000  0
152.94  1    -11.28    5.45    0      2    0   0x0011A106    2.1  -0.12   0.00   3000  0
152.96  1    -11.17    5.44    0      2    0   0x00117506    2.0  -0.12   0.00   3000  0
152.98  1    -11.07    5.42    0      2    0   0x00114906    2.0  -0.12   0.00   3000  0
153.00  1    -10.96    5.40    0      2    0   0x80111D06    2.0  -0.12   0.00   3000  0
153.02  1    -10.85    5.37    0      2    0   0x0010F506    2.0  -0.12   0.00   3000  0
153.04  1    -10.74    5.36    0      2    0   0x0010C906    2.0  -0.12   0.00   3000  0
153.06  1    -10.64    5.37    0      2    0   0x80109D06    1.9  -0.12   0.00   3000  0
153.08  1    -10.53    5.37    0      2    0   0x00107106    1.9  -0.12   0.00   3000  0
153.10  1    -10.42    5.37    0      2    0   0x80104906    1.9  -0.11   0.00   3000  0
153.12  1    -10.31    5.37    0      2    0   0x00101D06    1.9  -0.11   0.00   3000  0
153.14  1    -10.21    5.39    0      2    0   0x000FF106    1.9  -0.11   0.00   3000  0
153.16  1    -10.10    5.42    0      2    0   0x800FC506    1.8  -0.11   0.00   3000  0
153.18  1     -9.99    5.44    0      2    0   0x800F9906    1.8  -0.11   0.00   3000  0
153.20  1     -9.88    5.44    0      2    0   0x800F7106    1.8  -0.11   0.00   3000  0
153.22  1     -9.77    5.44    0      2    0   0x000F4506    1.8  -0.11   0.00   3000  0
153.24  1     -9.66    5.45    0      2    0   0x000F1906    1.8  -0.11   0.00   3000  0
153.26  1     -9.55    5.45    0      2    0   0x000EED06    1.7  -0.10   0.00   3000  0
153.28  1     -9.44    5.45    0      2    0   0x800EC106    1.7  -0.10   0.00   3000  0
153.30  1     -9.34    5.43    0      2    0   0x000E9506    1.7  -0.10   0.00   3000  0
153.32  1     -9.23    5.41    0      2    0   0x000E6906    1.7  -0.10   0.00   3000  0
153.34  1     -9.12    5.39    0      2    0   0x000E4106    1.7  -0.10   0.00   3000  0
153.36  1     -9.01    5.40    0      2    0   0x800E1506    1.6  -0.10   0.00   3000  0
153.38  1     -8.90    5.41    0      2    0   0x800DE906    1.6  -0.10   0.00   3000  0
153.40  1     -8.80    5.41    0      2    0   0x000DBD06    1.6  -0.10   0.00   3000  0
153.42  1     -8.69    5.41    0      2    0   0x800D9106    1.6  -0.10   0.00   3000  0
153.44  1     -8.58    5.41    0      2    0   0x000D6506    1.6  -0.09   0.00   3000  0
153.46  1     -8.47    5.41    0      2    0   0x800D3D06    1.5  -0.09   0.00   3000  0
153.48  1     -8.36    5.43    0      2    0   0x000D1106    1.5  -0.09   0.00   3000  0
153.50  1     -8.25    5.43    0      2    0   0x000CE506    1.5  -0.09   0.00   3000  0
153.52  1     -8.15    5.42    0      2    0   0x000CB906    1.5  -0.09   0.00   3000  0
153.54  1     -8.04    5.41    0      2    0   0x800C8D06    1.5  -0.09   0.00   3000  0
153.56  1     -7.93    5.41    0      2    0   0x000C6106    1.4  -0.09   0.00   3000  0
153.58  1     -7.82    5.42    0      2    0   0x800C3906    1.4  -0.09   0.00   3000  0
153.60  1     -7.71    5.41    0      2    0   0x000C0D06    1.4  -0.08   0.00   3000  0
153.62  1     -7.60    5.40    0      2    0   0x000BE106    1.4  -0.08   0.00   3000  0
153.64  1     -7.50    5.39    0      2    0   0x800BB506    1.4  -0.08   0.00   3000  0
153.66  1     -7.39    5.39    0      2    0   0x800B8906    1.3  -0.08   0.00   3000  0
153.68  1     -7.28    5.41    0      2    0   0x800B6106    1.3  -0.08   0.00   3000  0
153.70  1     -7.17    5.41    0      2    0   0x000B3506    1.3  -0.08   0.00   3000  0
153.72  1     -7.06    5.40    0      2    0   0x000B0906    1.3  -0.08   0.00   3000  0
153.74  1     -6.96    5.40    0      2    0   0x800ADD06    1.3  -0.08   0.00   3000  0
153.76  1     -6.85    5.41    0      2    0   0x800AB106    1.2  -0.07   0.00   3000  0
153.78  1     -6.74    5.42    0      2    0   0x000A8506    1.2  -0.07   0.00   3000  0
153.80  1     -6.63    5.42    0      2    0   0x000A5D06    1.2  -0.07   0.00   3000  0
153.82  1     -6.52    5.42    0      2    0   0x000A3106    1.2  -0.07   0.00   3000  0
153.84  1     -6.41    5.41    0      2    0   0x800A0506    1.2  -0.07   0.00   3000  0
153.86  1     -6.31    5.41    0      2    0   0x0009D906    1.1  -0.07   0.00   3000  0
153.88  1     -6.20    5.42    0      2    0   0x0009AD06    1.1  -0.07   0.00   3000  0
153.90  1     -6.09    5.42    0      2    0   0x80098106    1.1  -0.07   0.00   3000  0
153.92  1     -5.98    5.41    0      2    0   0x80095906    1.1  -0.07   0.00   3000  0
153.94  1     -5.87    5.40    0      2    0   0x80092D06    1.1  -0.06   0.00   3000  0
153.96  1     -5.77    5.40    0      2    0   0x00090106    1.0  -0.06   0.00   3000  0
153.98  1     -5.66    5.41    0      2    0   0x8008D506    1.0  -0.06   0.00   3000  0
154.00  1     -5.55    5.41    0      2    0   0x0008A906    1.0  -0.06   0.00   3000  0
154.02  1     -5.44    5.40    0      2    0   0x00088106    1.0  -0.06   0.00   3000  0
154.04  1     -5.33    5.40    0      2    0   0x00085506    1.0  -0.06   0.00   3000  0
154.06  1     -5.22    5.40    0      2    0   0x80082906    0.9  -0.06   0.00   3000  0
154.08  1     -5.12    5.42    0      2    0   0x8007FD06    0.9  -0.06   0.00   3000  0
154.10  1     -5.01    5.42    0      2    0   0x0007D106    0.9  -0.05   0.00   3000  0
154.12  1     -4.90    5.41    0      2    0   0x0007A506    0.9  -0.05   0.00   3000  0
154.14  1     -4.79    5.41    0      2    0   0x00077D06    0.9  -0.05   0.00   3000  0
154.16  1     -4.68    5.41    0      2    0   0x80075106    0.8  -0.05   0.00   3000  0
154.18  1     -4.58    5.42    0      2    0   0x80072506    0.8  -0.05   0.00   3000  0
154.20  1     -4.47    5.42    0      2    0   0x8006F906    0.8  -0.05   0.00   3000  0
154.22  1     -4.36    5.41    0      2    0   0x0006CD06    0.8  -0.05   0.00   3000  0
154.24  1     -4.25    5.40    0      2    0   0x8006A506    0.8  -0.05   0.00   3000  0
154.26  1     -4.14    5.40    0      2    0   0x00067906    0.7  -0.04   0.00   3000  0
154.28  1     -4.03    5.41    0      2    0   0x80064D06    0.7  -0.04   0.00   3000  0
154.30  1     -3.93    5.41    0      2    0   0x80062106    0.7  -0.04   0.00   3000  0
154.32  1     -3.82    5.40    0      2    0   0x8005F506    0.7  -0.04   0.00   3000  0
154.34  1     -3.71    5.40    0      2    0   0x8005C906    0.7  -0.04   0.00   3000  0
154.36  1     -3.60    5.40    0      2    0   0x0005A106    0.6  -0.04   0.00   3000  0
154.38  1     -3.49    5.41    0      2    0   0x00057506    0.6  -0.04   0.00   3000  0
154.40  1     -3.39    5.41    0      2    0   0x00054906    0.6  -0.04   0.00   3000  0
154.42  1     -3.28    5.41    0      2    0   0x80051D06    0.6  -0.04   0.00   3000  0
154.44  1     -3.17    5.40    0      2    0   0x8004F106    0.6  -0.03   0.00   3000  0
154.46  1     -3.06    5.41    0      2    0   0x0004C906    0.5  -0.03   0.00   3000  0
154.48  1     -2.95    5.42    0      2    0   0x80049D06    0.5  -0.03   0.00   3000  0
154.50  1     -2.84    5.42    0      2    0   0x00047106    0.5  -0.03   0.00   3000  0
154.52  1     -2.74    5.41    0      2    0   0x80044506    0.5  -0.03   0.00   3000  0
154.54  1     -2.63    5.41    0      2    0   0x80041906    0.5  -0.03   0.00   3000  0
154.56  1     -2.52    5.41    0      2    0   0x8003ED06    0.4  -0.03   0.00   3000  0
154.58  1     -2.41    5.42    0      2    0   0x8003C506    0.4  -0.03   0.00   3000  0
154.60  1     -2.30    5.42    0      2    0   0x80039906    0.4  -0.02   0.00   3000  0
154.62  1     -2.19    5.41    0      2    0   0x00036D06    0.4  -0.02   0.00   3000  0
154.64  1     -2.09    5.40    0      2    0   0x80034106    0.4  -0.02   0.00   3000  0
154.66  1     -1.98    5.40    1      2    0   0x00031506    0.3  -0.02   0.00   3000  0
154.68  1     -1.87    5.41    1      2    0   0x0002ED06    0.3  -0.02   0.00   3000  0
154.70  1     -1.76    5.41    1      2    0   0x8002C106    0.3  -0.02   0.00   3000  0
154.72  1     -1.65    5.41    1      2    0   0x00029506    0.3  -0.02   0.00   3000  0
154.74  1     -1.55    5.40    1      2    0   0x00026906    0.3  -0.02   0.00   3000  0
154.76  1     -1.44    5.40    1      2    0   0x80023D06    0.2  -0.01   0.00   3000  0
154.78  1     -1.33    5.42    1      2    0   0x00021106    0.2  -0.01   0.00   3000  0
154.80  1     -1.22    5.42    1      2    0   0x8001E906    0.2  -0.01   0.00   3000  0
154.82  1     -1.11    5.41    1      2    0   0x0001BD06    0.2  -0.01   0.00   3000  0
154.84  1     -1.00    5.41    1      2    0   0x80019106    0.2  -0.01   0.00   3000  0
154.86  1     -0.90    5.41    1      2    0   0x00016506    0.1  -0.01   0.00   3000  0
154.88  1     -0.79    5.42    1      2    0   0x00013906    0.1  -0.01   0.00   3000  0
154.90  1     -0.68    5.42    1      2    0   0x80010D06    0.1  -0.01   0.00   3000  0
154.92  1     -0.57    5.41    1      2    0   0x0000E506    0.1  -0.01   0.00   3000  0
154.94  1     -0.46    5.40    1      2    0   0x0000B906    0.1  -0.00   0.00   3000  0
154.96  1     -0.36    5.40    1      2    0   0x80008D06    0.0  -0.00   0.00   3000  0
154.98  1     -0.25    5.41    1      2    0   0x00006106    0.0  -0.00   0.00   3000  0
155.00  1     -0.14    5.41    1      2    0   0x80003506    0.0  -0.00   0.00   3000  0
155.02  1     -0.03    5.20    1      2    0   0x00000D06    0.0   0.00   0.00   3000  0
155.04  1      0.06    4.60    1      2    0   0x80001406    0.0   0.00   0.00   3000  0
155.06  1      0.13    3.57    1      2    0   0x80003006    0.0   0.00   0.00   3000  0
155.08  1      0.17    2.16    1      2    0   0x80004406    0.0   0.00   0.00   3000  0
155.10  1      0.18    0.56    1      2    0   0x80004806    0.0   0.00   0.00   3000  0
155.12  1      0.16   -1.04    1      2    0   0x00004006    0.0   0.00   0.00   3000  0
155.14  1      0.11   -2.42    1      2    0   0x00002C06    0.0   0.00   0.00   3000  0
155.16  1      0.05   -3.42    1      2    0   0x00001006    0.0   0.00   0.00   3000  0
155.18  1     -0.03   -3.91    1      2    0   0x00000D06    0.0   0.00   0.00   3000  0
155.20  1     -0.11   -3.86    1      2    0   0x00002906    0.0   0.00   0.00   3000  0
155.22  1     -0.18   -3.29    1      2    0   0x00004506    0.0   0.00   0.00   3000  0
155.24  1     -0.22   -2.31    1      2    0   0x80005906    0.0   0.00   0.00   3000  0
155.26  1     -0.24   -1.06    1      2    0   0x00006106    0.0   0.00   0.00   3000  0
155.28  1     -0.24    0.28    1      2    0   0x00005D06    0.0   0.00   0.00   3000  0
155.30  1     -0.21    1.52    1      2    0   0x00005106    0.0   0.00   0.00   3000  0
155.32  1     -0.16    2.50    1      2    0   0x00003D06    0.0   0.00   0.00   3000  0
155.34  1     -0.10    3.10    1      2    0   0x00002506    0.0   0.00   0.00   3000  0
155.36  1     -0.03    3.26    1      2    0   0x00000D06    0.0   0.00   0.00   3000  0
155.38  1      0.03    2.97    1      2    0   0x00000806    0.0   0.00   0.00   3000  0
155.40  1      0.08    2.30    1      2    0   0x00001C06    0.0   0.00   0.00   3000  0
155.42  1      0.10    1.35    1      2    0   0x80002806    0.0   0.00   0.00   3000  0
155.44  1      0.11    0.26    1      2    0   0x80002806    0.0   0.00   0.00   3000  0
155.46  1      0.09   -0.81    1      2    0   0x80002406    0.0   0.00   0.00   3000  0
155.48  1      0.06   -1.73    1      2    0   0x80001406    0.0   0.00   0.00   3000  0
155.50  1      0.01   -2.37    1      2    0   0x80000006    0.0   0.00   0.00   3000  0
155.52  1     -0.04   -2.67    1      2    0   0x80001106    0.0   0.00   0.00   3000  0
155.54  1     -0.10   -2.59    1      2    0   0x00002506    0.0   0.00   0.00   3000  0
155.56  1     -0.14   -2.17    1      2    0   0x80003506    0.0   0.00   0.00   3000  0
155.58  1     -0.17   -1.48    1      2    0   0x80004106    0.0   0.00   0.00   3000  0
155.60  1     -0.18   -0.62    1      2    0   0x00004906    0.0   0.00   0.00   3000  0
155.62  1     -0.18    0.29    1      2    0   0x00004506    0.0   0.00   0.00   3000  0
155.64  1     -0.15    1.11    1      2    0   0x00003D06    0.0   0.00   0.00   3000  0
155.66  1     -0.12    1.75    1      2    0   0x80002D06    0.0   0.00   0.00   3000  0
155.68  1     -0.08    2.13    1      2    0   0x80001D06    0.0   0.00   0.00   3000  0
155.70  1     -0.03    2.20    1      2    0   0x00000D06    0.0   0.00   0.00   3000  0
155.72  1      0.01    1.98    1      2    0   0x80000006    0.0   0.00   0.00   3000  0
155.74  1      0.04    1.50    1      2    0   0x80000C06    0.0   0.00   0.00   3000  0
155.76  1      0.05    0.84    1      2    0   0x80001406    0.0   0.00   0.00   3000  0
155.78  1      0.06    0.10    1      2    0   0x80001406    0.0   0.00   0.00   3000  0
155.80  1      0.04   -0.62    1      2    0   0x00001006    0.0   0.00   0.00   3000  0
155.82  1      0.02   -1.23    1      2    0   0x00000406    0.0   0.00   0.00   3000  0
155.84  1     -0.01   -1.64    1      2    0   0x80000506    0.0   0.00   0.00   3000  0
155.86  1     -0.05   -1.81    1      2    0   0x80001106    0.0   0.00   0.00   3000  0
155.88  1     -0.08   -1.74    1      2    0   0x80002106    0.0   0.00   0.00   3000  0
155.90  1     -0.11   -1.43    1      2    0   0x80002D06    0.0   0.00   0.00   3000  0
155.92  1     -0.13   -0.94    1      2    0   0x80003506    0.0   0.00   0.00   3000  0
155.94  1     -0.14   -0.35    1      2    0   0x80003506    0.0   0.00   0.00   3000  0
155.96  1     -0.13    0.26    1      2    0   0x80003506    0.0   0.00   0.00   3000  0
155.98  1     -0.12    0.81    1      2    0   0x80002D06    0.0   0.00   0.00   3000  0
156.00  1     -0.09    1.23    1      2    0   0x00002506    0.0   0.00   0.00   3000  0
156.02  1     -0.06    1.46    1      2    0   0x00001906    0.0   0.00   0.00   3000  0
156.04  1     -0.03    1.49    1      2    0   0x00000D06    0.0   0.00   0.00   3000  0
156.06  1     -0.01    1.31    1      2    0   0x00000106    0.0   0.00   0.00   3000  0
156.08  1      0.01    0.97    1      2    0   0x00000406    0.0   0.00   0.00   3000  0
156.10  1      0.02    0.52    1      2    0   0x00000806    0.0   0.00   0.00   3000  0
156.12  1      0.02    0.01    1      2    0   0x00000806    0.0   0.00   0.00   3000  0
156.14  1      0.01   -0.47    1      2    0   0x00000406    0.0   0.00   0.00   3000  0
156.16  1     -0.00   -0.87    1      2    0   0x00000106    0.0   0.00   0.00   3000  0
156.18  1     -0.03   -1.13    1      2    0   0x80000906    0.0   0.00   0.00   3000  0
156.20  1     -0.05   -1.23    1      2    0   0x00001506    0.0   0.00   0.00   3000  0
156.22  1     -0.07   -1.16    1      2    0   0x80001D06    0.0   0.00   0.00   3000  0
156.24  1     -0.09   -0.94    1      2    0   0x00002506    0.0   0.00   0.00   3000  0
156.26  1     -0.11   -0.60    1      2    0   0x00002906    0.0   0.00   0.00   3000  0
156.28  1     -0.11   -0.19    1      2    0   0x00002906    0.0   0.00   0.00   3000  0
156.30  1     -0.10    0.22    1      2    0   0x00002906    0.0   0.00   0.00   3000  0
156.32  1     -0.09    0.59    1      2    0   0x00002506    0.0   0.00   0.00   3000  0
156.34  1     -0.08    0.86    1      2    0   0x80001D06    0.0   0.00   0.00   3000  0
156.36  1     -0.06    1.00    1      2    0   0x00001506    0.0   0.00   0.00   3000  0
156.38  1     -0.04    1.00    1      2    0   0x00000D06    0.0   0.00   0.00   3000  0
156.40  1     -0.02    0.87    1      2    0   0x80000506    0.0   0.00   0.00   3000  0
156.42  1     -0.01    0.63    1      2    0   0x00000106    0.0   0.00   0.00   3000  0
156.44  1      0.00    0.31    1      2    0   0x80000006    0.0   0.00   0.00   3000  0
156.46  1     -0.00   -0.03    1      2    0   0x00000106    0.0   0.00   0.00   3000  0
156.48  1     -0.01   -0.35    1      2    0   0x00000106    0.0   0.00   0.00   3000  0
156.50  1     -0.02   -0.61    1      2    0   0x80000506    0.0   0.00   0.00   3000  0
156.52  1     -0.04   -0.78    1      2    0   0x00000D06    0.0   0.00   0.00   3000  0
156.54  1     -0.05   -0.84    1      2    0   0x00001506    0.0   0.00   0.00   3000  0
156.56  1     -0.07   -0.78    1      2    0   0x00001906    0.0   0.00   0.00   3000  0
156.58  1     -0.08   -0.61    1      2    0   0x80001D06    0.0   0.00   0.00   3000  0
156.60  1     -0.09   -0.38    1      2    0   0x80002106    0.0   0.00   0.00   3000  0
156.62  1     -0.09   -0.10    1      2    0   0x80002106    0.0   0.00   0.00   3000  0
156.64  1     -0.09    0.18    1      2    0   0x80002106    0.0   0.00   0.00   3000  0
156.66  1     -0.08    0.42    1      2    0   0x80001D06    0.0   0.00   0.00   3000  0
156.68  1     -0.07    0.60    1      2    0   0x00001906    0.0   0.00   0.00   3000  0
156.70  1     -0.05    0.68    1      2    0   0x00001506    0.0   0.00   0.00   3000  0
156.72  1     -0.04    0.68    1      2    0   0x00000D06    0.0   0.00   0.00   3000  0
156.74  1     -0.03    0.58    1      2    0   0x80000906    0.0   0.00   0.00   3000  0
156.76  1     -0.02    0.41    1      2    0   0x80000506    0.0   0.00   0.00   3000  0
156.78  1     -0.01    0.19    1      2    0   0x80000506    0.0   0.00   0.00   3000  0
156.80  1     -0.02   -0.04    1      2    0   0x80000506    0.0   0.00   0.00   3000  0
156.82  1     -0.02   -0.26    1      2    0   0x80000906    0.0   0.00   0.00   3000  0
156.84  1     -0.03   -0.43    1      2    0   0x80000906    0.0   0.00   0.00   3000  0
156.86  1     -0.04   -0.54    1      2    0   0x00000D06    0.0   0.00   0.00   3000  0
156.88  1     -0.05   -0.57    1      2    0   0x00001506    0.0   0.00   0.00   3000  0
156.90  1     -0.06   -0.52    1      2    0   0x00001906    0.0   0.00   0.00   3000  0
156.92  1     -0.07   -0.40    1      2    0   0x00001906    0.0   0.00   0.00   3000  0
156.94  1     -0.07   -0.23    1      2    0   0x80001D06    0.0   0.00   0.00   3000  0
156.96  1     -0.08   -0.05    1      2    0   0x80001D06    0.0   0.00   0.00   3000  0
156.98  1     -0.07    0.14    1      2    0   0x80001D06    0.0   0.00   0.00   3000  0
157.00  1     -0.07    0.30    1      2    0   0x00001906    0.0   0.00   0.00   3000  0
157.02  1     -0.06    0.41    1      2    0   0x00001506    0.0   0.00   0.00   3000  0
157.04  1     -0.05    0.47    1      2    0   0x80001106    0.0   0.00   0.00   3000  0
157.06  1     -0.04    0.45    1      2    0   0x00000D06    0.0   0.00   0.00   3000  0
157.08  1     -0.03    0.38    1      2    0   0x00000D06    0.0   0.00   0.00   3000  0
157.10  1     -0.03    0.26    1      2    0   0x80000906    0.0   0.00   0.00   3000  0
157.12  1     -0.02    0.11    1      2    0   0x80000906    0.0   0.00   0.00   3000  0
157.14  1     -0.03   -0.05    1      2    0   0x80000906    0.0   0.00   0.00   3000  0
157.16  1     -0.03   -0.19    1      2    0   0x80000906    0.0   0.00   0.00   3000  0
157.18  1     -0.04   -0.30    1      2    0   0x00000D06    0.0   0.00   0.00   3000  0
157.20  1     -0.04   -0.37    1      2    0   0x80001106    0.0   0.00   0.00   3000  0
157.22  1     -0.05   -0.38    1      2    0   0x00001506    0.0   0.00   0.00   3000  0
157.24  1     -0.06   -0.34    1      2    0   0x00001506    0.0   0.00   0.00   3000  0
157.26  1     -0.06   -0.26    1      2    0   0x00001906    0.0   0.00   0.00   3000  0
157.28  1     -0.07   -0.15    1      2    0   0x00001906    0.0   0.00   0.00   3000  0
157.30  1     -0.07   -0.02    1      2    0   0x00001906    0.0   0.00   0.00   3000  0
157.32  1     -0.06    0.11    1      2    0   0x00001906    0.0   0.00   0.00   3000  0
157.34  1     -0.06    0.22    1      2    0   0x00001506    0.0   0.00   0.00   3000  0
157.36  1     -0.05    0.29    1      2    0   0x00001506    0.0   0.00   0.00   3000  0
157.38  1     -0.05    0.32    1      2    0   0x80001106    0.0   0.00   0.00   3000  0
157.40  1     -0.04    0.31    1      2    0   0x80001106    0.0   0.00   0.00   3000  0
157.42  1     -0.04    0.25    1      2    0   0x00000D06    0.0   0.00   0.00   3000  0
157.44  1     -0.03    0.17    1      2    0   0x00000D06    0.0   0.00   0.00   3000  0
157.46  1     -0.03    0.06    1      2    0   0x00000D06    0.0   0.00   0.00   3000  0
157.48  1     -0.03   -0.04    1      2    0   0x00000D06    0.0   0.00   0.00   3000  0
157.50  1     -0.03   -0.14    1      2    0   0x00000D06    0.0   0.00   0.00   3000  0
157.52  1     -0.04   -0.21    1      2    0   0x00000D06    0.0   0.00   0.00   3000  0
157.54  1     -0.04   -0.25    1      2    0   0x80001106    0.0   0.00   0.00   3000  0
157.56  1     -0.05   -0.26    1      2    0   0x80001106    0.0   0.00   0.00   3000  0
157.58  1     -0.05   -0.23    1      2    0   0x00001506    0.0   0.00   0.00   3000  0
157.60  1     -0.06   -0.17    1      2    0   0x00001506    0.0   0.00   0.00   3000  0
157.62  1     -0.06   -0.09    1      2    0   0x00001506    0.0   0.00   0.00   3000  0
157.64  1     -0.06   -0.00    1      2    0   0x00001506    0.0   0.00   0.00   3000  0
157.66  1     -0.06    0.08    1      2    0   0x00001506    0.0   0.00   0.00   3000  0
157.68  1     -0.05    0.15    1      2    0   0x00001506    0.0   0.00   0.00   3000  0
157.70  1     -0.05    0.20    1      2    0   0x00001506    0.0   0.00   0.00   3000  0
157.72  1     -0.05    0.22    1      2    0   0x80001106    0.0   0.00   0.00   3000  0
157.74  1     -0.04    0.21    1      2    0   0x80001106    0.0   0.00   0.00   3000  0
157.76  1     -0.04    0.17    1      2    0   0x00000D06    0.0   0.00   0.00   3000  0
157.78  1     -0.04    0.11    1      2    0   0x00000D06    0.0   0.00   0.00   3000  0
157.80  1     -0.04    0.04    1      2    0   0x00000D06    0.0   0.00   0.00   3000  0
157.82  1     -0.04   -0.04    1      2    0   0x00000D06    0.0   0.00   0.00   3000  0
157.84  1     -0.04   -0.10    1      2    0   0x00000D06    0.0   0.00   0.00   3000  0
157.86  1     -0.04   -0.15    1      2    0   0x80001106    0.0   0.00   0.00   3000  0
157.88  1     -0.04   -0.17    1      2    0   0x80001106    0.0   0.00   0.00   3000  0
157.90  1     -0.05   -0.17    1      2    0   0x80001106    0.0   0.00   0.00   3000  0
157.92  1     -0.05   -0.15    1      2    0   0x00001506    0.0   0.00   0.00   3000  0
157.94  1     -0.05   -0.11    1      2    0   0x00001506    0.0   0.00   0.00   3000  0
157.96  1     -0.05   -0.05    1      2    0   0x00001506    0.0   0.00   0.00   3000  0
157.98  1     -0.05    0.01    1      2    0   0x00001506    0.0   0.00   0.00   3000  0
158.00  1     -0.05    0.06    1      2    0   0x00001506    0.0   0.00   0.00   3000  0
158.02  1     -0.05    0.11    1      2    0   0x00001506    0.0   0.00   0.00   3000  0
158.04  1     -0.05    0.14    1      2    0   0x80001106    0.0   0.00   0.00   3000  0
158.06  1     -0.04    0.15    1      2    0   0x80001106    0.0   0.00   0.00   3000  0
158.08  1     -0.04    0.14    1      2    0   0x80001106    0.0   0.00   0.00   3000  0
158.10  1     -0.04    0.11    1      2    0   0x00000D06    0.0   0.00   0.00   3000  0
158.12  1     -0.04    0.07    1      2    0   0x00000D06    0.0   0.00   0.00   3000  0
158.14  1     -0.04    0.02    1      2    0   0x00000D06    0.0   0.00   0.00   3000  0
158.16  1     -0.04   -0.03    1      2    0   0x00000D06    0.0   0.00   0.00   3000  0
158.18  1     -0.04   -0.07    1      2    0   0x80001106    0.0   0.00   0.00   3000  0
158.20  1     -0.04   -0.10    1      2    0   0x80001106    0.0   0.00   0.00   3000  0
158.22  1     -0.04   -0.12    1      2    0   0x80001106    0.0   0.00   0.00   3000  0
158.24  1     -0.05   -0.12    1      2    0   0x80001106    0.0   0.00   0.00   3000  0
158.26  1     -0.05   -0.10    1      2    0   0x80001106    0.0   0.00   0.00   3000  0
158.28  1     -0.05   -0.07    1      2    0   0x00001506    0.0   0.00   0.00   3000  0
158.30  1     -0.05   -0.03    1      2    0   0x00001506    0.0   0.00   0.00   3000  0
158.32  1     -0.05    0.01    1      2    0   0x00001506    0.0   0.00   0.00   3000  0
158.34  1     -0.05    0.05    1      2    0   0x80001106    0.0   0.00   0.00   3000  0
158.36  1     -0.05    0.08    1      2    0   0x80001106    0.0   0.00   0.00   3000  0
158.38  1     -0.05    0.10    1      2    0   0x80001106    0.0   0.00   0.00   3000  0
158.40  1     -0.04    0.10    1      2    0   0x80001106    0.0   0.00   0.00   3000  0
158.42  1     -0.04    0.09    1      2    0   0x80001106    0.0   0.00   0.00   3000  0
158.44  1     -0.04    0.07    1      2    0   0x80001106    0.0   0.00   0.00   3000  0
158.46  1     -0.04    0.04    1      2    0   0x80001106    0.0   0.00   0.00   3000  0
158.48  1     -0.04    0.01    1      2    0   0x00000D06    0.0   0.00   0.00   3000  0
158.50  1     -0.04   -0.02    1      2    0   0x80001106    0.0   0.00   0.00   3000  0
158.52  1     -0.04   -0.05    1      2    0   0x80001106    0.0   0.00   0.00   3000  0
158.54  1     -0.04   -0.07    1      2    0   0x80001106    0.0   0.00   0.00   3000  0
158.56  1     -0.04   -0.08    1      2    0   0x80001106    0.0   0.00   0.00   3000  0
158.58  1     -0.05   -0.08    1      2    0   0x80001106    0.0   0.00   0.00   3000  0
158.60  1     -0.05   -0.06    1      2    0   0x80001106    0.0   0.00   0.00   3000  0
158.62  1     -0.05   -0.04    1      2    0   0x80001106    0.0   0.00   0.00   3000  0
158.64  1     -0.05   -0.02    1      2    0   0x80001106    0.0   0.00   0.00   3000  0
158.66  1     -0.05    0.01    1      2    0   0x80001106    0.0   0.00   0.00   3000  0
158.68  1     -0.05    0.04    1      2    0   0x80001106    0.0   0.00   0.00   3000  0
158.70  1     -0.05    0.05    1      2    0   0x80001106    0.0   0.00   0.00   3000  0
158.72  1     -0.04    0.07    1      2    0   0x80001106    0.0   0.00   0.00   3000  0
158.74  1     -0.04    0.07    1      2    0   0x80001106    0.0   0.00   0.00   3000  0
158.76  1     -0.04    0.06    1      2    0   0x80001106    0.0   0.00   0.00   3000  0
158.78  1     -0.04    0.05    1      2    0   0x80001106    0.0   0.00   0.00   3000  0
158.80  1     -0.04    0.03    1      2    0   0x80001106    0.0   0.00   0.00   3000  0
158.82  1     -0.04    0.01    1      2    0   0x80001106    0.0   0.00   0.00   3000  0
158.84  1     -0.04   -0.02    1      2    0   0x80001106    0.0   0.00   0.00   3000  0
158.86  1     -0.04   -0.04    1      2    0   0x80001106    0.0   0.00   0.00   3000  0
158.88  1     -0.04   -0.05    1      2    0   0x80001106    0.0   0.00   0.00   3000  0
158.90  1     -0.04   -0.05    1      2    0   0x80001106    0.0   0.00   0.00   3000  0
158.92  1     -0.04   -0.05    1      2    0   0x80001106    0.0   0.00   0.00   3000  0
158.94  1     -0.05   -0.04    1      2    0   0x80001106    0.0   0.00   0.00   3000  0
158.96  1     -0.05   -0.03    1      2    0   0x80001106    0.0   0.00   0.00   3000  0
158.98  1     -0.05   -0.01    1      2    0   0x80001106    0.0   0.00   0.00   3000  0
159.00  1     -0.05    0.01    1      2    0   0x80001106    0.0   0.00   0.00   3000  0
159.02  1     -0.05    0.03    1      2    0   0x80001106    0.0   0.00   0.00   3000  0
159.04  1     -0.04    0.04    1      2    0   0x80001106    0.0   0.00   0.00   3000  0
159.06  1     -0.04    0.05    1      2    0   0x80001106    0.0   0.00   0.00   3000  0
159.08  1     -0.04    0.05    1      2    0   0x80001106    0.0   0.00   0.00   3000  0
159.10  1     -0.04    0.04    1      2    0   0x80001106    0.0   0.00   0.00   3000  0
159.12  1     -0.04    0.03    1      2    0   0x80001106    0.0   0.00   0.00   3000  0
159.14  1     -0.04    0.02    1      2    0   0x80001106    0.0   0.00   0.00   3000  0
159.16  1     -0.04    0.00    1      2    0   0x80001106    0.0   0.00   0.00   3000  0
159.18  1     -0.04   -0.01    1      2    0   0x80001106    0.0   0.00   0.00   3000  0
159.20  1     -0.04   -0.02    1      2    0   0x80001106    0.0   0.00   0.00   3000  0
159.22  1     -0.04   -0.03    1      2    0   0x80001106    0.0   0.00   0.00   3000  0
159.24  1     -0.04   -0.04    1      2    0   0x80001106    0.0   0.00   0.00   3000  0
159.26  1     -0.04   -0.03    1      2    0   0x80001106    0.0   0.00   0.00   3000  0
159.28  1     -0.04   -0.03    1      2    0   0x80001106    0.0   0.00   0.00   3000  0
159.30  1     -0.04   -0.02    1      2    0   0x80001106    0.0   0.00   0.00   3000  0
159.32  1     -0.04   -0.00    1      2    0   0x80001106    0.0   0.00   0.00   3000  0
159.34  1     -0.04    0.01    1      2    0   0x80001106    0.0   0.00   0.00   3000  0
159.36  1     -0.04    0.02    1      2    0   0x80001106    0.0   0.00   0.00   3000  0
159.38  1     -0.04    0.03    1      2    0   0x80001106    0.0   0.00   0.00   3000  0
159.40  1     -0.04    0.03    1      2    0   0x80001106    0.0   0.00   0.00   3000  0
159.42  1     -0.04    0.03    1      2    0   0x80001106    0.0   0.00   0.00   3000  0
159.44  1     -0.04    0.03    1      2    0   0x80001106    0.0   0.00   0.00   3000  0
159.46  1     -0.04    0.02    1      2    0   0x80001106    0.0   0.00   0.00   3000  0
159.48  1     -0.04    0.01    1      2    0   0x80001106    0.0   0.00   0.00   3000  0
159.50  1     -0.04    0.00    1      2    0   0x80001106    0.0   0.00   0.00   3000  0
159.52  1     -0.04   -0.01    1      2    0   0x80001106    0.0   0.00   0.00   3000  0
159.54  1     -0.04   -0.02    1      2    0   0x80001106    0.0   0.00   0.00   3000  0
159.56  1     -0.04   -0.02    1      2    0   0x80001106    0.0   0.00   0.00   3000  0
159.58  1     -0.04   -0.02    1      2    0   0x80001106    0.0   0.00   0.00   3000  0
159.60  1     -0.04   -0.02    1      2    0   0x80001106    0.0   0.00   0.00   3000  0
159.62  1     -0.04   -0.02    1      2    0   0x80001106    0.0   0.00   0.00   3000  0
159.64  1     -0.04   -0.01    1      2    0   0x80001106    0.0   0.00   0.00   3000  0
159.66  1     -0.04   -0.00    1      2    0   0x80001106    0.0   0.00   0.00   3000  0
159.68  1     -0.04    0.01    1      2    0   0x80001106    0.0   0.00   0.00   3000  0
159.70  1     -0.04    0.01    1      2    0   0x80001106    0.0   0.00   0.00   3000  0
159.72  1     -0.04    0.02    1      2    0   0x80001106    0.0   0.00   0.00   3000  0
159.74  1     -0.04    0.02    1      2    0   0x80001106    0.0   0.00   0.00   3000  0
159.76  1     -0.04    0.02    1      2    0   0x80001106    0.0   0.00   0.00   3000  0
159.78  1     -0.04    0.02    1      2    0   0x80001106    0.0   0.00   0.00   3000  0
159.80  1     -0.04    0.01    1      2    0   0x80001106    0.0   0.00   0.00   3000  0
159.82  1     -0.04    0.01    1      2    0   0x80001106    0.0   0.00   0.00   3000  0
159.84  1     -0.04    0.00    1      2    0   0x80001106    0.0   0.00   0.00   3000  0
159.86  1     -0.04   -0.01    1      2    0   0x80001106    0.0   0.00   0.00   3000  0
159.88  1     -0.04   -0.01    1      2    0   0x80001106    0.0   0.00   0.00   3000  0
159.90  1     -0.04   -0.01    1      2    0   0x80001106    0.0   0.00   0.00   3000  0
159.92  1     -0.04   -0.02    1      2    0   0x80001106    0.0   0.00   0.00   3000  0
159.94  1     -0.04   -0.01    1      2    0   0x80001106    0.0   0.00   0.00   3000  0
159.96  1     -0.04   -0.01    1      2    0   0x80001106    0.0   0.00   0.00   3000  0
159.98  1     -0.04   -0.01    1      2    0   0x80001106    0.0   0.00   0.00   3000  0
160.00  1     -0.04    0.00    1      2    0   0x80001106    0.0   0.00   0.00   3000  0
